{"type":"FeatureCollection","features":[{"type":"Feature","properties":{"name":"County Mayo","source":"Tailte \u00c9ireann Counties National Statutory Boundaries 2019 (CC BY 4.0)","simplify_tolerance_m":75},"geometry":{"type":"Polygon","coordinates":[[[-9.926344964101437,54.212084998369896],[-9.913025242650923,54.212415042979735],[-9.909210095894744,54.21389159291436],[-9.897834447777036,54.213373071136694],[-9.889420461421528,54.21448676059776],[-9.888445663706015,54.216183003654905],[-9.886611228147673,54.216829298563795],[-9.87610897712037,54.21770069922374],[-9.874504775941261,54.22209402659662],[-9.876793848251172,54.22644726069871],[-9.883703053674438,54.228456336198846],[-9.892810568920098,54.22900892751915],[-9.892204848335401,54.230400871254304],[-9.881869869000306,54.23368343269749],[-9.875244753007442,54.23263299347343],[-9.872683897924658,54.230411359505595],[-9.867226439872637,54.22957728898737],[-9.86860439758492,54.22757871795562],[-9.867410323833381,54.22562944999097],[-9.857806587137805,54.22340907548945],[-9.851377376865548,54.223823760015],[-9.848358202923313,54.22247020835562],[-9.84729042161862,54.22314966121167],[-9.852653963752296,54.22734134513109],[-9.85619550422728,54.226678688408064],[-9.860574307929348,54.227548322127255],[-9.864438292277374,54.23088110379254],[-9.866991550057394,54.23508978707787],[-9.874678031085324,54.239831461454486],[-9.880659826389337,54.24568330435199],[-9.876080166859719,54.24673303142816],[-9.873079533848225,54.250673497402296],[-9.871989067510825,54.250706680262674],[-9.877706763156803,54.25252980674175],[-9.879760659052002,54.25659649541146],[-9.878180383226896,54.257598881619415],[-9.876327230850192,54.25698571730447],[-9.871065233819728,54.258280505704604],[-9.871118167090822,54.26244023824029],[-9.872887937715497,54.26461248933042],[-9.870714103862499,54.26732704173471],[-9.867786301528833,54.26715384281632],[-9.866462381076298,54.268378174306456],[-9.868584402788812,54.27115209839481],[-9.868559857036823,54.272948010275805],[-9.86547063818919,54.273370749533015],[-9.864816701820525,54.27470082974611],[-9.859238608774161,54.275261485831386],[-9.856275469224487,54.274405489770636],[-9.850815301326188,54.275578237980206],[-9.845118728185785,54.27752952876571],[-9.8451934679728,54.27896058050374],[-9.84143636799857,54.279765456349764],[-9.841314884760337,54.28093783176771],[-9.837304031786148,54.27991299886387],[-9.832340837539101,54.28027176823257],[-9.816504352122022,54.2842827832421],[-9.811712635330512,54.28304545729056],[-9.805893173573415,54.27612527160949],[-9.803722585658038,54.269729585816336],[-9.802006162659081,54.26874107032567],[-9.797528930139029,54.26808826006596],[-9.794606851175207,54.266138369355275],[-9.778665684908905,54.26431687350759],[-9.777961734659806,54.26260630924547],[-9.768662169322258,54.259192277944486],[-9.764918415672822,54.25599084836259],[-9.756745435680998,54.2553239316078],[-9.752310210038226,54.25323927142426],[-9.75150364841124,54.25158400788738],[-9.743748485213926,54.25445847824793],[-9.743962720261289,54.25687693697964],[-9.740575049785951,54.25628443182166],[-9.73430717386135,54.259574805071104],[-9.7290569441977,54.25436804068903],[-9.721641779198347,54.2536704765439],[-9.71953090711304,54.25174076866142],[-9.72061681964727,54.24985761558552],[-9.716725034727206,54.248854768733786],[-9.716017006922158,54.245439677894815],[-9.715511946816594,54.24441548387373],[-9.715150963061964,54.24438725373626],[-9.716374306168348,54.248937715953495],[-9.720172799777238,54.24990703670219],[-9.71900846846782,54.25195576332249],[-9.721027411133747,54.25392276723876],[-9.723961886384421,54.2549740887148],[-9.728693418386756,54.25478986771486],[-9.73245483765666,54.259406338374625],[-9.731680619572339,54.26141748720317],[-9.728570716188724,54.26144107754683],[-9.72641308870905,54.26282794290773],[-9.72670975508937,54.264459729498526],[-9.721990917785975,54.26812598899626],[-9.722422352088298,54.27070098489677],[-9.722524051576332,54.268159262219974],[-9.727048508509522,54.26455293193751],[-9.726788256606925,54.26289249565386],[-9.72834413048443,54.26188194100441],[-9.731598178754906,54.262193005320164],[-9.740562859397167,54.257648185352146],[-9.744865424779869,54.259765122467556],[-9.748132310703186,54.25818990983034],[-9.746794760314721,54.256490498280726],[-9.747322923107257,54.25521582743478],[-9.749966933171946,54.25514127754876],[-9.753447984502012,54.258582064314616],[-9.750190782972352,54.26087793929146],[-9.756797943449248,54.26036164004688],[-9.763882661757439,54.26541683900643],[-9.771594238891305,54.2683992159231],[-9.779729022977065,54.26883932779209],[-9.785708340209824,54.27039986672561],[-9.790504596282911,54.27310577291792],[-9.801366153444327,54.2763324773351],[-9.805293421570171,54.279431787053596],[-9.802669059392922,54.28250873769415],[-9.808437638590052,54.287260725729624],[-9.805268172565537,54.28949067029588],[-9.80361854499345,54.29350679847377],[-9.796184831512582,54.29412514354349],[-9.794048348790962,54.29354769168528],[-9.791588835609389,54.29039545671364],[-9.788472338427107,54.28942719207572],[-9.786101860797187,54.286169593790795],[-9.783129982953495,54.28472452510595],[-9.766627653386193,54.28287430229142],[-9.764735527312974,54.28074382399244],[-9.763700448206093,54.28029904023038],[-9.765988801335672,54.28394235979526],[-9.76596621353456,54.28765557004551],[-9.766504137565406,54.285184147183784],[-9.767728329705431,54.284339996995506],[-9.774179350909428,54.28578156772294],[-9.776716320294938,54.28708260851716],[-9.777197127793336,54.288129773728976],[-9.776335394346933,54.2888498923559],[-9.777627283708973,54.28976287350699],[-9.78381900632382,54.29028476865091],[-9.781537612700102,54.291836625497666],[-9.783541168023909,54.2922217155043],[-9.790769227299789,54.297400164344744],[-9.796468283525654,54.298109568177935],[-9.804225150294686,54.29692704012733],[-9.809150225238787,54.29497594454491],[-9.812561507138408,54.29132292441945],[-9.818284655001298,54.29137522671466],[-9.822814584298868,54.29350524486372],[-9.821643493265041,54.2942548033958],[-9.82379077936791,54.2940953951048],[-9.831220650776451,54.29888596366713],[-9.836415582623992,54.30078871240987],[-9.842161759880202,54.300926237357096],[-9.843344178469481,54.29708261252434],[-9.845483898864313,54.295847075828654],[-9.846538391455733,54.29732428089902],[-9.844609957320683,54.29987455244797],[-9.845020762429716,54.30089063469997],[-9.842706015455658,54.30150853643217],[-9.843186093260755,54.303023924246006],[-9.844954655013094,54.30380177066651],[-9.849005510745258,54.30367630762695],[-9.851284222857291,54.30204365135372],[-9.852465625150057,54.303525454034144],[-9.855018342803449,54.30270977430657],[-9.857016447652285,54.30354724548899],[-9.859149570000524,54.30220581852594],[-9.862059728918405,54.303072495400805],[-9.86203296350541,54.305807570194204],[-9.856922393718294,54.30521338919466],[-9.853807150602885,54.30798341021143],[-9.854670576069598,54.30972636080907],[-9.854042507275004,54.31113278231538],[-9.85595467090201,54.31216693493568],[-9.855583659774345,54.313719005143255],[-9.857240125592478,54.31402856981075],[-9.857741657176254,54.31629226715379],[-9.860805407631792,54.317511248887435],[-9.857480353527198,54.31798679464158],[-9.85862082342476,54.318430805451264],[-9.857345942993954,54.31914486718631],[-9.860439743685205,54.320306481961794],[-9.858503131875816,54.321426177979504],[-9.859087611694987,54.32304473726003],[-9.857467962004163,54.3246388398998],[-9.854888307904377,54.32538095674135],[-9.847801240913546,54.32299821570146],[-9.84882756422941,54.3241997620191],[-9.845425435227474,54.32482996262907],[-9.845418444744178,54.325891058652225],[-9.842950567109842,54.32586083870423],[-9.837163590843273,54.32370248218032],[-9.834467896815033,54.327942836951216],[-9.838949344311324,54.329827702970356],[-9.828814502757307,54.330064725593836],[-9.820224897665723,54.335197291058044],[-9.821671918414,54.33784654985749],[-9.820173783040675,54.3367574574956],[-9.820375137703008,54.33769148171981],[-9.817695207273353,54.338421793801],[-9.816644722318264,54.33694584881069],[-9.814945508674983,54.33666594191342],[-9.81259320604052,54.33806380660073],[-9.814476496616596,54.33996245274753],[-9.811360363005695,54.34066846433514],[-9.811794789654055,54.34171891330092],[-9.810762010089922,54.34069744205777],[-9.80926611892262,54.34156215957451],[-9.808624624838062,54.33984816994274],[-9.808497534860258,54.340675527189546],[-9.807379914131342,54.339949771763585],[-9.808006602009419,54.340802706994836],[-9.807011889162242,54.340423302072125],[-9.807166408676384,54.34121574037587],[-9.805696520476415,54.340835182308226],[-9.805214896792005,54.340853191815505],[-9.806738190756692,54.341440453493746],[-9.806323186058682,54.34237550388452],[-9.80176141380897,54.342352192206455],[-9.79812341666453,54.34129916133379],[-9.79860946528664,54.339892017736815],[-9.796695528490321,54.34055941006426],[-9.797160720353567,54.33908820129105],[-9.796535220501179,54.33989333802753],[-9.796356852877926,54.3388539246351],[-9.793872908996653,54.33955658376771],[-9.79450144272236,54.33868444607678],[-9.792423194591722,54.33795469437282],[-9.790277490955987,54.33957966799523],[-9.78819977753403,54.339536798140315],[-9.78713332372942,54.341483707292575],[-9.788264576045986,54.34240110787773],[-9.786870929596148,54.34525033115064],[-9.784941516893658,54.34469403665657],[-9.7863151974233,54.34174530623982],[-9.783670372210675,54.34068361317417],[-9.781431627422956,54.343015301587045],[-9.77897096311726,54.3436473886471],[-9.780131959205605,54.3406588918873],[-9.78264700772754,54.33883576137325],[-9.7825960656441,54.33704973602279],[-9.783669245792145,54.336819403688146],[-9.782796258203797,54.336745233971584],[-9.784134801923047,54.334956164617516],[-9.783333869268793,54.334296843499345],[-9.784363241585162,54.33196983201847],[-9.782178384921743,54.33139753092239],[-9.779753157632776,54.33160451598093],[-9.778009896413202,54.33484428673977],[-9.777877036772441,54.337648334473265],[-9.775207782651762,54.33956518255236],[-9.773842792244023,54.338934560468196],[-9.773510777044054,54.33629722086819],[-9.77253121113486,54.33656217817152],[-9.773388078925986,54.335653654668384],[-9.771821444023068,54.336287587567064],[-9.772868306630421,54.33488122078764],[-9.770160910433834,54.33490483626643],[-9.768035703075094,54.33598733967325],[-9.76778446790173,54.33766369863068],[-9.765586645056022,54.3359371034507],[-9.764579826100055,54.33709304915349],[-9.76109703669695,54.3370907281602],[-9.758139808234237,54.33858264613219],[-9.758706570640825,54.33902229593869],[-9.757746864586762,54.33850061575053],[-9.75779622685247,54.340043780843075],[-9.756896761845805,54.34015194436721],[-9.757346174494993,54.33900269400385],[-9.755935189654865,54.34007725241616],[-9.75526154437145,54.339989718996414],[-9.755327647463188,54.339008344705945],[-9.753354220564514,54.34026543356516],[-9.754625977216774,54.33775908130949],[-9.754350933171049,54.33639578746627],[-9.753443526649367,54.33697547872134],[-9.754371199239836,54.33473158106476],[-9.752129612591357,54.33650416840997],[-9.750540629574683,54.33629693077627],[-9.750721453173176,54.33530679499709],[-9.750422684832337,54.33511286397094],[-9.750019132168553,54.3364825784622],[-9.748279444904385,54.33632597172691],[-9.748778083874608,54.334829995924196],[-9.747635897790584,54.33531036346529],[-9.74787675651437,54.33302565343486],[-9.746704135372912,54.332299296103486],[-9.747630117096627,54.33094899449183],[-9.741961858760877,54.32743198027006],[-9.735420014055036,54.32704646561943],[-9.732072282996999,54.329129586425665],[-9.731436144783839,54.32752375324451],[-9.730360109087796,54.327966099627815],[-9.730146236269961,54.32651182086691],[-9.724796004196856,54.327922825936845],[-9.723470272309802,54.32701500656474],[-9.72209677161142,54.32806107884436],[-9.722068592734592,54.32504062263098],[-9.714137317924042,54.3241820751083],[-9.71308019445686,54.32218319160401],[-9.710797970943263,54.323398217438324],[-9.711624688244964,54.31990261960733],[-9.710073252638857,54.31653277761196],[-9.710208709096669,54.32005681301695],[-9.704705304887096,54.323366378101504],[-9.703721296622822,54.322928823063215],[-9.703538257251349,54.3207251764029],[-9.696846883697711,54.3213478470028],[-9.69617969190474,54.31887715779255],[-9.692634600197657,54.31820880157036],[-9.691483503008278,54.31900480681872],[-9.688037991982716,54.31674829837415],[-9.684475488725157,54.31624863727915],[-9.685349738496592,54.31684919232921],[-9.684481380811082,54.31757868581343],[-9.675531607930445,54.316331089121526],[-9.671452079883627,54.32022336675012],[-9.667085270083648,54.3174532821691],[-9.665475241764593,54.31918840122127],[-9.664844731072609,54.317269023713095],[-9.665581285447852,54.316313627835164],[-9.66423945698556,54.316779892158365],[-9.665113280281671,54.315698166551904],[-9.66409565002802,54.31521636169286],[-9.664347382494588,54.31424515820883],[-9.660189539894144,54.31307851060742],[-9.6584313044734,54.31472444202793],[-9.660001933086276,54.31531110806435],[-9.656857455725149,54.315716568309796],[-9.656719941015895,54.317375786453496],[-9.648611176134262,54.31629418763937],[-9.650136015058177,54.31726007121439],[-9.645141719903059,54.31773845971878],[-9.64675152583014,54.31869596561815],[-9.646513656736122,54.31979587091633],[-9.643900557933136,54.3205125095421],[-9.644452738049472,54.321219924165],[-9.643025163318663,54.32370596571947],[-9.641290370676497,54.32451371000099],[-9.638752485246325,54.32403134738693],[-9.636160468527065,54.319945876254295],[-9.632802699105302,54.32254822074527],[-9.629476244012922,54.32175947643903],[-9.631436583869364,54.32334425340551],[-9.628528592098965,54.3235499068517],[-9.626018534457039,54.32587625916],[-9.624775033198203,54.32560582885691],[-9.62558528539291,54.32330832495097],[-9.62011960182079,54.32435072727386],[-9.617519007273048,54.326047983946346],[-9.615105981798585,54.323983194601176],[-9.61530486709998,54.32198268588633],[-9.612474228552601,54.32133168951404],[-9.608192314448905,54.32306165891578],[-9.599318032299196,54.324173176911195],[-9.59994371141489,54.320062536159625],[-9.596856804690965,54.322941542694224],[-9.592333501011037,54.32366015780521],[-9.591376221031926,54.323290411830044],[-9.591938214546218,54.32251774605233],[-9.589144341867891,54.32179389849093],[-9.588888114128151,54.320566105999575],[-9.584968817989749,54.320865524508136],[-9.582359214128482,54.31955398531209],[-9.579574713227451,54.31991470529797],[-9.577057950397853,54.32376484875692],[-9.574244100711482,54.320813586875005],[-9.569629299028847,54.32207987740576],[-9.565013172460413,54.3212106373214],[-9.561769509342103,54.32003317765062],[-9.563344555140898,54.31830932516088],[-9.561860285131425,54.31326754547118],[-9.553250743927302,54.312510586497304],[-9.55178920379782,54.3106473151998],[-9.549827795528346,54.31199213246445],[-9.548850055769956,54.31484263325042],[-9.546930871815473,54.31483058742167],[-9.547664544148468,54.31565458518717],[-9.546307013960773,54.316551702773154],[-9.532823850698524,54.31787084556584],[-9.531960228632121,54.31582028032397],[-9.536192063069647,54.311981841643636],[-9.53322083203315,54.31231332534004],[-9.52995398298617,54.309995160506624],[-9.526557455461784,54.31044189621508],[-9.525951969617681,54.31161248139873],[-9.525528303426851,54.30996881095659],[-9.521985210672495,54.31189058713156],[-9.52009970857773,54.30958308211742],[-9.517872050733766,54.309203500735464],[-9.513025044262031,54.31089619987939],[-9.509711435850274,54.3102071114716],[-9.507056772770959,54.31224358996793],[-9.505880439631754,54.310942097659336],[-9.505439782870395,54.314204686492324],[-9.502783551459952,54.31349448508362],[-9.501938131826012,54.314089152326936],[-9.502954030543505,54.31449300264777],[-9.502679749791692,54.316337689836814],[-9.499825541820469,54.31779580228312],[-9.503318638688887,54.316831478738656],[-9.504382402538358,54.317506057711206],[-9.500406305997005,54.320016427150065],[-9.497972390289878,54.31971966807834],[-9.49744969377047,54.3188164514873],[-9.498723343799147,54.31823890061593],[-9.496970052956529,54.31739569940926],[-9.492559399675438,54.317045587369805],[-9.490453465325094,54.31573324985653],[-9.486909249967722,54.31628432824814],[-9.487441633869977,54.31725208227629],[-9.486521579149358,54.31783043146665],[-9.483466643496744,54.315752643898314],[-9.482318230692853,54.31645613729337],[-9.47992938959819,54.31574053055852],[-9.47949316562311,54.317122124945016],[-9.480344976444092,54.31772656126864],[-9.478206593086341,54.31738086361315],[-9.478547180024293,54.31661947595303],[-9.47281081556996,54.313074722678984],[-9.470348272502562,54.31322413203762],[-9.469364384987168,54.311837116654125],[-9.463905552001345,54.309886455981484],[-9.460619329676897,54.31057761181318],[-9.452751876141315,54.306871064904875],[-9.450714263757423,54.30772045129669],[-9.448915876709254,54.311778071679974],[-9.442453900081452,54.31010351799475],[-9.441996570932039,54.30881433618004],[-9.438811457637723,54.31028602341776],[-9.438824384815286,54.30837868123516],[-9.437283701057563,54.30990967288816],[-9.434658115051356,54.309730038411054],[-9.433756894708134,54.31136644254693],[-9.432471742908742,54.31086634344205],[-9.431243120603462,54.311971189965455],[-9.43009514536955,54.31067241923939],[-9.429034376248095,54.31169583130036],[-9.427610442227575,54.31059845568505],[-9.424881654435247,54.311403045209985],[-9.41924874202213,54.310882196354264],[-9.418874476271728,54.30997192367244],[-9.414673880749175,54.31058077996493],[-9.41144027632112,54.308967178106776],[-9.409817575740197,54.30965272646199],[-9.40582048689037,54.3088171721277],[-9.401426490603813,54.310521286308386],[-9.396912679581321,54.308061329096866],[-9.393997790295103,54.309435838604394],[-9.389748394310512,54.306541575781964],[-9.389545363837234,54.30135072687921],[-9.388819340419213,54.30124889897698],[-9.389538916816175,54.301324453241314],[-9.391783852719279,54.29929868681832],[-9.388623104531407,54.298137089755286],[-9.386979922157341,54.29573650919317],[-9.383487939804516,54.29492030233869],[-9.376602945252035,54.29606027458507],[-9.375020342660855,54.30056001091716],[-9.37242267671687,54.30249589972815],[-9.374480897019119,54.3034139212465],[-9.374446004692107,54.304880560544696],[-9.36880748596802,54.308766751336854],[-9.36149588150413,54.30770050742977],[-9.360274655662193,54.30941633296997],[-9.363023556345345,54.31226103788093],[-9.359896260845952,54.3143037520876],[-9.356401222674629,54.314639425012835],[-9.35137805020906,54.31739162798147],[-9.346800875809986,54.31832241816999],[-9.344918862397629,54.32196995935772],[-9.347908502650496,54.32390362874697],[-9.348991048619451,54.32664920104508],[-9.343341072391233,54.327958975949095],[-9.338583139009765,54.325548013817254],[-9.336040516969351,54.32160325855011],[-9.329885933277513,54.32018664664974],[-9.328558265413026,54.31818296792304],[-9.327202405826814,54.319013500745456],[-9.323010506368062,54.3174702242947],[-9.315356823229871,54.31718261929204],[-9.312493754330658,54.31510205162714],[-9.304293547917414,54.316075182381795],[-9.291115450578092,54.31197433860867],[-9.281711705735763,54.3124616321505],[-9.275601370308062,54.31051477324353],[-9.273845752454047,54.31143877354157],[-9.273083577798483,54.31002008412585],[-9.27058869199134,54.31111649957398],[-9.265693582570734,54.31012993318255],[-9.265515943157519,54.30934955962872],[-9.26407309579,54.30984307637574],[-9.259062289285914,54.30677836970819],[-9.255086069523456,54.302937838092866],[-9.253738392355324,54.303215103977536],[-9.25172297477022,54.301643867184424],[-9.248483329909636,54.29558765207687],[-9.250914256855083,54.28991297662314],[-9.249700165577593,54.289565694256716],[-9.249673131280108,54.28939370026095],[-9.250734860426897,54.28975676134181],[-9.252595398090865,54.28689161455037],[-9.250667601364574,54.28152047359664],[-9.254221754819383,54.282269563431484],[-9.255913281987263,54.27994933307365],[-9.256572349157008,54.27576724066352],[-9.253549253177004,54.27133140143774],[-9.25412228760679,54.26977239946646],[-9.247696386510224,54.27133159779127],[-9.244397200641348,54.270260660021826],[-9.242194539519215,54.2716561420333],[-9.241288182081888,54.275560930437855],[-9.242242868532614,54.27806634331369],[-9.249076456418285,54.28087690299685],[-9.233092391202197,54.27856814940502],[-9.231005328527983,54.27979306508859],[-9.22757210642732,54.27886889003224],[-9.226822052390958,54.28115555194322],[-9.221841621534859,54.28636917342117],[-9.215704642760512,54.288074890060095],[-9.213749143966568,54.287521531751516],[-9.21007397133274,54.28285020009434],[-9.20821447009327,54.277433849199646],[-9.206565861252711,54.27562451376403],[-9.20932232626855,54.27389790370057],[-9.20971748418767,54.270772576947586],[-9.214596139735914,54.26456767367599],[-9.214537018152752,54.26195449380339],[-9.216408522098725,54.26084856582647],[-9.213650842597676,54.256659778407936],[-9.214479874104125,54.252085704254135],[-9.21647557674019,54.24944053994217],[-9.22052144946582,54.24539356952888],[-9.235930107114353,54.238751135028984],[-9.231986384398015,54.237513471130725],[-9.237750350225538,54.236794050277915],[-9.242287773865991,54.238119134664586],[-9.249972549718999,54.23341115197823],[-9.256958854859274,54.23365355615401],[-9.257098116053834,54.23201310618135],[-9.260957973829997,54.23085388185989],[-9.258733396980356,54.22967950950149],[-9.265669043348197,54.228557618809255],[-9.266920648100085,54.22580648756619],[-9.268342352547064,54.22513625140987],[-9.266740689131858,54.22532814286923],[-9.264450737870547,54.22765407638468],[-9.25569701659062,54.22772980192369],[-9.254888314559931,54.228252654402276],[-9.256007400447245,54.230190038535255],[-9.254252317797826,54.23156153372431],[-9.252484622786572,54.232052272509655],[-9.251549128797027,54.231028516463326],[-9.252129082944302,54.230095351543405],[-9.251144801891344,54.23041476497103],[-9.249383974572675,54.23236087477519],[-9.242410750865513,54.23437981056971],[-9.242954041413544,54.23494192425708],[-9.241807195676447,54.235938586117],[-9.235725902242562,54.235304811548446],[-9.237294637077797,54.23365578913249],[-9.23392418685841,54.23200137064234],[-9.233560229884283,54.23333407284059],[-9.232857005913402,54.23315623292594],[-9.23259610285921,54.233328220489966],[-9.233444461232873,54.233773247424466],[-9.228458595188801,54.234704303067666],[-9.226777308304982,54.236406824597545],[-9.221319320185357,54.238302250833456],[-9.21877237624612,54.240423036311185],[-9.215997553861838,54.245357411080654],[-9.195799284832953,54.247469824803495],[-9.192418127555314,54.24294467257946],[-9.193269086467103,54.24195641461356],[-9.192005448413509,54.239729505075324],[-9.193207165774927,54.236780565197364],[-9.198250427706919,54.2321367440506],[-9.19800675978809,54.22924258633724],[-9.206422628473858,54.22533624837078],[-9.207561895070409,54.22813615229804],[-9.201480257578421,54.23216736522106],[-9.202379134175121,54.23235966479281],[-9.20207163032313,54.23434506422389],[-9.206609129307807,54.234054505131134],[-9.204260413605855,54.23317926779571],[-9.210507978990714,54.23162578173963],[-9.209846109681093,54.23015504762191],[-9.210933445742363,54.2292078605756],[-9.216101392697864,54.22773508767307],[-9.218503739620493,54.22617255604818],[-9.215398013560883,54.2272334009555],[-9.213412658796413,54.22510115959202],[-9.216072024733164,54.2222220916772],[-9.210832401163287,54.2238586344594],[-9.213121330009141,54.22071628217563],[-9.216053337439329,54.21933459479483],[-9.21763103009532,54.220439912731614],[-9.216135499074014,54.2218136193433],[-9.218456513479639,54.22209223616178],[-9.217874806476196,54.22106788840185],[-9.220013507615192,54.220405668868416],[-9.21837533182675,54.21967312304167],[-9.221394630581216,54.218967302274244],[-9.221614920474938,54.22005873224406],[-9.222651930468555,54.22026194358028],[-9.2218411821775,54.21944341387571],[-9.224600658853785,54.21929647697643],[-9.224493247777497,54.21672203463792],[-9.220922619116307,54.216498430084805],[-9.215411098735125,54.21873831293634],[-9.216017095753719,54.2179279834068],[-9.21361478914483,54.217204915708315],[-9.215923351911595,54.21668346190439],[-9.219054515778092,54.212634166506945],[-9.213070096546893,54.21216840312322],[-9.20918082100416,54.2102107074025],[-9.208924762638649,54.20877317557504],[-9.20539425246674,54.21105534558906],[-9.194961272383942,54.209062762373],[-9.194150956334592,54.207427769928316],[-9.182766072418273,54.20850036022762],[-9.177926661821802,54.20643611565621],[-9.177898359953494,54.205605651478294],[-9.175057887616015,54.20536290336504],[-9.174433590572939,54.203076936518606],[-9.175226872679895,54.20234073193565],[-9.17306099564713,54.20138757159001],[-9.170664528815408,54.20188733226652],[-9.165576782110316,54.199946529430335],[-9.16284333093167,54.20213454438643],[-9.160724805705625,54.20181836851267],[-9.158452334391978,54.20004531677936],[-9.158727031109002,54.19762607386813],[-9.157067148223055,54.195789716354994],[-9.162385406123592,54.19425329125199],[-9.160684265616673,54.192892365757956],[-9.162141336992773,54.19169070607995],[-9.166080912840721,54.191279930079986],[-9.15605995801833,54.18693110279601],[-9.14687348507721,54.1857432449272],[-9.14299181052924,54.18285733597894],[-9.14511881902019,54.1818330834261],[-9.144401100608496,54.18007101020947],[-9.146216499547355,54.17634266523522],[-9.145307738378232,54.17395433875363],[-9.14283980170736,54.17369638784267],[-9.144254261208657,54.17293025170841],[-9.142543975642633,54.17206560390147],[-9.143077910616054,54.17087420934934],[-9.139487238126867,54.16902919578674],[-9.14029677665117,54.167462212980375],[-9.143543163346502,54.168525909797914],[-9.140366781152828,54.166101337749666],[-9.142247612919856,54.165041035312655],[-9.141114372592375,54.16206829824003],[-9.131055945444926,54.16211899085241],[-9.1240056329466,54.15916321173665],[-9.121311704739822,54.15535689057205],[-9.102823776410848,54.149284661260964],[-9.102262549099153,54.1478761576075],[-9.105843005056077,54.14505229668498],[-9.104652828089685,54.14400483170538],[-9.099473859576992,54.14260608301189],[-9.08986173695095,54.14296676164197],[-9.084462070893608,54.145961781343495],[-9.080328551387709,54.14479534598665],[-9.076349376129057,54.14594907808328],[-9.063296968377452,54.14478904422191],[-9.059186567480094,54.14261830882469],[-9.056464632769506,54.14260880519099],[-9.055832236951199,54.14320479130431],[-9.057396477994446,54.14407527845519],[-9.055996302305948,54.144174572037],[-9.056872412754464,54.14570625650461],[-9.054764847878424,54.14833658534465],[-9.055332324853651,54.15020992465459],[-9.051962991483355,54.15176449123699],[-9.054122787388764,54.15431836526933],[-9.052527732925943,54.15681798608482],[-9.04108438730888,54.157174598186],[-9.035254502147145,54.15468729423112],[-9.03425102341019,54.15307624189825],[-9.031471213084,54.153184700762964],[-9.028739462334968,54.15488974143265],[-9.030620185729706,54.15752302143963],[-9.027090266482151,54.15913730616429],[-9.02540695604786,54.16193252391279],[-9.022841696989467,54.16230332612892],[-9.019029881008985,54.15759802129999],[-8.997109602235554,54.15023603328532],[-8.964604495410837,54.14833414995814],[-8.95414404900055,54.144810671922855],[-8.936798145534711,54.14306178201376],[-8.939861013573564,54.138578241348874],[-8.947279897583215,54.138447469374846],[-8.947090741621778,54.1365874565003],[-8.94560437055083,54.13609976411052],[-8.94428035339404,54.13339479415296],[-8.945560039465413,54.13221452274062],[-8.935714527919307,54.13137839227954],[-8.937873897373354,54.12834962024212],[-8.937152625735177,54.12707180357637],[-8.932396972993502,54.12561755889431],[-8.923932936799167,54.12541945798987],[-8.921053356655737,54.12347203024002],[-8.91695666193888,54.118043396853224],[-8.921278917053973,54.11492349454824],[-8.923571964836079,54.111655258630165],[-8.935388235088675,54.1061334563885],[-8.946908757222417,54.10469981276302],[-8.952424259334244,54.10501258965364],[-8.959998711509789,54.102309597562375],[-8.95819137628508,54.097730859362315],[-8.953728437025909,54.0933147655086],[-8.955258525211942,54.08936689205499],[-8.970215523546523,54.085955216421624],[-8.966469276258879,54.080319237056784],[-8.965475922309853,54.073195280771074],[-8.971499125360467,54.07275519676291],[-8.975628041610292,54.07027677041729],[-8.983203182296334,54.06830310021357],[-8.987152325737217,54.065741944541216],[-8.987614649655299,54.06436910240296],[-8.991093201785405,54.06368915805667],[-8.992091475228433,54.061681017685686],[-8.998036871085462,54.060816499492404],[-8.999580892462733,54.05981827019486],[-8.999490658515082,54.05868879830984],[-9.00171025563124,54.0580000108668],[-9.006372926743689,54.05823100890654],[-9.00988131144087,54.05573148799456],[-9.008964033010207,54.055296503942564],[-9.009165275049563,54.05323347740715],[-9.01123491387669,54.053651686176025],[-9.014239870783866,54.05241583892641],[-9.014077778021212,54.050796275248864],[-9.015440548771645,54.04963672279988],[-9.014459002369923,54.048425951537794],[-9.015315595370996,54.0470139117453],[-9.014568432996578,54.04281183928854],[-9.01539326674142,54.04104999425818],[-9.016914060307839,54.04074870953664],[-9.014087420136036,54.038096445875496],[-9.01526120158621,54.037306286187906],[-9.016069843063457,54.03380610369077],[-9.010553744577473,54.03090951419382],[-9.013000235100138,54.030040465505316],[-9.013017499370257,54.02838145251611],[-9.019328756595753,54.02748993901811],[-9.018996775306453,54.02527833932807],[-9.011257596554058,54.023985442624905],[-9.001507259017892,54.02583779556569],[-8.994890132311767,54.0235690676722],[-8.983920612269092,54.026752158054784],[-8.981043882997353,54.0265788469421],[-8.976081272714767,54.024292215303326],[-8.969024073495374,54.02713417312209],[-8.968186828753458,54.02850018482546],[-8.970778913827953,54.030815100877575],[-8.967518855978692,54.031261522338404],[-8.965253643666646,54.03008156836579],[-8.964962832267924,54.02575819832825],[-8.95888760705447,54.023848420761354],[-8.954870782777066,54.021690412401675],[-8.95206353304899,54.01868812293859],[-8.946700397659137,54.01617196934509],[-8.94658368784546,54.01312667771016],[-8.94390763701876,54.00921027339572],[-8.935719449678926,54.009824124510075],[-8.923836734752989,54.00885858812399],[-8.908670882781674,54.01375519398734],[-8.911477641447513,54.01614905070711],[-8.899040220901362,54.01907908936626],[-8.895265629852139,54.0220554644666],[-8.887551682553303,54.02171374923355],[-8.88320473104099,54.022654808214014],[-8.883001590379163,54.0210776701712],[-8.88800359474194,54.010006856373124],[-8.887597063029,54.00773976793771],[-8.888852198769255,54.00718522539322],[-8.881282873918694,54.000138439574606],[-8.880766587247203,53.99808035151479],[-8.878348592446274,53.99762906120538],[-8.878542079272343,53.99584348610692],[-8.881200529355871,53.99310165090746],[-8.880702116158266,53.99172706966892],[-8.876600222251872,53.98882577816487],[-8.873693476969159,53.98984421437089],[-8.863794984524025,53.98984683948369],[-8.863857007785446,53.988722049540755],[-8.862228590063463,53.98797232753532],[-8.863133816875672,53.985728625148994],[-8.86256312970596,53.980371257146544],[-8.861228158531771,53.98047980664951],[-8.853407015230403,53.97358287265322],[-8.849031031932897,53.970984295825424],[-8.845222091690234,53.97219956670048],[-8.811018658301379,53.96549374817415],[-8.80824618520732,53.96669178744015],[-8.802695806014379,53.965739796268274],[-8.80016799696697,53.96673175589131],[-8.790447223655054,53.96548520995592],[-8.782524173861283,53.96628320868984],[-8.781599279411457,53.97261200271926],[-8.782503696807215,53.97344133345517],[-8.780962513544404,53.97450385447506],[-8.766597178737726,53.976647605496524],[-8.758062969834034,53.97586707786842],[-8.754270708949623,53.97666900326089],[-8.75361574010866,53.97851527706633],[-8.755632333009967,53.98222043336777],[-8.752782842535426,53.98340376392361],[-8.751346499310444,53.98274693764725],[-8.738489350932257,53.99474370773117],[-8.725081131203511,53.9875567661501],[-8.713777255718174,53.98776723935286],[-8.70891676135288,53.99159440611876],[-8.705963057472637,53.9966761657878],[-8.706435968102474,54.00088009257937],[-8.701070621574075,54.005245341603434],[-8.69132764961656,54.006440940220756],[-8.68175906068861,54.01138952857839],[-8.680950856146563,54.00955013944703],[-8.679066678806711,54.010415772714545],[-8.675348053839745,54.018423198089586],[-8.67783413528618,54.02023648704076],[-8.682435378784742,54.02967694521396],[-8.664469300119048,54.03162579792068],[-8.661267915968253,54.03634512119052],[-8.656637738343823,54.03632078220554],[-8.647372600355991,54.03901673779962],[-8.64567945905256,54.0374582314801],[-8.648335949392948,54.035790575194454],[-8.647443099851207,54.03349905961317],[-8.632958718550423,54.02766331672641],[-8.631026695673631,54.02561102506565],[-8.623812772693547,54.02406975313244],[-8.618425730048479,54.020691655091234],[-8.607089563995729,54.02161670099827],[-8.60713293223656,54.02025849005813],[-8.598407781039391,54.01666271523803],[-8.582864121440066,54.01290176723481],[-8.58981809331713,54.00579626202568],[-8.589502259324593,53.99894240964942],[-8.590285674463388,53.997416078906134],[-8.589459570485092,53.99699056185504],[-8.59078430410356,53.99654635455808],[-8.592980736393852,53.992509102964476],[-8.593051066550219,53.98847910022676],[-8.589884821929365,53.97971993408325],[-8.593006833919347,53.97639719155429],[-8.594197726398244,53.96676165438279],[-8.589833009678095,53.965118405298185],[-8.585084926347996,53.953817657508395],[-8.600434407634163,53.95828962168313],[-8.600556833708653,53.95728200334377],[-8.59690913467687,53.95433630447837],[-8.598752478774704,53.95008990493431],[-8.600931557084788,53.950398761505035],[-8.60769027023323,53.95509431754315],[-8.651032210714726,53.96597005337563],[-8.66368252138583,53.970826867636845],[-8.666673309845763,53.97493862895084],[-8.67755322219272,53.969718885946996],[-8.680137037733246,53.970840681019226],[-8.680695930439207,53.96957250490711],[-8.683119121293018,53.968766729329026],[-8.682993521413099,53.967356585497996],[-8.684572366862103,53.966651719504355],[-8.685262213983295,53.96476779573211],[-8.691484818617582,53.96281770007123],[-8.691650522239138,53.96200636207261],[-8.689955039373565,53.96139333976716],[-8.690641573123484,53.96064799808832],[-8.685814248706295,53.958551698805],[-8.686393387790325,53.95700488576065],[-8.685031509422194,53.954598227546036],[-8.68113554275548,53.95354060559453],[-8.676247610336535,53.950354994649985],[-8.66840790488756,53.94953212281907],[-8.66677502937918,53.948047006875726],[-8.672527598865871,53.94660758326348],[-8.681615583733361,53.94745104736699],[-8.678449789024564,53.942781326972025],[-8.686950329902094,53.9248989843788],[-8.680563271553778,53.923186920049986],[-8.685487156682314,53.91876011790597],[-8.667948403473575,53.91195348022324],[-8.666869777782043,53.908899446839456],[-8.661705203143997,53.905953106831504],[-8.648189938875703,53.9027025838837],[-8.64738550304989,53.90170368861616],[-8.639448318551453,53.901798872200274],[-8.633243382177312,53.89918720069746],[-8.634213373325744,53.891871296350686],[-8.63723987506138,53.890881850279655],[-8.6366278521764,53.889533705483416],[-8.626472557933047,53.88620863163688],[-8.625883796351129,53.884646554092335],[-8.620552742231954,53.881697517276926],[-8.623969719247023,53.88093577669494],[-8.626787351591716,53.88187287073976],[-8.6307531992921,53.88054361420114],[-8.629814625650223,53.87982052735613],[-8.630598623623296,53.877975920858276],[-8.637389910412994,53.87705948479953],[-8.638214789039989,53.872650575977474],[-8.635270956832725,53.87091036834439],[-8.635443828067658,53.86867527847005],[-8.6387896403192,53.866863482572896],[-8.6440391359426,53.86700648299366],[-8.647728301783724,53.86544358101134],[-8.676843817759101,53.87702713538578],[-8.682534557826639,53.873449700442144],[-8.703797753439657,53.87438367288],[-8.705697650420985,53.87299234232374],[-8.703477930655549,53.872235818392326],[-8.701331964977603,53.8694288858572],[-8.702438710365525,53.86827714040116],[-8.700687587366186,53.867481004650074],[-8.701469633795641,53.86673273565034],[-8.69949850952725,53.86318375056578],[-8.694258427351786,53.862410213815494],[-8.695183926972012,53.85551561292517],[-8.697295635132194,53.85492206075192],[-8.694443292170636,53.853875999534885],[-8.695449306691405,53.851932938699065],[-8.698597765777972,53.849940229353784],[-8.708130049947206,53.85011811880227],[-8.711048687004391,53.8468788302208],[-8.721241013960451,53.84847852269389],[-8.723757888345693,53.847104123674846],[-8.721245842537082,53.8443284005731],[-8.71778572130642,53.843102098883904],[-8.716413376048251,53.84048142184188],[-8.717755080059309,53.839817135866596],[-8.71675981806435,53.83951372885981],[-8.717301829453293,53.83892707503081],[-8.71471666511932,53.83771964260559],[-8.718115956827008,53.835550742083115],[-8.713877746542058,53.83472501351369],[-8.711316668699675,53.8319188276829],[-8.713093891010296,53.830077234613796],[-8.715449398134474,53.83071460832753],[-8.714130988521063,53.82932100628494],[-8.715367283483245,53.827967359807324],[-8.72198029773693,53.8272701633988],[-8.723017438083627,53.82435605607753],[-8.715507452017578,53.81948594341419],[-8.715552525036738,53.81722246141736],[-8.725438119224812,53.81382310482205],[-8.728126693214616,53.81511259789524],[-8.739434321891906,53.80993959896321],[-8.733173424425075,53.80630546834773],[-8.718537951233435,53.8027047982355],[-8.714162647606916,53.80321205666349],[-8.709089751377917,53.80224203696221],[-8.705137548472507,53.79725220454548],[-8.69968520177036,53.79621706105492],[-8.695097260980436,53.79682927058097],[-8.693889393890185,53.79817920837511],[-8.686311234986494,53.7929818323134],[-8.68628867377143,53.79154022983573],[-8.689161101975387,53.788218333131596],[-8.687088404205895,53.78729781964501],[-8.68011263057175,53.779946244609626],[-8.675924798463598,53.77756584934762],[-8.672573046843478,53.778067468091955],[-8.66627953677377,53.77703142868209],[-8.669217666386752,53.77259425605086],[-8.672932409833455,53.770771038641534],[-8.675912707290651,53.7708673146011],[-8.684255021629173,53.76662188689222],[-8.682972569061002,53.76432138951249],[-8.68062697505732,53.764054575657276],[-8.680229308736696,53.760193712216186],[-8.682038084916732,53.75747336895895],[-8.680460790046979,53.75616682655681],[-8.680130485567728,53.753200747989844],[-8.684914748807296,53.748931596793916],[-8.684443832523622,53.7455184593804],[-8.689312200667777,53.744929540638076],[-8.691165515736605,53.74268717293471],[-8.689963182736903,53.73959686766924],[-8.69484765346096,53.73960103632619],[-8.696490122120817,53.736177096262516],[-8.700558906057946,53.733742957541956],[-8.696541092364706,53.7304773205888],[-8.693336481414162,53.72397331517031],[-8.707496809612035,53.72472104837475],[-8.709770886942515,53.72353334428103],[-8.71446904621989,53.72469644030152],[-8.713624518986007,53.71421790114077],[-8.712198381424317,53.71412793875057],[-8.712886355437067,53.7121161915884],[-8.716777154900836,53.71215547997526],[-8.720562762746525,53.70999220387482],[-8.7226954764518,53.710750479632196],[-8.726175476534909,53.709911217776515],[-8.728581385024738,53.70842841740742],[-8.729079577961183,53.706514485630336],[-8.744036865150479,53.70320945637413],[-8.746483107009757,53.70357050830839],[-8.75029326684444,53.70071661383382],[-8.75609317895524,53.70075861078879],[-8.757748320768785,53.69764977068327],[-8.760773867187975,53.69694456403091],[-8.756297368834437,53.6929202527375],[-8.759318180132649,53.69086625262965],[-8.766939713674468,53.68946127054991],[-8.771713241066683,53.69018289309391],[-8.776000709081393,53.68807574529496],[-8.778805414045841,53.68918285120171],[-8.780207373233814,53.691215252964625],[-8.785144266029716,53.69235197033322],[-8.786180193577058,53.695588306076495],[-8.791430182002236,53.6961635698067],[-8.792878152170605,53.69390891239987],[-8.794565813481245,53.69361358069756],[-8.794630824011897,53.691943985177076],[-8.797891236309464,53.68963977982255],[-8.801681601322011,53.68167259609797],[-8.806606973084394,53.678995707001405],[-8.805625260158129,53.67761850828696],[-8.806986361582723,53.67680416432286],[-8.806911199346068,53.67481800942726],[-8.812741361231407,53.67193849221959],[-8.813696429136133,53.6694263067002],[-8.823718238442325,53.665709185492936],[-8.823288755653238,53.66498888778627],[-8.824918410755748,53.66313587079824],[-8.834940158823246,53.65901983945246],[-8.836415200841685,53.657319579802284],[-8.837892398672663,53.657525194378834],[-8.838069627793992,53.65618026535851],[-8.842540953378002,53.652998922771275],[-8.854369276707626,53.65315639896372],[-8.858271874356163,53.654653001931976],[-8.862009096290524,53.654453060777804],[-8.86630739164786,53.65672446554609],[-8.869438404326981,53.65494949606415],[-8.873726139807264,53.655495882150866],[-8.87630220882018,53.65370350806487],[-8.880228529532973,53.65375788037756],[-8.882751718611445,53.65249365591666],[-8.899490417523703,53.65295316271253],[-8.900306402880593,53.65259052375833],[-8.895486846812805,53.64871804155087],[-8.898716880092229,53.64740846636915],[-8.901391888455745,53.64210509477751],[-8.91201596499965,53.64393924511352],[-8.913016359797481,53.646167844586756],[-8.916630955157594,53.64698194764039],[-8.925324693024764,53.65328967887082],[-8.942739293075544,53.661910086551444],[-8.946658484954071,53.6616338623332],[-8.94833410752888,53.65903964349978],[-8.954787074734972,53.655733441157764],[-8.963079806057415,53.653987673611105],[-8.971401962952308,53.65535841062455],[-8.97906265528173,53.645193188133796],[-8.974971437055105,53.642369958078376],[-8.971576300425381,53.642520266619044],[-8.97505965357931,53.63809229950243],[-8.973091059752011,53.63371955176882],[-8.974569474224758,53.62978069846611],[-8.973994383239871,53.62737765840067],[-8.974939206330632,53.62541956019142],[-8.978840534295603,53.6242176616761],[-8.988230635635064,53.618656161147214],[-8.984555898081993,53.61572907084807],[-8.985204172809155,53.61360380415175],[-8.980776524231093,53.609610259168235],[-8.981214095019428,53.60729646791614],[-8.980264205258608,53.60499741767504],[-8.98454301936207,53.6045191274765],[-8.986577289946315,53.603118026705594],[-8.99006784163109,53.603159736250916],[-8.992746249405023,53.597145575314144],[-8.999736201211363,53.602264695056896],[-9.007023298385354,53.59877035222294],[-9.01540520158706,53.59820668192101],[-9.015412197945048,53.59682079696998],[-9.012506753766006,53.59575844461727],[-9.009042304807377,53.59112248788514],[-9.00682932001686,53.584077848236745],[-9.02323182310546,53.58043386847107],[-9.028625138873382,53.58068046802169],[-9.029180325467207,53.57928808247287],[-9.039220370809925,53.58161575523853],[-9.046181912727313,53.57673539832717],[-9.044113212990613,53.57634528142751],[-9.0415725716032,53.56799619850149],[-9.041847384353808,53.56600974780168],[-9.038722820965942,53.564398299025335],[-9.041419459598066,53.56167986385473],[-9.03534888285348,53.56016170403459],[-9.033001173134435,53.557849688405796],[-9.030531114774945,53.557514148221394],[-9.028817497267557,53.55214703221922],[-9.025284758241439,53.55164743131986],[-9.029341920688173,53.54851095451102],[-9.029583725954064,53.546800642046094],[-9.03205257282648,53.54667761916389],[-9.032366540572996,53.54533644960648],[-9.0345843365549,53.54498707212584],[-9.036949494080492,53.54289787401666],[-9.036401552064417,53.5418164030185],[-9.0375407135662,53.5408212370625],[-9.034086638272132,53.53897100871312],[-9.036022075038531,53.537953743931425],[-9.036360329799928,53.53644470602258],[-9.037940542504606,53.53571663567739],[-9.042471867044968,53.537006917502815],[-9.042900555621381,53.53623720208498],[-9.054673024035909,53.53542611512439],[-9.055057596537704,53.53238769278679],[-9.058247957823664,53.52758660488338],[-9.064588111758043,53.52511814521108],[-9.071182843182259,53.524273840836514],[-9.075176955560165,53.522108994121076],[-9.081632056993847,53.52133841315215],[-9.090174753372214,53.5160331899914],[-9.092070532824012,53.51609731970433],[-9.093629531671406,53.51494462110498],[-9.09380021309086,53.51227996883246],[-9.095619755350016,53.510175769784844],[-9.094958429899169,53.50214264964943],[-9.096226681007408,53.50090639720032],[-9.096255709793079,53.49907875098236],[-9.099026396377987,53.497263456533005],[-9.09936114325873,53.49381408103704],[-9.105869013142907,53.49241866347027],[-9.108739783213299,53.49515527798497],[-9.115875237136551,53.494287762887524],[-9.117029088604099,53.49128049850822],[-9.123098322271323,53.48591060337467],[-9.122568759184384,53.4846404902659],[-9.124633748930655,53.482134068086474],[-9.129528108410282,53.48240450087665],[-9.135201070576388,53.47740885335758],[-9.142049131451486,53.478307789782626],[-9.146544278356828,53.48099711116667],[-9.150662655403869,53.48074077249122],[-9.157602088059148,53.482737360770734],[-9.161669656253544,53.48051593630083],[-9.169378191365812,53.47975094399593],[-9.175415283239216,53.4765296581398],[-9.175000868080899,53.473881416439866],[-9.181587485236385,53.47200776543724],[-9.188254970296853,53.473186558415144],[-9.189796990604192,53.475302155982725],[-9.191902438494493,53.475701958679615],[-9.198187234214766,53.474013850088866],[-9.201405110682416,53.47526532270685],[-9.20495200463338,53.47250355068004],[-9.209445081358897,53.47239931720964],[-9.211175772209666,53.47347130162174],[-9.209124108778733,53.47538733388581],[-9.212497140642128,53.47849690874941],[-9.236583509904598,53.480245028854796],[-9.23555114595669,53.499449499992394],[-9.279148026050915,53.51535701636303],[-9.278719153420617,53.52537627131869],[-9.285518382765956,53.53145422781181],[-9.282703184034009,53.53408285440133],[-9.287818976514972,53.5380192775091],[-9.289280373137803,53.54054579371949],[-9.288244314841718,53.5408177087229],[-9.288388239082535,53.542876163251606],[-9.28386776008344,53.54213929441592],[-9.284518199883086,53.548015872964385],[-9.28868013608958,53.545869129745896],[-9.296062404573446,53.544447686065006],[-9.30679921811834,53.54553286767357],[-9.307171084298387,53.54864026340586],[-9.304477095237559,53.54847581575449],[-9.303564850750321,53.54939295967091],[-9.303476005847603,53.555329273916215],[-9.306293423586643,53.554595753391105],[-9.310789006144345,53.5553749236236],[-9.31456428615626,53.55079982903089],[-9.320262586236604,53.55015572781278],[-9.322333728731941,53.54574624821255],[-9.319195258497365,53.54402080804643],[-9.321117834965976,53.54258628918367],[-9.324016558867648,53.5426395536984],[-9.326332360297794,53.54042839375307],[-9.338336862512476,53.53998839928018],[-9.338301321487187,53.54125228379464],[-9.342218819620582,53.54158349713229],[-9.350297477015516,53.545479522774045],[-9.34934492583892,53.54605245233152],[-9.353173329410167,53.546849724822636],[-9.35342367292896,53.55186873789376],[-9.351399828104293,53.55583920946298],[-9.346765526622697,53.5600018002688],[-9.345670182221001,53.563366232512124],[-9.356657884340672,53.567882830020324],[-9.36090740697451,53.57360577856725],[-9.408757170624432,53.56837192202711],[-9.411983229089133,53.56757390722541],[-9.414409540065613,53.565533616852576],[-9.423392763413759,53.56406431959293],[-9.429580314201072,53.56394509767824],[-9.437537223087956,53.565459830636996],[-9.481312822459554,53.562281373089704],[-9.48143141538041,53.56612926860306],[-9.486396667736981,53.56434690211471],[-9.490338237315452,53.568123922787414],[-9.496068065508933,53.56851398562128],[-9.497730466037176,53.57052090179338],[-9.505851334979992,53.57193771461789],[-9.507586205913235,53.57323475772979],[-9.507399582721062,53.57473255743093],[-9.511412546997418,53.57567404700351],[-9.512411690554021,53.57698692119394],[-9.511997898418157,53.57829558229168],[-9.519940617795127,53.57788807655709],[-9.521770747434582,53.58042306524706],[-9.537014102042034,53.58196596982537],[-9.540822353597036,53.58206110033458],[-9.544213531642818,53.58082035707399],[-9.543586406641916,53.58125334586298],[-9.545178992297426,53.582072749996144],[-9.556982643003614,53.59969479115627],[-9.55736370509796,53.60123584704044],[-9.555250920529446,53.603479291712596],[-9.556300554378518,53.605188442057404],[-9.555542462556186,53.608042973258],[-9.558114130002282,53.611069679068656],[-9.564783419893695,53.6126012015607],[-9.57637059631886,53.60095201412043],[-9.582805038561322,53.59913240236564],[-9.589954952107547,53.60012616235111],[-9.600375663494498,53.604194676030346],[-9.610622717284421,53.60656402625342],[-9.620428746119481,53.60537601205005],[-9.62913011595708,53.60571908437564],[-9.635145297952288,53.6046766221129],[-9.642230134387265,53.60119962753316],[-9.647090778802482,53.60038770780735],[-9.652290389878187,53.602354768244375],[-9.659950699144987,53.61026534442943],[-9.669548721228692,53.61277286207276],[-9.670573136931607,53.6162267812713],[-9.67199392891919,53.617434802655296],[-9.672082012658608,53.615565542877896],[-9.674853106192584,53.61473457125168],[-9.675384838263534,53.61337197741686],[-9.676173573191999,53.614345592051116],[-9.67800104519265,53.613922840756615],[-9.677272788533152,53.61285605990192],[-9.682145206595122,53.6095872684305],[-9.698265594126928,53.60454258157897],[-9.715728092578887,53.60491378644481],[-9.741940969204954,53.60218841121044],[-9.751405035787123,53.603602239409604],[-9.750672570285836,53.604126206663004],[-9.751362579119139,53.60475122008955],[-9.749105934784666,53.605313594406795],[-9.752247312853756,53.606421262558236],[-9.751392822811347,53.60662170836483],[-9.751797452000291,53.60734085514341],[-9.753164442463758,53.60672441251571],[-9.752616576387274,53.60577384812435],[-9.758389548146898,53.60427865254538],[-9.757042414923227,53.60373937705871],[-9.76313294116337,53.60376207801729],[-9.772422650948526,53.60138813478086],[-9.784388688645246,53.60274623158735],[-9.799931668074256,53.6086629787246],[-9.803261300935482,53.61148802508738],[-9.814072377930048,53.615630049342876],[-9.825720515219096,53.61764707238636],[-9.840350129328446,53.623809564829315],[-9.858313434732855,53.625709887466314],[-9.858882322552889,53.62615717871757],[-9.856518470536143,53.62610432931259],[-9.859740989917121,53.62844711299039],[-9.866848194477889,53.63002843243391],[-9.865672526411043,53.63078982449852],[-9.879705199739595,53.63367589094712],[-9.878031794637927,53.63868328601116],[-9.87383568226201,53.6365048669184],[-9.870438797319347,53.636587440496605],[-9.87461117427424,53.639149764547746],[-9.880409081369171,53.63967045456845],[-9.878870949761339,53.64004311795877],[-9.878722627650713,53.64148586740116],[-9.883252151440248,53.642438466658255],[-9.886736381688026,53.64444990545856],[-9.886225416417636,53.645630109713224],[-9.883497591666428,53.64540085061311],[-9.881003680787181,53.64659538542248],[-9.880964012282927,53.64860388949992],[-9.892757998468168,53.64924906149212],[-9.896251948805142,53.65073520677948],[-9.898143283992674,53.65026472110015],[-9.905652542645047,53.65190985111596],[-9.910231060082602,53.65155774919795],[-9.91166369178199,53.653127784314464],[-9.914056351059587,53.65317028641786],[-9.911657856057328,53.65422547663584],[-9.914306102528496,53.65708137126005],[-9.913484040750308,53.65807913538389],[-9.91509437445936,53.66464575108908],[-9.910083810430375,53.67145023568833],[-9.909188896547347,53.67508904047055],[-9.90654451074057,53.67710220082935],[-9.910137115718513,53.682760368558235],[-9.919006992199026,53.688735544502286],[-9.919589743322057,53.68995406054662],[-9.917653449338093,53.691193544839365],[-9.91698934353673,53.69332932299279],[-9.918149754894685,53.69402715801467],[-9.918354245781442,53.69623685660212],[-9.92023131435999,53.69677725302568],[-9.913236929942427,53.699895300193695],[-9.911080162814734,53.70513728777977],[-9.91090771107137,53.70936409756034],[-9.912072808769986,53.711577488325716],[-9.900376756838265,53.72202397548294],[-9.894762982337117,53.73365194402585],[-9.894237186851251,53.738646847895836],[-9.895211871513903,53.740869163964504],[-9.898365099124959,53.74317128227667],[-9.897691386257886,53.746961595215446],[-9.89871032726614,53.7499696142181],[-9.900245645792523,53.751093620551],[-9.909807936149429,53.75257927644901],[-9.906324875105806,53.754595265797946],[-9.906800636820055,53.75623842313227],[-9.905005870405336,53.759308186841075],[-9.906188952485673,53.7603368928029],[-9.904557352962167,53.761502144681344],[-9.90577693481995,53.761911923566515],[-9.903794398115242,53.76197098192535],[-9.901561363455325,53.76431126225206],[-9.891910645999518,53.764908938963714],[-9.882742265475787,53.7635565546878],[-9.868426348736524,53.76641072364487],[-9.863503724361866,53.7687130569405],[-9.859325276375733,53.76833370710917],[-9.851545474952026,53.769581203456404],[-9.848105010496587,53.76894797607836],[-9.834296495856231,53.770604529290566],[-9.826580179335899,53.769428670201435],[-9.81988367114887,53.77201164025389],[-9.817529061154344,53.771628103795564],[-9.8165011232831,53.77329127442748],[-9.81099980157699,53.77393232935037],[-9.808789045527458,53.77616048969224],[-9.803069030794353,53.77854455967694],[-9.781829054483191,53.78246960330462],[-9.770111269548932,53.782029659572515],[-9.77079262646513,53.77956423036833],[-9.76817383103104,53.77808509536347],[-9.769894101388427,53.77821218163059],[-9.770536644837069,53.77694543095961],[-9.76594264372707,53.77478800510604],[-9.743994932383423,53.77474059452608],[-9.740491179918608,53.77375351574421],[-9.738083306868981,53.774383375111704],[-9.737507231335197,53.77357665743516],[-9.73736510557625,53.77463100372549],[-9.732299230858503,53.7743771229421],[-9.730477542039985,53.775712215545184],[-9.718976923629615,53.775930431096114],[-9.71822301432389,53.7767446591119],[-9.701962222241203,53.77870343686482],[-9.69632500100282,53.78211418287427],[-9.689392230249462,53.7840898484405],[-9.690026242485002,53.783192287635465],[-9.687984837352904,53.78302690265125],[-9.683099412456569,53.78505958991064],[-9.678881373600449,53.784473932296],[-9.673407762568422,53.785705776911975],[-9.668155936796946,53.7886860278981],[-9.662112955727626,53.78777779553403],[-9.658657789641625,53.7898514603961],[-9.656069682783812,53.794247782740655],[-9.654156945796654,53.79527665744662],[-9.65792220822305,53.78958280999947],[-9.662926970276395,53.78728487247754],[-9.659405888183658,53.78522427417803],[-9.658161600604156,53.781712705379356],[-9.641032097168408,53.78184040505572],[-9.639891878313527,53.785621538090375],[-9.641812667153772,53.786142714309605],[-9.641788722946522,53.78746573180223],[-9.640746268765687,53.787912313553846],[-9.639494005918255,53.78657903898465],[-9.639420725352508,53.787586851104585],[-9.636608655709134,53.788450797495564],[-9.62902346050952,53.7875317918135],[-9.62846309043816,53.78520502015209],[-9.626058460131006,53.78469515584038],[-9.627311902368184,53.784435228874734],[-9.626648397931794,53.78370008043408],[-9.621842382595402,53.78487158277798],[-9.619949113535393,53.78641862126645],[-9.612331673650715,53.78274434456279],[-9.615043571147678,53.781471317121245],[-9.614729970630725,53.78052053739962],[-9.618035893700497,53.781384942567776],[-9.6186266645504,53.78094548477287],[-9.617327760330017,53.78053614362132],[-9.629276640580912,53.77919772438566],[-9.629247375080224,53.7784760141933],[-9.60895183485793,53.77926684331366],[-9.607020265676127,53.780381343549],[-9.608196676841958,53.78371205534197],[-9.609989153305394,53.78508895994712],[-9.609379354360398,53.786452526933594],[-9.60486498122833,53.787778557202266],[-9.599974482181068,53.78703115488443],[-9.597230535825034,53.78927506243311],[-9.59588934286185,53.79344404195356],[-9.591486949904768,53.793283080327825],[-9.589777718522868,53.79449048805029],[-9.588476870306803,53.79395495705007],[-9.590151045550693,53.79139477068358],[-9.591172618660424,53.79295775104083],[-9.592981201136634,53.7924489334455],[-9.590498525942335,53.79055688624683],[-9.59068744718252,53.788034340728345],[-9.5918131810696,53.78787256475483],[-9.591304089686904,53.789276471127714],[-9.592596638158284,53.78954693800728],[-9.594211453346219,53.788706301633745],[-9.593808433064536,53.78768700819853],[-9.59692913213498,53.78833790839737],[-9.599341539266637,53.78703439652079],[-9.594729914747584,53.787530535153365],[-9.59652854186155,53.786149315034834],[-9.594841739446828,53.785683413654176],[-9.594996866880821,53.78488962163821],[-9.596947187787082,53.78459358026017],[-9.598613826021609,53.78631582411537],[-9.604017874403926,53.787500430157365],[-9.604861199875767,53.78719088189505],[-9.601289289323285,53.78567922666057],[-9.604482560029824,53.78551841209899],[-9.604952973961925,53.78658222714514],[-9.607148778744026,53.78602398815275],[-9.606129644826304,53.785237908650316],[-9.607812059825536,53.78590091065749],[-9.609306340205245,53.78492447455917],[-9.6077338601071,53.78321334570635],[-9.602020129554852,53.78171889600444],[-9.593759005989996,53.782391586818704],[-9.593478398707358,53.78114444451046],[-9.590308343704784,53.78190610863374],[-9.582271059751589,53.78043305731595],[-9.582289649534294,53.78225712618907],[-9.580336896552,53.78235497109622],[-9.58173191649274,53.78229321861147],[-9.582306723706928,53.784369895521166],[-9.5842939164,53.78426742082956],[-9.584490636322462,53.78544727092508],[-9.57634502166018,53.78756719185284],[-9.572819267841698,53.78697884274102],[-9.569908463313496,53.78855734118792],[-9.577221124734539,53.79086749231018],[-9.578849510923998,53.790816815057404],[-9.579993894913974,53.78883016265654],[-9.579478075043436,53.792794015518],[-9.571379802899168,53.79257059270926],[-9.569152382459004,53.79147766831689],[-9.566941144151707,53.79307147752815],[-9.560265011854746,53.79431241545933],[-9.562518907494638,53.794907013393214],[-9.561564068333952,53.79530482636064],[-9.56216868455187,53.796623460203044],[-9.565161047397918,53.7962264739415],[-9.56548330698321,53.797626040484865],[-9.566999186531856,53.796350997831915],[-9.568650885703597,53.79632274084861],[-9.56692980804408,53.79703037970229],[-9.566568841420676,53.798873673531936],[-9.565019947508715,53.799847510352265],[-9.563996855075198,53.79946172651826],[-9.56453589187786,53.798762019833724],[-9.559657659325275,53.79915926858604],[-9.557613053929636,53.79738175534855],[-9.555506307568711,53.79775002665104],[-9.553719062210941,53.79666638427997],[-9.551837895364923,53.79751027431351],[-9.55238944628762,53.79862854371336],[-9.550867029095976,53.80100628801272],[-9.561392364723,53.800814889926706],[-9.559227010783637,53.80145720092035],[-9.560672255389456,53.802849279568385],[-9.546809151364483,53.800285639308],[-9.543914285271649,53.80056608834506],[-9.544283886532305,53.804209808668126],[-9.545352302941932,53.80385281352481],[-9.54588335582291,53.804308621728616],[-9.546622945861206,53.80443782066988],[-9.54700905351968,53.80418853143272],[-9.545557115483827,53.80370541668619],[-9.546258131969333,53.803372192105314],[-9.545199139721465,53.80173489009857],[-9.546887382280584,53.800928618936354],[-9.554240326133323,53.80288392055848],[-9.552135197306962,53.804262642693615],[-9.548148332430095,53.80429298074334],[-9.549618934422455,53.80561872605191],[-9.556378363688278,53.807349024334556],[-9.557901438623007,53.80660755419261],[-9.563094406646744,53.807449215882045],[-9.567510405664201,53.80938345173231],[-9.570384827248828,53.807383730795884],[-9.574467256414351,53.80715715870168],[-9.566858117467735,53.80396636714911],[-9.564077460278895,53.80424625919445],[-9.56401598653166,53.80307977952039],[-9.567962351696712,53.802434768428654],[-9.569532240333057,53.803757815550675],[-9.580432831613313,53.805543587355025],[-9.582833331522103,53.804646747993],[-9.58307827193109,53.80562169787837],[-9.585641687987708,53.80609328189789],[-9.593008839823288,53.80554399196502],[-9.587347610665411,53.80260950565759],[-9.597458651033879,53.80328616277844],[-9.598818482188001,53.80521736461257],[-9.594683868401193,53.80595473538082],[-9.595172258550805,53.80773935093319],[-9.592533149431187,53.80857310064929],[-9.588286137653547,53.8077151156471],[-9.586735358664738,53.80870029412146],[-9.594788237750477,53.8119771069664],[-9.596283776672198,53.81173625694014],[-9.596975859667095,53.80994960142883],[-9.599626112549135,53.8113807693376],[-9.608348412731416,53.8121777713262],[-9.604094462840685,53.80899797622208],[-9.611416261391193,53.81149993601345],[-9.614610411884401,53.81147740066673],[-9.613763451812785,53.810227990605014],[-9.617836284714725,53.81203644204708],[-9.615790242239155,53.812545665899606],[-9.619575405038574,53.81302254737964],[-9.62426069071693,53.816044074403266],[-9.618858961537352,53.815404896046495],[-9.62285362426878,53.81684824525092],[-9.620794354267861,53.81787907639935],[-9.616101305939255,53.81793469819863],[-9.619158577912119,53.820089444231684],[-9.611102688027486,53.81650115627499],[-9.6107686979321,53.81500862962948],[-9.607225021849672,53.813788894355966],[-9.60774217734401,53.81426332150138],[-9.60676592608576,53.814614695895195],[-9.604196243918592,53.8136007484363],[-9.606341037172383,53.815067073925846],[-9.605173849277444,53.815058283652675],[-9.597940784051769,53.812445888253166],[-9.598552219194126,53.81446622192813],[-9.601347056341602,53.815134086269],[-9.597549199170608,53.81505461135575],[-9.60973870446841,53.817339445397884],[-9.61838069626567,53.82149416047067],[-9.622823106368633,53.8211641540407],[-9.627215235743375,53.82315796373443],[-9.626820225817086,53.826667344560825],[-9.621090024432903,53.82599547942479],[-9.614430139526679,53.821917761060035],[-9.612640289339765,53.821710993333596],[-9.613226326308405,53.82292359429541],[-9.611119003836809,53.823412267283224],[-9.60383090388594,53.82258967765338],[-9.603628954206993,53.82356153836971],[-9.614441015995,53.82545448856842],[-9.607829255215078,53.82568272321849],[-9.616202732062792,53.826498487330625],[-9.61883538096916,53.8281872839915],[-9.618909752245633,53.83043790906589],[-9.617041454212629,53.82961470278591],[-9.604629580097072,53.830419298207595],[-9.596193478783835,53.83352336308583],[-9.602147786715568,53.83536046770153],[-9.608389113369924,53.834158505593884],[-9.61009933839896,53.83166613047589],[-9.612202364124526,53.83117044548777],[-9.616656442601236,53.83095040534704],[-9.620073405653114,53.83244975520663],[-9.621039705899202,53.833123570974614],[-9.613062787036034,53.836515100833324],[-9.613074671935818,53.83774296076613],[-9.610373935274515,53.83773481474292],[-9.6187631555553,53.84065041926503],[-9.61668273173788,53.841726839181035],[-9.618037732678811,53.843792914536],[-9.617461898207651,53.844898761222574],[-9.610101676936896,53.84689763939731],[-9.601267084247542,53.84598025725869],[-9.601402246347305,53.84697733040055],[-9.599153078152188,53.848251857048055],[-9.594534141882987,53.84816177578804],[-9.589660512995914,53.84564162914295],[-9.585098069701845,53.84656575932143],[-9.568660967479737,53.84617903783538],[-9.563343981703218,53.84748532171167],[-9.569304322689227,53.848575003285454],[-9.576686283382456,53.847068285766895],[-9.58914782199248,53.85050635387252],[-9.593915584335894,53.85022700873592],[-9.601349214204571,53.851606246790276],[-9.59193720999769,53.8545933189861],[-9.591658498827384,53.85600640899804],[-9.594900019960939,53.857904071169166],[-9.588877012680049,53.85619552782265],[-9.584751393477458,53.856442614763665],[-9.579531337334835,53.854217458434476],[-9.587386690303722,53.852742741881855],[-9.588384248240766,53.85159075191693],[-9.587724572067598,53.85039512553113],[-9.573309596866482,53.848902712497114],[-9.570660812944599,53.85057254856941],[-9.586318454468929,53.85142875011306],[-9.581099681257147,53.851957819925424],[-9.579159623662692,53.85324886739747],[-9.561290768170762,53.84956416526806],[-9.5667825493923,53.85079509338634],[-9.562821137186468,53.85287747642386],[-9.573312836580477,53.85510331930992],[-9.563412154698478,53.85533735808729],[-9.561991070488714,53.8558299312831],[-9.56189146396246,53.85729421333263],[-9.59124153149824,53.858996977473794],[-9.572080019026087,53.859556711136946],[-9.570115685667202,53.861099547916744],[-9.56711398111647,53.86139495937438],[-9.562313616483122,53.86017712079427],[-9.563017448573616,53.85866985662713],[-9.562157350585151,53.85775377977342],[-9.553934108508562,53.856527567922534],[-9.558375331082607,53.859160228748884],[-9.55702255237528,53.86054171795637],[-9.559604258637377,53.86150348098736],[-9.564752673576107,53.862505916236785],[-9.577248679287433,53.86221179837424],[-9.574157172847544,53.864239783907905],[-9.57363775700953,53.865829336863904],[-9.568245757036097,53.86475662486894],[-9.566010692532263,53.86512109897176],[-9.565150780721542,53.86635877817335],[-9.558517740507847,53.86420017465447],[-9.55930450422257,53.865485505580615],[-9.557950762757827,53.86547300939546],[-9.557876419061062,53.86561849699298],[-9.562259565208539,53.866772629719854],[-9.585835163680022,53.866901728051566],[-9.586643316837133,53.86579552475545],[-9.589366034781811,53.865323478783296],[-9.602218226369054,53.86594071834107],[-9.597570653412369,53.866593737067156],[-9.594564175103908,53.86855959282345],[-9.586605045335325,53.86784599928207],[-9.589242457391478,53.86928227430783],[-9.5862219973914,53.869757209147956],[-9.582512921933075,53.86913058699819],[-9.582527181778644,53.8678722476958],[-9.56233201253072,53.870029709375636],[-9.561281332580561,53.871199984998746],[-9.562819102635496,53.87176069089392],[-9.567236221469589,53.87068592774711],[-9.566231280973685,53.87025887520888],[-9.577260767450944,53.86915874510534],[-9.58315059576333,53.87074806433537],[-9.574858297439668,53.873492481983334],[-9.566009053436767,53.87383241635583],[-9.564125585156063,53.87289085213838],[-9.561589026774259,53.87457353969219],[-9.55789276824249,53.87437435273378],[-9.551880376438877,53.876514070985465],[-9.5521325580496,53.87736899059737],[-9.558417711898832,53.87532521552682],[-9.564443831508106,53.87612375753011],[-9.577029839531928,53.875372460996395],[-9.58203147744023,53.87406836873651],[-9.586718333492893,53.874869996687515],[-9.585339918621147,53.875566853475505],[-9.585869970176192,53.876957256785154],[-9.593990043864588,53.87751038104064],[-9.579339357358455,53.876678939142664],[-9.578117028614525,53.87787912235084],[-9.57887319300951,53.87923875704726],[-9.577608052317148,53.879629421871336],[-9.572155510684166,53.879355165116756],[-9.567918569260879,53.877517747439505],[-9.563236726565494,53.87860521754097],[-9.565669652114675,53.88066968168408],[-9.565990978371119,53.88225403828061],[-9.56097100766272,53.88118852878745],[-9.560171695758273,53.88138000393674],[-9.562296227775644,53.88367557709189],[-9.566791404438597,53.88401687097917],[-9.569700080026282,53.88387486553228],[-9.567158145702615,53.88246109136112],[-9.570734441052103,53.88095030691095],[-9.580931858722687,53.87996314449189],[-9.586944887309567,53.88079977517699],[-9.576091445498221,53.88299279415817],[-9.576864978765842,53.884821961848765],[-9.571017631695247,53.884480579284876],[-9.560327852287486,53.88576975048217],[-9.553327052054188,53.88315840114159],[-9.545974982955318,53.88396022747256],[-9.553778732738639,53.883904659732956],[-9.55662260790815,53.885519346101944],[-9.552492079403471,53.88634771460385],[-9.560152708812605,53.88787398097859],[-9.553867078661312,53.8891444252642],[-9.55382774362125,53.89024982809518],[-9.554976798298247,53.890214232312175],[-9.554499290550357,53.89117789541478],[-9.55882534552683,53.889425706291064],[-9.565615201823922,53.88880838651156],[-9.560968061287507,53.887676088186794],[-9.562146373171304,53.88687894994949],[-9.579927643729272,53.886441405080944],[-9.587439705855363,53.88509124460098],[-9.58809481311517,53.88435595688865],[-9.586850382397225,53.883749471384014],[-9.587687527012557,53.883458431853896],[-9.59355588800125,53.884470019897726],[-9.601228922502163,53.883269231057355],[-9.591668570923941,53.88618407626224],[-9.572293936022625,53.888333495667396],[-9.5702692348908,53.8890545272203],[-9.57107029435457,53.890172001957914],[-9.56554532761538,53.888894307176194],[-9.567280537923153,53.89020348262657],[-9.564908683718613,53.89175755879299],[-9.56916875380848,53.893016076208205],[-9.576914048792307,53.893266581094984],[-9.578185313197814,53.89429190504492],[-9.575801434079446,53.89751484264205],[-9.572503764596503,53.89923965940202],[-9.57144417947084,53.89900520285238],[-9.569943750780736,53.8991441125754],[-9.573140488263547,53.90060010066229],[-9.571581707966725,53.90190290821538],[-9.57436375064578,53.9019176000835],[-9.57403059825579,53.8997975746322],[-9.577882712445007,53.898481946819096],[-9.577234944700052,53.89721084497229],[-9.582420286096914,53.8974931076066],[-9.57982366783816,53.89361695194627],[-9.585970146225455,53.88998104700443],[-9.584851796816565,53.88930033011638],[-9.587040824775897,53.88835278357962],[-9.594776597098361,53.888753699710236],[-9.591234699911972,53.88952452556078],[-9.59208085868405,53.8916272649549],[-9.589144853113508,53.89147123197201],[-9.589407420285806,53.89286622876021],[-9.586340496593111,53.893310862793854],[-9.586272128541589,53.89696153686088],[-9.587027795660545,53.897359798543015],[-9.589370768029493,53.89721474311647],[-9.589852198157079,53.89609038418537],[-9.595784064666237,53.895945714257316],[-9.599196702812149,53.893717341642066],[-9.602953506882285,53.89402285305277],[-9.600305902513766,53.89305798085641],[-9.600582989915704,53.89218030196524],[-9.60786102290609,53.89189606934278],[-9.608004537493487,53.890869985526926],[-9.604935860562415,53.889210269274606],[-9.601579603077171,53.888703737504244],[-9.607965367001839,53.88740581568404],[-9.613495764422323,53.88814307756625],[-9.613127505528361,53.88945759627395],[-9.61452437211349,53.890307516539366],[-9.61423585893407,53.892697055678234],[-9.610561408843493,53.89406928384446],[-9.621046414574533,53.89448794389159],[-9.617943338711235,53.89526207830452],[-9.62006526339727,53.89552866023499],[-9.621978428024821,53.89452504356861],[-9.619966590897942,53.89318572736667],[-9.626304909800961,53.8922679358553],[-9.630540775134158,53.88924612585021],[-9.636332902319527,53.88963125621634],[-9.63396806837798,53.89211284957364],[-9.62553030004949,53.894273992202464],[-9.626723694645133,53.896309647834975],[-9.629456749694988,53.89515332050394],[-9.637981188798621,53.8959916232438],[-9.639188841841614,53.895034193728954],[-9.638122397861856,53.894458400201295],[-9.64485104836598,53.892075969372556],[-9.655674192295907,53.89113635619219],[-9.648129643780994,53.88860923009058],[-9.64743371628054,53.88730119204503],[-9.6497183385842,53.886755884628776],[-9.658890662674171,53.89059493127308],[-9.650681618686862,53.89357450763136],[-9.651666225313583,53.89516854610087],[-9.654633918354037,53.89504936749587],[-9.650101632061597,53.896446453232166],[-9.654145972789223,53.899816344321636],[-9.65844843671715,53.89884110692529],[-9.654445331076214,53.89785798946601],[-9.665849045225832,53.89465431924284],[-9.662575890996093,53.89262245027694],[-9.666887761924405,53.89034719666514],[-9.669646676404659,53.89089636519092],[-9.670165717565018,53.89500704563276],[-9.664061109420533,53.897684196185715],[-9.670939219451492,53.896027748393415],[-9.674493682731299,53.896931701026816],[-9.678162498815851,53.89627277184618],[-9.68319279702283,53.89763786712268],[-9.678125555309592,53.900460187104514],[-9.686998875485157,53.89951390586458],[-9.689997466236871,53.90041136447095],[-9.690929518730448,53.90035397620811],[-9.690140482834327,53.899868487195384],[-9.69778060836545,53.89789132106579],[-9.705052931400605,53.89956952363715],[-9.698811506904564,53.90143243322261],[-9.700923556206314,53.901836440126516],[-9.703875464173443,53.90059418717121],[-9.712710256091235,53.89986895704966],[-9.715338276002711,53.89639053592452],[-9.719007955846601,53.89563137244742],[-9.725029915175847,53.89688161967431],[-9.716810923370117,53.899517516498584],[-9.721291623408703,53.90026595458341],[-9.72373394488538,53.89902577810334],[-9.732981699915447,53.89892008599783],[-9.741933078899988,53.902232377942155],[-9.742691305244664,53.901270060879554],[-9.748617311495359,53.900822318991366],[-9.742553389872722,53.89778920980281],[-9.742061736318306,53.89483399476575],[-9.740584342360068,53.89510044174891],[-9.741453149675614,53.89454926287327],[-9.73900994174599,53.89533502267127],[-9.732560524567518,53.89453256592501],[-9.731014030384893,53.89545414415163],[-9.729571454479075,53.894161600805035],[-9.73152097473714,53.893264272142694],[-9.739476403157392,53.89358869681918],[-9.744521188564077,53.89129073640688],[-9.74730688675573,53.89348308278302],[-9.75030222284409,53.893124935665],[-9.750682403144808,53.89451062820419],[-9.756432246724676,53.89788128519899],[-9.76066079536845,53.89804361411352],[-9.77004307403913,53.900937281307286],[-9.7690578156274,53.90044702882666],[-9.770140064408208,53.899888567494024],[-9.771368034349083,53.901729289173794],[-9.776043571952163,53.9043157183573],[-9.775468149632443,53.90513780607222],[-9.776263262393487,53.904885863949026],[-9.774297505346711,53.905519760557006],[-9.773167053780687,53.905317216637506],[-9.773608251699752,53.90549826569595],[-9.774122130656318,53.905659590154094],[-9.775828335218973,53.905399107376205],[-9.776838132556016,53.904947565657906],[-9.785210247907866,53.904847884739475],[-9.783675954398714,53.90424045037173],[-9.784687645649335,53.902055365639],[-9.781836771786882,53.902546846405116],[-9.782471552226209,53.90444996131391],[-9.781452844793527,53.90215353069278],[-9.78217952762713,53.90022485638736],[-9.78367934208702,53.89978666794603],[-9.775928773830941,53.89722922014659],[-9.784989612856705,53.89743414516406],[-9.793102759471626,53.896046079263755],[-9.795235506703923,53.894538631603],[-9.796567985153851,53.89008452957118],[-9.801592994022139,53.88846154616009],[-9.802349515676678,53.88535444626142],[-9.811907719119397,53.880893948007646],[-9.81449907525715,53.879395782933074],[-9.810805309009071,53.88025362040099],[-9.816497361756875,53.877383053303994],[-9.830281112207443,53.87466620959815],[-9.833088165316148,53.872876122826746],[-9.843262633806573,53.87280853665255],[-9.849942399113244,53.86989065734016],[-9.865044290787058,53.86642173617428],[-9.881637019761826,53.8644989439022],[-9.889827664089278,53.8663963644448],[-9.896920750837495,53.86582526313087],[-9.900822055006405,53.863901872488675],[-9.900647796955322,53.86259386548433],[-9.90544150679873,53.86210711090621],[-9.916445725609568,53.86887183939481],[-9.923453597922604,53.87054116733177],[-9.942694844537717,53.87078994098422],[-9.94406908275031,53.87313339097657],[-9.936107599679126,53.87158827762498],[-9.93571213851386,53.87280869762526],[-9.940980445738052,53.87578897190474],[-9.94187754251823,53.87778620037154],[-9.93450696856636,53.8758952990886],[-9.934762094211022,53.87771245020695],[-9.933726042713781,53.87854399173357],[-9.9283577850775,53.87870163397558],[-9.93227977813797,53.88182700258315],[-9.93177546443002,53.8839808118592],[-9.92468220265573,53.8864356660988],[-9.923122260722822,53.89016026981725],[-9.924250072289116,53.89108032305933],[-9.922954464681489,53.89180128070427],[-9.924759655392767,53.89411143249972],[-9.924379881539332,53.89577004452497],[-9.927240007862427,53.89639847719788],[-9.92855309393162,53.90269680476777],[-9.930856176195865,53.905210210739924],[-9.92976774690374,53.908735624717174],[-9.930622249838692,53.91152840788842],[-9.927636650011587,53.91396723088997],[-9.920031572593698,53.91554484977787],[-9.915316048768501,53.91770817575755],[-9.91422001065735,53.918877768092614],[-9.915121043345733,53.92081036279906],[-9.91410831631885,53.923046071074545],[-9.912608835001746,53.923051273929204],[-9.900436178961542,53.93399988884389],[-9.903403691194967,53.93344170839135],[-9.902740356325742,53.93455758340272],[-9.904945442333117,53.93545126024292],[-9.903958308595147,53.93641031338888],[-9.90652181620919,53.935405704911474],[-9.903884798322723,53.93491617424026],[-9.90475474013606,53.93353845237614],[-9.91023765264967,53.93349736652803],[-9.912640224403964,53.93166552367442],[-9.920389866110874,53.93313583830739],[-9.923036338223897,53.93227756187228],[-9.925017755750682,53.9281826083282],[-9.927954479432463,53.925889493579305],[-9.932040966697505,53.92426580882399],[-9.936884710594622,53.92501740228528],[-9.937869608196698,53.92354617885695],[-9.940625069815486,53.92289805265721],[-9.940426074533475,53.919251803969345],[-9.933306550931468,53.92133574748616],[-9.932314146191302,53.92031221615888],[-9.93357060027664,53.918152967371384],[-9.93114394479648,53.91736983925353],[-9.93545913044338,53.91669498488171],[-9.93971150556269,53.91368772532882],[-9.94534403131022,53.91666248468172],[-9.947805955713493,53.915639998515275],[-9.948891591945094,53.91766593773454],[-9.9513889625479,53.91844518739379],[-9.94898811371278,53.91753316000231],[-9.948417627679786,53.91521226320667],[-9.956611224466497,53.91125463441058],[-9.957842514908709,53.91007179578545],[-9.957273002562678,53.9088274998779],[-9.953336937068803,53.90785611824855],[-9.952619864141194,53.91058878428116],[-9.94987207685375,53.909512121457084],[-9.945575334228028,53.91045366938247],[-9.941670727977789,53.908839731810566],[-9.939342891626668,53.90237401362311],[-9.936645547671404,53.89867479932026],[-9.937851496953748,53.89322333422784],[-9.943441010071,53.887866091169094],[-9.944047905264426,53.88292241602757],[-9.94900148771774,53.877619095284544],[-9.944034414026673,53.87569021720596],[-9.962536568502118,53.87439966141773],[-9.967161743011786,53.87637273287092],[-9.967836560049669,53.87880597314921],[-9.97755901520368,53.88348171813895],[-9.976731580536452,53.88453214109263],[-9.983128701390703,53.885019238454376],[-9.981317132289117,53.88650568064397],[-9.983453713836182,53.887006802191465],[-9.982821736983349,53.888232928723426],[-9.98606402857008,53.88699504291114],[-9.991267441532182,53.88865510148752],[-9.993005496137638,53.89182476074651],[-9.994813519826419,53.892767107917734],[-9.993823855005836,53.89383442046712],[-9.9987092854572,53.89492307828983],[-9.999288696324145,53.895732186125564],[-9.998022588921952,53.895735411988795],[-10.001772907142607,53.89703235490047],[-9.999995007244594,53.898322187362886],[-10.000815704548527,53.89898199781196],[-9.996531610628375,53.89957088101553],[-9.992569635210522,53.902595604762006],[-9.999333255597392,53.90416518951353],[-9.996578653044624,53.904440022493006],[-9.998929028934079,53.90517588108476],[-9.997896344097086,53.907162596017535],[-10.002442936725016,53.906690797256076],[-10.00209353585897,53.90821738972734],[-10.005915361604426,53.90784393686876],[-10.004846972995662,53.909917996467755],[-10.007444574468916,53.90891323426856],[-10.006808341546702,53.90944740989187],[-10.009711488894496,53.9100058632881],[-10.007368745672828,53.91097188165168],[-10.010063303572727,53.9103904998627],[-10.008272100170235,53.91173966843086],[-10.009608055627323,53.911542588079406],[-10.009709933226699,53.912825404340026],[-10.010525989866636,53.91123925810774],[-10.011569930089443,53.912941433478],[-10.016094705130278,53.91194043988254],[-10.015867250217164,53.91597968746109],[-10.01695501976246,53.91663227191692],[-10.019507333185176,53.915535698044195],[-10.020165593402329,53.91653052489911],[-10.01757788489593,53.92021194147756],[-10.018872132392568,53.921075729715426],[-10.021995726614684,53.92089883231631],[-10.022094111988539,53.91853919714187],[-10.023195649970353,53.917805480245605],[-10.023623398226725,53.918931548199446],[-10.024609494173779,53.91838307891496],[-10.024368422874563,53.9205925290387],[-10.023774371323457,53.92069323153266],[-10.023790174170294,53.92092261174063],[-10.026608343866105,53.92165831927952],[-10.03291508072122,53.91807141790912],[-10.035181998483123,53.915140563037376],[-10.038182553837274,53.91420557771675],[-10.03898796203964,53.9155029244183],[-10.040137143631101,53.91429585809951],[-10.042029409883577,53.91484236370064],[-10.041065692714144,53.91583419176904],[-10.042745103584947,53.91549663322716],[-10.04173686751554,53.916202629856436],[-10.04548150369247,53.91518662195445],[-10.047827688068248,53.91647852578232],[-10.048288777822554,53.91615961758013],[-10.047426927230756,53.915645764485085],[-10.047451054324226,53.91521887186454],[-10.05135425154941,53.91509984456661],[-10.052436840985793,53.91546581196874],[-10.049591824082952,53.91644605444047],[-10.050743933716292,53.9165657072751],[-10.0499287223823,53.9171884213137],[-10.055274053944482,53.917297334552856],[-10.053305848850723,53.918353678133144],[-10.055046475438372,53.91960674402491],[-10.053052948803106,53.92189943122009],[-10.055009980345707,53.923789467148715],[-10.05635207476661,53.923131118857135],[-10.05564830685478,53.92396493734679],[-10.057875344138825,53.92517175031762],[-10.052941555247227,53.92750803625479],[-10.053873437207079,53.929846527860214],[-10.05186128058161,53.93157811865886],[-10.053323231105304,53.93382425469547],[-10.051181508593057,53.93562925738398],[-10.055974294349316,53.93789566421574],[-10.05421424890157,53.93991746726261],[-10.05225495967098,53.93938245620786],[-10.053694036801195,53.940036978665034],[-10.049835764502241,53.94442473909824],[-10.052354700800587,53.94590944902285],[-10.048253917823839,53.94830381392337],[-10.048427631926225,53.94988932389464],[-10.052314975232692,53.953553043391004],[-10.045408348874062,53.95647443672097],[-10.044894358012122,53.95849832653113],[-10.046615965008984,53.96118307151976],[-10.05068175812543,53.96408606388454],[-10.06643425648071,53.971594466106296],[-10.07738301899674,53.97352603848728],[-10.085601918780702,53.9721027368259],[-10.089921424519325,53.968240531989224],[-10.092838550145776,53.96755339162271],[-10.094388699249299,53.96582352704217],[-10.100336432504724,53.96443004444409],[-10.099390890520938,53.96362155420535],[-10.100946058761526,53.96285829121731],[-10.102615560429284,53.96481303636249],[-10.109362777628455,53.96622599931587],[-10.11339911459287,53.96214793606656],[-10.116275620162783,53.96074013250084],[-10.11807321976641,53.96195907187716],[-10.117386469089375,53.96386845111292],[-10.119259557450565,53.965605883823194],[-10.12037112445222,53.96902395007088],[-10.119278042619968,53.96962795699559],[-10.120580463743279,53.9693509363876],[-10.125785064869145,53.97367879145422],[-10.13008596561633,53.97386287917131],[-10.13573359704023,53.97006477373871],[-10.14021167939542,53.968618407152],[-10.1456145568156,53.96956596000069],[-10.152132954101964,53.96764895792437],[-10.15521414066551,53.96537857555253],[-10.158364426194725,53.96778072069734],[-10.171122603749046,53.96774314388737],[-10.172480068812106,53.9688441349038],[-10.175205608024392,53.96792972124409],[-10.189240455806479,53.96988142862386],[-10.193167091460928,53.96827762466723],[-10.194850320553213,53.9663378939067],[-10.189053009187717,53.96323367503936],[-10.188031571895044,53.96175044580885],[-10.188542279362755,53.96068131872792],[-10.19836540018404,53.96200671941201],[-10.203473301893204,53.9641990480372],[-10.2011429647707,53.96379463435087],[-10.20187739316253,53.96457569598475],[-10.204585502521681,53.965201278383766],[-10.212448078319321,53.96563474367959],[-10.214709900594965,53.96838427848792],[-10.221617911728863,53.97192307238348],[-10.220746900306978,53.97268564717282],[-10.222414884663808,53.97435662224552],[-10.228219149684845,53.97397648815327],[-10.23130810057222,53.975334443129064],[-10.233947934619206,53.97474239607588],[-10.235817349954912,53.97611946083545],[-10.234802893895816,53.976932993715025],[-10.235450939541016,53.97810732536841],[-10.238004495728257,53.979656741720326],[-10.251401613704388,53.97550284036553],[-10.257254938314826,53.974195171374085],[-10.259339726739775,53.97467173945955],[-10.25479766565732,53.97710695379046],[-10.238278394783531,53.98236781816414],[-10.235134918929557,53.98123908835516],[-10.228132223772569,53.981055267648436],[-10.226365686116994,53.98206574284288],[-10.219450229056077,53.98254728603215],[-10.216975282870225,53.98025989083505],[-10.21260985268372,53.979721913652014],[-10.208526336564553,53.98189160415778],[-10.205776017829665,53.98469557208931],[-10.198427471634474,53.9882324171067],[-10.193411852760468,53.992594306732784],[-10.18863102445427,53.99503053805062],[-10.185677083067937,54.00111982719708],[-10.187747251131864,54.00063338214911],[-10.186703593550117,54.00117806854832],[-10.187497541176494,54.00186567494825],[-10.185188309041072,54.00225329932838],[-10.185363970635168,54.00366403538286],[-10.186533959039092,54.004790961245384],[-10.190020698636898,54.0049843640946],[-10.191302900913472,54.00649266173338],[-10.187887558613296,54.010461294785394],[-10.189459299179715,54.01251442914206],[-10.188560058128903,54.014086353806114],[-10.19069003444521,54.013712077004115],[-10.190455095488758,54.014353290696434],[-10.187294663389345,54.015837495333116],[-10.185128135879005,54.0137539496764],[-10.182256384380713,54.013682208881114],[-10.182401721051209,54.01242056656226],[-10.180214818710557,54.01364069353469],[-10.178928007628427,54.01032065800646],[-10.176758983832134,54.00885652210625],[-10.17305507478465,54.00881951724335],[-10.171525132110085,54.00739437671052],[-10.167348781818294,54.008139350625854],[-10.164600682745963,54.007390975511335],[-10.155828706908954,54.009750680392386],[-10.145139080396316,54.00862372163305],[-10.145643153460936,54.007091744716064],[-10.144126069347163,54.001950625239985],[-10.134504131881911,53.99925361565331],[-10.13109727783249,53.999522275921414],[-10.127861661723013,54.00120624249366],[-10.127718465811759,54.00240254448337],[-10.119559708826895,54.00186995733759],[-10.116856777685824,54.002784959113605],[-10.113439043114061,54.00078842000046],[-10.102845847213999,54.00081753133723],[-10.098296779358025,54.002030006119824],[-10.099217356923065,54.00225467383722],[-10.09933148333317,54.00433201572672],[-10.09730940547959,54.00723763109503],[-10.098315351742523,54.009490816278465],[-10.09463230921734,54.01083866998774],[-10.094141849235335,54.01004473520981],[-10.090340164237857,54.01076106505273],[-10.08919744666941,54.01366733147742],[-10.084227928737691,54.01451953196689],[-10.085174564143546,54.015395352120024],[-10.084704797893668,54.017317057777575],[-10.078042816940153,54.02013241527767],[-10.078075443678399,54.02121434311567],[-10.072367818781768,54.0229726138971],[-10.072163712664912,54.02416545140595],[-10.070344129791726,54.023505886777244],[-10.07083513866857,54.02433606288992],[-10.069686573822333,54.02485378429827],[-10.06783524177008,54.02377293510334],[-10.061250877908678,54.025644930580114],[-10.059832135817242,54.02558515520539],[-10.059814982049328,54.02453535342202],[-10.055025097904457,54.02540583644963],[-10.048005087728725,54.024771897531764],[-10.047672881418421,54.0255315070032],[-10.042925081830445,54.02446150023718],[-10.032155374664088,54.014498336924596],[-10.027153147974278,54.011593271223425],[-10.02014175806498,54.012754560636914],[-10.013459070529972,54.01684987503567],[-10.012065036369448,54.014552022793616],[-10.004665460406901,54.015693671243326],[-10.003341715637756,54.01506116753982],[-10.001286534400705,54.01612352841099],[-9.99686676261102,54.01300018177088],[-9.988083105163069,54.012272709335654],[-9.986464802971021,54.01649300607239],[-9.988574245100391,54.01835986770262],[-9.988715247275033,54.01978159044379],[-9.979459782608371,54.02097030649075],[-9.976861510804106,54.0251596068511],[-9.977995995955688,54.027874795572785],[-9.97482465998828,54.03008346729691],[-9.971005564790227,54.029042615787816],[-9.968117140297055,54.02693357303352],[-9.964279782433545,54.02255166602308],[-9.964931359454305,54.022139614156664],[-9.960582757446605,54.01841610779259],[-9.954061484190104,54.0171172992416],[-9.948342971851158,54.01247329156806],[-9.943102129776733,54.010961526700406],[-9.941921458893813,54.008935482768734],[-9.937618068942262,54.006438766490284],[-9.939999468763773,54.00235388425494],[-9.936079175656845,53.99967319357345],[-9.930223283283073,53.99802330282111],[-9.928766901460536,53.99522412381452],[-9.932105755556139,53.99368917612217],[-9.936592142554161,53.99354793507297],[-9.937363854680866,53.99216628856357],[-9.936107545727307,53.991067698939226],[-9.943669853461099,53.99040618703034],[-9.946260904062932,53.99162293192479],[-9.950333403836689,53.9902888939286],[-9.956017744343113,53.990873799582644],[-9.956405014552326,53.98974610628765],[-9.958783128870728,53.99000173812942],[-9.957752196320339,53.98923917477341],[-9.958700052895484,53.98869436691069],[-9.958213163267807,53.987809046435565],[-9.953234278271617,53.98596589926887],[-9.953325784750803,53.984580118984184],[-9.949935325053229,53.982201074442656],[-9.952488502496964,53.98127731496093],[-9.956036224051063,53.97778819887987],[-9.95301308309036,53.976837894125794],[-9.953114317035071,53.97503804870135],[-9.958316007818855,53.97436506269661],[-9.95878869707419,53.97280109992465],[-9.96134718566602,53.9718161223494],[-9.961672932524886,53.9708397466071],[-9.95804888611215,53.97208699049785],[-9.957612576035753,53.973625452908855],[-9.954990674625261,53.97341641836729],[-9.951635928842132,53.965553999334794],[-9.951874614773384,53.96280812214513],[-9.954920880411992,53.959847027273184],[-9.958619756622157,53.958859881850366],[-9.96049303877529,53.95679071099218],[-9.960661932438125,53.955132416058845],[-9.957821123752323,53.9530537355073],[-9.957903428424267,53.95111711602165],[-9.962053982363164,53.95063965870061],[-9.963415247333382,53.95257724513828],[-9.966054467699813,53.95266438915246],[-9.966743609553918,53.9515851225934],[-9.969848164745146,53.95085473871343],[-9.95832774128681,53.95011455760988],[-9.958555301890598,53.948597734698104],[-9.955445206969769,53.94981390439798],[-9.953987069312168,53.94922474529071],[-9.953885427679571,53.95033689121718],[-9.952479648306465,53.950453729013454],[-9.948411960219032,53.94750891557452],[-9.94519543476238,53.94666476093676],[-9.943732669495565,53.949088621497324],[-9.948964952906811,53.94950053081808],[-9.956543178347097,53.95316261338106],[-9.949295253753125,53.95836029251887],[-9.93964937836487,53.96057536770895],[-9.94042987557489,53.96260010161519],[-9.94430790369456,53.96353019303181],[-9.945539474925274,53.964927925595454],[-9.94168024096967,53.965554235747305],[-9.931003374971729,53.96261290031493],[-9.928829167809525,53.96090811238768],[-9.924982166766553,53.963311240221365],[-9.923643452920174,53.961956010244585],[-9.921455646106459,53.962264376463736],[-9.92305158644655,53.96294154490614],[-9.922627226362781,53.96467592499379],[-9.914452124102265,53.96378767465644],[-9.916494909700898,53.96090233576608],[-9.919035723107843,53.96045423593761],[-9.91941410992005,53.96145211674899],[-9.921361354534042,53.96021329010238],[-9.921135945470812,53.95864319326344],[-9.925141602217826,53.95687288337471],[-9.924727096791836,53.955142006154055],[-9.926386179134166,53.95555545581439],[-9.927001904531624,53.953512850938566],[-9.927812780118353,53.953559479192336],[-9.925506598827344,53.95323863534852],[-9.92351631808161,53.95431422708794],[-9.92315655525642,53.95333096105124],[-9.920369704917666,53.95349980759679],[-9.925896666693498,53.9521489294428],[-9.925811806031424,53.948358190845816],[-9.924023764868657,53.947431354861244],[-9.924938376172806,53.947208977257645],[-9.923978260933767,53.942517695116116],[-9.925124484276477,53.9400024306182],[-9.931363076131161,53.93615305786048],[-9.932498910761591,53.93678992531505],[-9.93305183876662,53.940141929209645],[-9.934956522247449,53.94082603652766],[-9.93527432885194,53.93609866649959],[-9.93953569735222,53.93560846244776],[-9.938839548159969,53.93423895601928],[-9.939554786005528,53.933651406428744],[-9.936908184225262,53.93335318345937],[-9.940882781385987,53.930922768368525],[-9.934958132326903,53.931192591037366],[-9.934294818616817,53.930454925275285],[-9.934042542791637,53.931296266079656],[-9.931843280332405,53.930787111989666],[-9.928232129380397,53.931763458566245],[-9.926661833650044,53.930655419707364],[-9.924231731590643,53.93263675239772],[-9.920526645163145,53.93318411593213],[-9.915741112146137,53.936042201068304],[-9.915666445691414,53.93717369658691],[-9.91766278908029,53.93705771648489],[-9.917740821073128,53.93967485648164],[-9.915374198138366,53.944442084139666],[-9.911571518152916,53.94038529495925],[-9.909601577023118,53.942229059931016],[-9.906453452132059,53.94313948561472],[-9.904920510208138,53.95145518881875],[-9.908831050665265,53.954535394461544],[-9.909188942719528,53.95644623545142],[-9.90788461054008,53.95765520402564],[-9.906370398534836,53.957694418663074],[-9.904491760575455,53.954010035571315],[-9.902748325717894,53.953023956629394],[-9.897396150713087,53.95483468542483],[-9.895244523864966,53.95450847402022],[-9.895839257287564,53.95011091224357],[-9.895040098050574,53.950039392892144],[-9.892856131921835,53.952966053674864],[-9.886813117053158,53.952383215487146],[-9.886956627771141,53.95471540244654],[-9.885177835143597,53.95790202859318],[-9.879953225753772,53.957698233704605],[-9.877403697578124,53.954986099142744],[-9.870726132190402,53.95831369673855],[-9.864866200904794,53.95745092109624],[-9.859303687416947,53.95824286310909],[-9.855189578601857,53.95728421095516],[-9.847626461269915,53.958485378558564],[-9.845992671570958,53.956711655414914],[-9.840493300834012,53.95794783563035],[-9.839387004917855,53.958759540741966],[-9.84099196135216,53.960497035151974],[-9.838084860618537,53.96082596440308],[-9.838944421704515,53.95872783353695],[-9.834820601725502,53.95803505822755],[-9.832915083148261,53.95594435314599],[-9.833104128138176,53.95424938866151],[-9.834606795013922,53.95396145958389],[-9.833177769303234,53.95154833518964],[-9.83136754929523,53.95221778868364],[-9.829220785548005,53.950537556226216],[-9.828968571353958,53.949606292328205],[-9.831077771229467,53.94838504490825],[-9.83051536090245,53.9473667152943],[-9.827840248128949,53.94881798167302],[-9.822231790253541,53.948453766673936],[-9.819548035521365,53.94584202104263],[-9.817223842142926,53.945609540500115],[-9.816287921893048,53.947206650585294],[-9.814571630601348,53.94525046812727],[-9.814429081912829,53.94629871968474],[-9.810763145095823,53.94760091612699],[-9.809912535931392,53.94966598229019],[-9.802555843323342,53.95076624104237],[-9.799846081226615,53.94905467452734],[-9.797610555342386,53.94594810189794],[-9.799100163843223,53.942640476373384],[-9.798269358783344,53.94183367501566],[-9.799487887133463,53.941275217256766],[-9.796783806043708,53.93903191338866],[-9.797694800690856,53.938168899141935],[-9.800736993330707,53.938535435068154],[-9.801618208796388,53.93748613274793],[-9.800262662391184,53.936725044526135],[-9.800680029167117,53.93471757221604],[-9.798917492333223,53.93440812183425],[-9.799853921862715,53.93095238305033],[-9.796091410301528,53.93111088182531],[-9.803640618304536,53.9263464862491],[-9.80797437524653,53.9303887543644],[-9.814433746649268,53.93142781578038],[-9.815753353118163,53.93111652273765],[-9.815533740574917,53.92995466872568],[-9.814906664817194,53.92747822635737],[-9.808298332892969,53.923087340503386],[-9.807824608006397,53.919521621960314],[-9.805565019833855,53.916439935791175],[-9.805098870822393,53.913451021440906],[-9.790658889607851,53.91162129873138],[-9.79421640987979,53.914022348678756],[-9.795353449298348,53.91912387977724],[-9.79478741601758,53.92149530320656],[-9.795888431134166,53.92272695642741],[-9.797008065026551,53.92226246022103],[-9.79710797827172,53.923701340660685],[-9.793209777983197,53.92353647669523],[-9.794476630929474,53.92554767733964],[-9.79534689657303,53.92502096563368],[-9.794736300530943,53.92657173902005],[-9.792302211317155,53.925420305738434],[-9.79066962993674,53.927056850594894],[-9.790849984136075,53.92886081519102],[-9.792852368856064,53.93026868246113],[-9.791861078845107,53.932848345358174],[-9.793247797121808,53.93535600263885],[-9.79208031334246,53.93593809107876],[-9.791843499198391,53.93778541320775],[-9.794676779283378,53.94057251945552],[-9.79454381957699,53.941814629947494],[-9.79306557200668,53.94141216515809],[-9.792889770674352,53.942321840846155],[-9.794735285053212,53.942542253766455],[-9.792119402220427,53.943260342222125],[-9.79095036078942,53.940955471935396],[-9.790025375339491,53.9410538613497],[-9.791266307613437,53.942155553031334],[-9.790643344266202,53.94319802276054],[-9.79183499396683,53.945104831205576],[-9.789367491113241,53.945190306136695],[-9.793768011436656,53.94598370812016],[-9.789887219072677,53.94760363158687],[-9.788305479543547,53.946977426493426],[-9.788373512535554,53.94792999045123],[-9.78919149193509,53.94898756382463],[-9.79211078164655,53.94675759149363],[-9.795120088048735,53.94740918741595],[-9.797691155671966,53.950296218516726],[-9.792923868338772,53.955897449195206],[-9.793818755325768,53.95824071614272],[-9.79789359849111,53.96060953270305],[-9.801459609551902,53.960437452200715],[-9.797634821706039,53.96278429268263],[-9.800121318727834,53.96469789577713],[-9.79931557914976,53.965457769615256],[-9.801216762148833,53.965210506312665],[-9.800075444849528,53.965468197415284],[-9.800767527230809,53.96592432193723],[-9.80008709369029,53.96709002447038],[-9.801253726858302,53.96717688868219],[-9.800067735714558,53.97103322665563],[-9.802111618634955,53.97193662912141],[-9.800998263569106,53.97157756471298],[-9.800864152898516,53.972374775696245],[-9.79861349149892,53.971189387617805],[-9.797655595791069,53.97228481309203],[-9.7985966586051,53.97300690743801],[-9.796307022122313,53.9729261097144],[-9.794688406690364,53.97422782434344],[-9.795893189826439,53.975011157800026],[-9.794670389013266,53.97522197580027],[-9.797979741939693,53.97546564161039],[-9.799471958313932,53.97270360707519],[-9.804707774664953,53.97257388174625],[-9.805102859047619,53.97359694369479],[-9.80609077994518,53.97337671622571],[-9.805914676160477,53.97456353716698],[-9.807931139911831,53.973413616949436],[-9.807661697528452,53.97597721601289],[-9.809532809960245,53.974727261076616],[-9.80903112155053,53.973606094674665],[-9.811248414585997,53.97419441239326],[-9.811926833039227,53.97384926794937],[-9.808594591107049,53.97351762613686],[-9.80734279974118,53.97162434243845],[-9.809250850083663,53.97126276494003],[-9.808105673199522,53.970178650839166],[-9.806678896669856,53.97113249294493],[-9.805655604719549,53.97023701880132],[-9.807016462722416,53.97022195730247],[-9.80537257290138,53.96800375320729],[-9.806800951771338,53.96503858337323],[-9.809634816494766,53.9632204960782],[-9.820702583931027,53.96536418081858],[-9.82217133035494,53.96691902536446],[-9.8264975410952,53.967147353573694],[-9.827088826152524,53.96567517768886],[-9.82880289435153,53.96641203393431],[-9.828401548204193,53.96718843533421],[-9.83170341211292,53.96826001107303],[-9.836271820138329,53.96708644774475],[-9.83836064186842,53.967814554742645],[-9.83728163191525,53.96689312801495],[-9.837531644005493,53.96364409301345],[-9.839075860609372,53.9622699566724],[-9.849154011148192,53.964835903713734],[-9.851507540556181,53.96696336502174],[-9.85010873104847,53.969712565937385],[-9.850874766372767,53.97165653708852],[-9.84833039293195,53.971686230895585],[-9.846813516761987,53.973654868827595],[-9.847789333599595,53.97480487507698],[-9.847613550558854,53.977097715473846],[-9.849857206761934,53.977537481260335],[-9.850459349354908,53.97872607758077],[-9.84882248582757,53.978837351181674],[-9.849789135909612,53.97946884605808],[-9.849108224274646,53.980940222721316],[-9.850220809210894,53.982535605641544],[-9.84775655077006,53.983636299856116],[-9.84837830431374,53.98598860748502],[-9.847678271831958,53.98686621855831],[-9.84948859210092,53.98929822577483],[-9.848252503203259,53.9930907834609],[-9.851204250976178,53.99209436022474],[-9.848257067875881,53.99545989704243],[-9.84696890566451,53.99445021685807],[-9.846530880141703,53.99516323168851],[-9.83938332197193,53.99431433540123],[-9.838051652771966,53.99256064111426],[-9.836373899523535,53.993143367412806],[-9.833406513567015,53.99069058786504],[-9.833391692473127,53.99166633020862],[-9.832097977258579,53.9912701368402],[-9.833233751246873,53.99005857162935],[-9.831722628749885,53.989613474749696],[-9.833941837702751,53.98911915458916],[-9.833778080113332,53.987760291329494],[-9.835819726515808,53.98497062583706],[-9.832675533609075,53.98676817296934],[-9.82950386352841,53.98701288352466],[-9.830864489517959,53.9873708227451],[-9.830246160043014,53.98913469476777],[-9.824720153346735,53.98889284361553],[-9.827833553760412,53.99241202126034],[-9.840415223212661,53.99866445756306],[-9.84598605870402,54.002506769926704],[-9.847891167223406,54.006006643432784],[-9.850465887199503,54.00688387254961],[-9.849794273844605,54.008400199441624],[-9.851139341331969,54.0087785998999],[-9.851640377056901,54.011871776786464],[-9.84818677305566,54.01445953461887],[-9.853104250858774,54.0133876547001],[-9.854479486098732,54.01135933688205],[-9.853105366890816,54.00949562812453],[-9.852640542310612,54.006504578252134],[-9.853731775792332,54.00629621165107],[-9.852256205902005,54.00474775369682],[-9.852663431648889,54.002501074290365],[-9.848781384818341,54.00124141470945],[-9.848263303313525,54.000222072634784],[-9.849397336800862,53.99995075836374],[-9.851002896116782,54.001865767041025],[-9.85583950916809,54.00149967286667],[-9.86301327472192,54.00456760331583],[-9.872854082245958,54.005851026250745],[-9.875510778994618,54.00911718686528],[-9.878402411356292,54.00769401114924],[-9.883292793904193,54.012205256275614],[-9.883870871623973,54.014514941677405],[-9.879438927640086,54.013890321355994],[-9.879237271258324,54.01495198503653],[-9.876822879767206,54.01565764736765],[-9.876667301135015,54.017400703348414],[-9.874083332663837,54.01695483981104],[-9.873128539640316,54.018897313852044],[-9.871308943696647,54.01867016391495],[-9.871247713279395,54.01904238641687],[-9.867019030872875,54.01935752043432],[-9.866147957188506,54.01979990810533],[-9.87349780696988,54.019619052190926],[-9.874291207864237,54.020073308109474],[-9.873487868577515,54.02036935799189],[-9.873624281760065,54.020641284230855],[-9.874742864495534,54.02037401956865],[-9.875324843262684,54.018623695113156],[-9.877712898791389,54.018818681422076],[-9.877966936766605,54.01986008216775],[-9.879601476936022,54.01741696462444],[-9.880543083172068,54.017773298658746],[-9.88042221034537,54.01902726158754],[-9.882058786058405,54.019474284782255],[-9.8817743698134,54.02113754386895],[-9.883962931231833,54.02303104985561],[-9.888340479779865,54.023070780768634],[-9.89120998128979,54.02475454812911],[-9.895762795897662,54.02555311613524],[-9.896818694115284,54.02352156710287],[-9.89037116349928,54.02138889650541],[-9.888189069425549,54.01817012772086],[-9.891491037460085,54.01576732197845],[-9.890281343288212,54.01401663943009],[-9.893085651075422,54.01125325239145],[-9.891487297580628,54.01468501565736],[-9.894589634983468,54.01687176596159],[-9.896419708835328,54.01982260634324],[-9.897674090241553,54.0241269304747],[-9.896789374654366,54.02720998363851],[-9.89971512898345,54.029470743969064],[-9.899759273495308,54.03269367280469],[-9.90750738649708,54.03726547677765],[-9.906329430796292,54.043101323855446],[-9.908220631944884,54.046182935841074],[-9.904174767579674,54.04756821336341],[-9.900233590927346,54.046859988312555],[-9.897587392730946,54.04760732014525],[-9.894313967981264,54.04897709327693],[-9.89148520093413,54.05186275576516],[-9.889521153138046,54.056046540985264],[-9.89106029109877,54.06410918847467],[-9.889125317737237,54.065933127926215],[-9.88395992675983,54.067061807140654],[-9.881474460908528,54.06340351293625],[-9.87747124883032,54.06200915099142],[-9.878735086433602,54.059429536718255],[-9.877056787914793,54.05714797502334],[-9.873370625200671,54.05581170307679],[-9.870506913124252,54.05728250434101],[-9.867543480856586,54.05569308677986],[-9.8673438349354,54.05492051724713],[-9.868121851634944,54.053002684603236],[-9.867915602078467,54.05297404671225],[-9.865910265179151,54.0555054958968],[-9.861926054725993,54.05630518772917],[-9.866318971782212,54.05911269005996],[-9.866093131134331,54.06185139864068],[-9.861807914387024,54.06347304977321],[-9.856140450626123,54.06386753300853],[-9.858254435555574,54.066540316877656],[-9.855936587120883,54.0678902158374],[-9.856954439497173,54.069370493928254],[-9.849642275158612,54.07010589772724],[-9.850072278150094,54.07074527199591],[-9.846899650232173,54.07153257474152],[-9.843956950136347,54.07070789530915],[-9.84187170016017,54.06876558690155],[-9.834788765293817,54.066881576522256],[-9.841764912040961,54.0691308476654],[-9.843276771754608,54.070349421342144],[-9.84297022800949,54.07158666157662],[-9.847494491610023,54.07367859785323],[-9.855947454814169,54.07234961809727],[-9.861421208780342,54.069301566031356],[-9.868789706005382,54.06995018800145],[-9.871185649064655,54.06917155064187],[-9.877855817408214,54.07101170458295],[-9.867889129843826,54.07313000610584],[-9.869220312975232,54.07628491062481],[-9.86678550175152,54.07900873635947],[-9.867374796091529,54.08058400541588],[-9.870843604639632,54.082363870556506],[-9.866309811751602,54.08578436398046],[-9.860193030413553,54.087367112385884],[-9.854253813575728,54.08628492224465],[-9.848502706322291,54.087064704502026],[-9.84725890515599,54.08486952977941],[-9.846202765453333,54.08418904295705],[-9.84482440766978,54.08404930113422],[-9.846462491432586,54.085051500464274],[-9.846526934089933,54.08632223599226],[-9.845326696453938,54.08645147684223],[-9.84485689118943,54.086807191198524],[-9.846538171065598,54.08683925349343],[-9.84552067260936,54.08884577149011],[-9.836674171678807,54.093081860458376],[-9.837885499214773,54.09445375773926],[-9.84265500960443,54.0951506252264],[-9.85034880448952,54.095002684167774],[-9.84781477254019,54.09763853646158],[-9.851814791820027,54.09904192614547],[-9.849169205562733,54.10114092457826],[-9.85041640936738,54.1028713675283],[-9.852629426611145,54.10339157157108],[-9.855124772028644,54.10150846833399],[-9.856473976637334,54.10169516298453],[-9.85723939075205,54.10248449159658],[-9.856322842642058,54.10352853172319],[-9.861036709825763,54.10625041235261],[-9.840174683214034,54.10761957886579],[-9.83435551811393,54.110239714492884],[-9.82330023981575,54.106727448385904],[-9.820254757870055,54.10834807312549],[-9.823359068827207,54.10716674087091],[-9.824551975659256,54.1086347441798],[-9.826673649795955,54.10875230541871],[-9.82745384975481,54.11040852748097],[-9.829861155319774,54.11025419947601],[-9.830372121204634,54.11086586162456],[-9.829250061047247,54.11172712041046],[-9.831154715038927,54.112397901824224],[-9.83000994845529,54.112828702408194],[-9.83014183820859,54.11389291095843],[-9.833838852221374,54.11663413279908],[-9.836187569336087,54.11697385440592],[-9.827835363502986,54.12025699338482],[-9.833055373539198,54.120263579715605],[-9.829467935350939,54.12245865239758],[-9.834326782738497,54.1240506783147],[-9.83360445167219,54.1252565515715],[-9.827962899860706,54.128013619072725],[-9.817873987410994,54.13049961369487],[-9.815848918324114,54.13311057672603],[-9.815501318712156,54.1356755855274],[-9.816812840600662,54.135972843618504],[-9.817157061469663,54.13183600132298],[-9.818881205152197,54.13051362173828],[-9.82771092797717,54.12867087673628],[-9.835312739668545,54.12563236411989],[-9.834910260030084,54.12380941911183],[-9.832300843930435,54.12190100721557],[-9.83428992999146,54.121595282461364],[-9.833496563904117,54.11972932776176],[-9.839619408768309,54.119189188319204],[-9.837490890026467,54.118384003437576],[-9.83788867084922,54.11678725581793],[-9.835312602153692,54.1148500095092],[-9.836216334170278,54.11441285231131],[-9.83456340271701,54.11454894037693],[-9.833632547475979,54.11335069218871],[-9.839479894973703,54.10981017070372],[-9.844200771616581,54.11021377759571],[-9.846641539908946,54.11174682448287],[-9.850051200411883,54.11122120554562],[-9.851567176291418,54.1120307426389],[-9.851148649591519,54.113025382776],[-9.852228887707636,54.11301927378827],[-9.852770119291732,54.115163311971294],[-9.85533489739829,54.115300337819065],[-9.854340616964722,54.11429779718855],[-9.855187504635488,54.112407694722314],[-9.861389287785082,54.111285613540865],[-9.86984498875179,54.114185441390575],[-9.867930456423112,54.11275932276323],[-9.873755971131702,54.11320098824549],[-9.875718550756433,54.11417031544163],[-9.877033710824511,54.11756137471372],[-9.876573908632475,54.11805924225468],[-9.873958959756214,54.11819507099294],[-9.873076397503784,54.118770453318845],[-9.872357258147067,54.11971051459165],[-9.872745853083691,54.121200567418654],[-9.87394560967484,54.11833554312244],[-9.87708098237769,54.118127635129056],[-9.877229495901132,54.11538423663702],[-9.88034251024059,54.11719647200908],[-9.8725407217475,54.111911639116386],[-9.864148480545698,54.11115030977858],[-9.865246349230883,54.10931557689399],[-9.87051496844233,54.109635155223906],[-9.875748256442328,54.1079593659561],[-9.871667962096039,54.105076062760475],[-9.872008556696944,54.10067919168976],[-9.875035165845892,54.09714312870778],[-9.881514993790542,54.098051510347986],[-9.883061818633063,54.09707806875482],[-9.882340931817076,54.095521964426226],[-9.878460924366328,54.09375383238949],[-9.883707555924925,54.09133381183055],[-9.883878373612427,54.08977626809121],[-9.88202739023015,54.08780136752275],[-9.882671030027513,54.08749404874059],[-9.889471778265847,54.08896311744889],[-9.885869766063895,54.09341228543014],[-9.88731204175276,54.09422768854141],[-9.887514429545714,54.096904027415015],[-9.888999936801788,54.09710249941028],[-9.889298873558383,54.09834013065064],[-9.89181174315936,54.09569759778391],[-9.892988420092982,54.09711712215738],[-9.90052858076547,54.09672164214675],[-9.899657804429188,54.095331888745854],[-9.900624607516844,54.0942675076909],[-9.90027712497938,54.09236929905073],[-9.898457364885804,54.09233179559198],[-9.900302380509551,54.090644588654385],[-9.90022993729039,54.0894243260798],[-9.896671518686816,54.08557179309815],[-9.893471259630775,54.084277626484656],[-9.892254703654912,54.08541476021935],[-9.89082700276318,54.0840227490045],[-9.89156334037446,54.08325790671456],[-9.890437274681092,54.08197642768451],[-9.890956414021952,54.08064439595642],[-9.899810137684975,54.078917374116486],[-9.895098813529062,54.07798024600081],[-9.894618098938302,54.07300995768524],[-9.893191835166512,54.07220378378668],[-9.89772968431687,54.07024377583072],[-9.902919419044618,54.0701099665853],[-9.910652279871156,54.06713367426927],[-9.921580690606058,54.066965728974594],[-9.925261073497945,54.06522188468078],[-9.926176530761897,54.06256513861091],[-9.929918959432845,54.06104626703292],[-9.934158466330196,54.061167910816486],[-9.941805386902796,54.0656468434538],[-9.947649172055014,54.06660165926721],[-9.950265287189914,54.066375178894205],[-9.953611559189286,54.06319788942677],[-9.968031038542367,54.06159628395861],[-9.970960832557537,54.06232432286239],[-9.971646473342563,54.06340932371544],[-9.970136418160465,54.06426621675501],[-9.969661644118649,54.06686398253653],[-9.96466423142307,54.069220220600485],[-9.963079581578107,54.07279080302984],[-9.96751866487641,54.08503393399616],[-9.974989679132042,54.09184101014871],[-9.974463702934681,54.09376163776457],[-9.97600423174618,54.09584704719823],[-9.98159480505725,54.09868276967332],[-9.983235099375742,54.100636846514945],[-9.988852667290189,54.1005382186666],[-9.990111372355834,54.10301793450486],[-9.991536637590368,54.1023493801845],[-9.988552151767415,54.10402161769827],[-9.984612776915576,54.10398114648381],[-9.983845933510192,54.105292887168105],[-9.985873767779653,54.10591978523255],[-9.98462482220515,54.10666686922904],[-9.975264145922011,54.10502276525065],[-9.965818304899212,54.10882319621947],[-9.95500038713396,54.10702453698851],[-9.949658203301667,54.108596511747365],[-9.946074219982231,54.111155889584744],[-9.941460186810351,54.11038268728297],[-9.9383650531057,54.11162570212223],[-9.9343528442966,54.11724765685969],[-9.929226672529737,54.12115366078645],[-9.924563005445194,54.11985404160776],[-9.922600312496982,54.118007413137015],[-9.921513774830728,54.11823137901633],[-9.921592745034207,54.120006762215446],[-9.92070834524425,54.120393847746264],[-9.912376648497638,54.1168573475104],[-9.909355740351613,54.11686956113869],[-9.909168965791629,54.118305382416914],[-9.89705549699651,54.117053535892914],[-9.89795609954953,54.1188571595568],[-9.908813949059128,54.12462179997643],[-9.910801894200164,54.12507407340031],[-9.913250935331051,54.12368528357504],[-9.912027425972779,54.12934282301411],[-9.917801328774447,54.13379947424979],[-9.925480025607094,54.13510504292432],[-9.930038283627953,54.129021190986286],[-9.930916125153738,54.126182593552706],[-9.934941839911025,54.12621679145296],[-9.9389742995513,54.12910223670823],[-9.942944502151429,54.13497885506363],[-9.949913632424426,54.14048080834292],[-9.959452579683775,54.142876784149955],[-9.95984643828803,54.144578942606785],[-9.954650064341582,54.14751666787992],[-9.958300847049838,54.151760313437784],[-9.958047635250992,54.15338477197745],[-9.956446342234958,54.154406966342385],[-9.951720380943412,54.15210511956238],[-9.942345413232543,54.15133996986768],[-9.930486368655329,54.146402770256394],[-9.927569723704098,54.14670081641685],[-9.924538772586256,54.14859202853103],[-9.923443233812314,54.15029528791212],[-9.924864235588574,54.15146357954145],[-9.921884474356256,54.15441761045303],[-9.929583625221284,54.154170068766135],[-9.928690827575249,54.15558499387491],[-9.933059193438158,54.15546330256627],[-9.932344570881812,54.15722125250979],[-9.93577260600352,54.15613016492297],[-9.935843946891788,54.15822784281078],[-9.942051535069796,54.15465873504092],[-9.944427176768224,54.163540709336615],[-9.954320544859044,54.17167971084677],[-9.961563502524386,54.17559978312102],[-9.970334075369838,54.17825587712616],[-9.981642072943243,54.177532582893946],[-9.985400906134394,54.181171174635686],[-9.984819400957399,54.18270793882411],[-9.976207221947945,54.181997882439624],[-9.971078479113864,54.18266103471531],[-9.969615736618358,54.183909844264505],[-9.970578970844544,54.182440976675835],[-9.967042477409441,54.179912630835794],[-9.966882284486841,54.177694180299575],[-9.95830640324356,54.175616797928924],[-9.956963154921628,54.17355537530607],[-9.954035357169152,54.17272471213769],[-9.948473130240426,54.17458281102189],[-9.947104050863393,54.177165693814786],[-9.947754188199818,54.17823266688398],[-9.946415715042187,54.17832481589672],[-9.942544573923172,54.175420964420795],[-9.940123471125409,54.178999169218855],[-9.934559674997502,54.18108890458545],[-9.93449650013832,54.18276956079782],[-9.9379028278979,54.186527580678046],[-9.937139721086357,54.188953507871766],[-9.930639453889434,54.19275235816415],[-9.927198175828712,54.19288238473794],[-9.928895584809569,54.19213808126142],[-9.92596511528257,54.19114239779019],[-9.926315149933002,54.18996751290172],[-9.92356190650771,54.187649483026085],[-9.923879637512318,54.18685178568193],[-9.91972596337662,54.18504962393415],[-9.922905832841298,54.187091777788915],[-9.923938710941705,54.190216603411656],[-9.923274999257782,54.19383842386979],[-9.917894870238907,54.19456126403734],[-9.916211903601724,54.19698130712379],[-9.918741274929001,54.195256506573436],[-9.921794813885866,54.19635289289922],[-9.925357266837384,54.194554608337114],[-9.92936756540218,54.195427314886935],[-9.932358604415299,54.194009335097746],[-9.948366044619918,54.19918398119218],[-9.951514308033511,54.19832007457403],[-9.951280394961294,54.196285449392285],[-9.950298656679877,54.196651945319054],[-9.949430234150913,54.196861217845566],[-9.950800848338831,54.196307516742195],[-9.95077204706434,54.195195132520425],[-9.952566053827367,54.19507287094009],[-9.962343750915888,54.20220268829052],[-9.970072693425218,54.20331230622827],[-9.969626747777548,54.2041068787474],[-9.973020628451218,54.20816075217213],[-9.98803235685517,54.21393163864505],[-9.991645283650488,54.219197398817315],[-9.991891654779282,54.22292413387368],[-9.993237940111456,54.223486815548036],[-9.992249087133915,54.223481387000234],[-9.992288378563353,54.22762775523766],[-9.997509083464518,54.227781424049475],[-9.998097661525177,54.22460062957006],[-9.99980895503457,54.224229736731246],[-10.007486115046785,54.22649204014151],[-10.013231146679981,54.22678970281827],[-10.013549687184636,54.22520236241254],[-10.005459820362928,54.219546638394924],[-10.003159555496598,54.217207550384416],[-10.003432605790431,54.21585030570379],[-10.00807870799593,54.21297305872296],[-10.022983376254064,54.21592253760516],[-10.026545664724102,54.2150664225897],[-10.023628315926127,54.21312891336883],[-10.024488946532085,54.21112287296677],[-10.008565496608101,54.205240920394196],[-10.005922694963937,54.202594611855886],[-10.006700329426023,54.19916171917567],[-10.002929022425171,54.19878699161332],[-10.004270286770256,54.197032838005484],[-10.00324196585233,54.19483186263064],[-10.008656192459659,54.19385372715928],[-10.011862081731637,54.19204937875718],[-10.015003790524183,54.193639020835036],[-10.01245866823692,54.19210512649455],[-10.013488995018944,54.18998234518204],[-10.010525235783879,54.188271438354555],[-10.009841593099134,54.1899792572839],[-10.009928515135456,54.18833393987973],[-10.006728029099037,54.18612522488757],[-10.010144690865864,54.18381859350472],[-10.010794072614246,54.181595573199075],[-10.014105951252768,54.18232197382556],[-10.015733636138032,54.185867764029275],[-10.02111785785674,54.187117673473374],[-10.026554830377336,54.191049059128595],[-10.037581092388866,54.19321730445299],[-10.04355791654327,54.19273296735386],[-10.048073921916123,54.19016226457425],[-10.046292841206675,54.19205445652128],[-10.048695797178818,54.191803123580165],[-10.050938399438072,54.18881694506121],[-10.048374465046955,54.188773137336796],[-10.041269766959008,54.18587564014637],[-10.040706838307306,54.18821684124929],[-10.039952867076943,54.18788040874012],[-10.040790315018835,54.18039473063681],[-10.035769501075672,54.17682234972887],[-10.03783476900333,54.17353109312987],[-10.03693828788966,54.17203555131982],[-10.041014297450776,54.17059922208406],[-10.042540559840841,54.16754855704587],[-10.041914197756748,54.16634228624181],[-10.03657885452326,54.16537026909702],[-10.036159443411774,54.16412993800196],[-10.038067864972113,54.16225396213503],[-10.046969764433976,54.160856871811895],[-10.047723316541427,54.16177695838808],[-10.04672398610126,54.162363679360375],[-10.04665791122172,54.164798813842694],[-10.042674249181848,54.1661564824521],[-10.044364015824115,54.16915338259302],[-10.053117114831975,54.17112128188455],[-10.062352285895885,54.17065100576812],[-10.069333755540667,54.16857692683653],[-10.069846996170213,54.16787148953827],[-10.068578725083567,54.16689210441392],[-10.072672047038314,54.16474848303531],[-10.070778276877922,54.16286715924845],[-10.08848215661273,54.1617775774546],[-10.092084182241225,54.159869908947094],[-10.093547842286819,54.1572131585574],[-10.093172445858574,54.155614324234584],[-10.088018528708195,54.15358941870489],[-10.082551249101499,54.15326176341936],[-10.074615002085768,54.1510721107374],[-10.062881934733685,54.15063195870565],[-10.058468513243286,54.14889594460984],[-10.056541040878756,54.14637775486556],[-10.055621629731862,54.14446619215048],[-10.056750609824078,54.143946523566626],[-10.069975339220589,54.1433719204069],[-10.0735167337205,54.14107045810957],[-10.075745349414607,54.13809721980091],[-10.07534487564285,54.13661163108343],[-10.070699317344694,54.13566509274421],[-10.06820643162653,54.13345691570697],[-10.067847639275653,54.13125461019037],[-10.069748960735915,54.128810017000916],[-10.065398318560353,54.12412963117885],[-10.073561379261776,54.121855663945865],[-10.075771412997058,54.12397751184454],[-10.075490757338708,54.125443736194185],[-10.072577969087364,54.126151931960074],[-10.074392299189268,54.12826955637484],[-10.087418790229083,54.126583436132066],[-10.089289904158564,54.12438638449809],[-10.08607140535927,54.12475322359402],[-10.085202093903858,54.12276141981618],[-10.08650416593091,54.122087965004255],[-10.088240071867066,54.123391793589654],[-10.091686877336523,54.123526498781736],[-10.090934067130616,54.12315988262496],[-10.091538620011201,54.121005736483845],[-10.088836982642379,54.11886157448614],[-10.090340749349416,54.11731902964057],[-10.09298738919864,54.11678630267997],[-10.09350998825967,54.11519572759552],[-10.092720578347857,54.112937034871756],[-10.091333392301268,54.112600985104436],[-10.074302858914688,54.11159754511784],[-10.066752221441543,54.109783777881816],[-10.07101545412482,54.105636794944964],[-10.068932319135405,54.10135101678202],[-10.059428242878875,54.098790809680764],[-10.06406740494613,54.097061540814735],[-10.064773539707868,54.09482896911171],[-10.068706746950804,54.0925533285804],[-10.071338221248757,54.08952418441796],[-10.082488008677425,54.086299257765916],[-10.090658442674233,54.08783838847349],[-10.094255524608075,54.08751984989005],[-10.102951126431746,54.09280070932779],[-10.112229642150746,54.09653084869736],[-10.11945825162317,54.095983280148275],[-10.120078547723741,54.093478905077816],[-10.126346179283011,54.09713801881658],[-10.12453411896548,54.098608180073974],[-10.126524009120583,54.101091485693466],[-10.131349945253914,54.102582254413726],[-10.130673468691345,54.104253200990804],[-10.132698488307184,54.10813563219441],[-10.13097495537104,54.10987348074838],[-10.127617649794281,54.10992815637948],[-10.125725640272297,54.11147785455778],[-10.122984820193498,54.11095709589608],[-10.1219105723203,54.11264235752027],[-10.122312502119202,54.117045825555415],[-10.124687932481116,54.121570834390575],[-10.124037995420217,54.12284935753749],[-10.12560484569268,54.12640447662374],[-10.12366032157762,54.13427615360795],[-10.117714860705306,54.14216035300944],[-10.118737107908942,54.14415625973246],[-10.11827347476642,54.14574610272483],[-10.108550813183387,54.148027186037574],[-10.10382464700195,54.151818493425075],[-10.097332437669387,54.16051104460977],[-10.09712722971446,54.16320058687264],[-10.09279354867641,54.167787478534535],[-10.0928623441482,54.168828103761555],[-10.095948109451932,54.1703417732302],[-10.093249474796073,54.170906471259165],[-10.086907005004864,54.17968340884186],[-10.086323233328162,54.18441134618678],[-10.08814527631483,54.1888228150342],[-10.096373769168967,54.1989864724515],[-10.085476642533887,54.20491813824943],[-10.08367785199314,54.20661403588606],[-10.083038922565239,54.20935530166899],[-10.071673126559716,54.211140096590164],[-10.06305591550298,54.20899222287355],[-10.06009648121379,54.21140317100408],[-10.06107772716043,54.21275127368277],[-10.060674963794527,54.21420877562759],[-10.05507484326179,54.2185573857104],[-10.05538841202345,54.22678686037638],[-10.056837005432874,54.228554302456494],[-10.061530291307504,54.228684462427665],[-10.063680508407879,54.22967039326265],[-10.064386832268834,54.231255018643346],[-10.06730655007748,54.23193888710604],[-10.070504910471595,54.23123966329309],[-10.071143715973827,54.229665487184995],[-10.073639685337696,54.22963089298395],[-10.074207703873606,54.230232675399016],[-10.072885877061463,54.23042197190056],[-10.074645012712182,54.230289046482554],[-10.074621076444084,54.23138973895857],[-10.08061966322898,54.231688403627174],[-10.086512058322851,54.233666741598654],[-10.086258988057022,54.23475990237331],[-10.094227869267094,54.235650440074714],[-10.094524576286247,54.23794547617906],[-10.096782674413324,54.2391210932132],[-10.097044596975177,54.237954587712174],[-10.102154773112076,54.23880308691231],[-10.103284009927748,54.24020456371713],[-10.102024869556328,54.24081508269492],[-10.105584356851516,54.2401398778847],[-10.109039985781205,54.24154784618914],[-10.107137735867914,54.243687635414055],[-10.097586331178125,54.241983046283366],[-10.095950819264017,54.2433623248036],[-10.087710001888182,54.242785051081654],[-10.079066209513632,54.23903656595433],[-10.077046471032853,54.234519461851065],[-10.071860485829777,54.23355785938359],[-10.070045364758217,54.238247555385435],[-10.073545887887713,54.245677559266205],[-10.08175170222527,54.24729919636512],[-10.092063324669217,54.24579800920659],[-10.092831668282711,54.24731294105993],[-10.095560055288338,54.247728576712746],[-10.096431961201525,54.24971273688312],[-10.092482716393928,54.24917305227033],[-10.093613903582826,54.24966014477823],[-10.090725963794766,54.249831147892145],[-10.091742266733549,54.25035061069997],[-10.090969971767654,54.25054630642888],[-10.083590529463612,54.24880992222666],[-10.082930571630348,54.2492812641471],[-10.08491143823705,54.25016533697498],[-10.08212905984984,54.25072906244741],[-10.084803658359073,54.251428536094984],[-10.085741394488071,54.25280680184662],[-10.084311986772104,54.25230951540754],[-10.085943766651317,54.253338258896406],[-10.081568921267351,54.25380741994642],[-10.08318508553061,54.25676811347282],[-10.079578047527386,54.25684897763195],[-10.078953900673266,54.25638936200998],[-10.079788961457085,54.25578518050539],[-10.075402799116853,54.25531404564],[-10.07489393110525,54.25594243692322],[-10.0791786996394,54.25903646985438],[-10.083115074921775,54.26013354529628],[-10.080521801807588,54.26106770948794],[-10.07367153939465,54.26092321927109],[-10.079484323131323,54.263198099674206],[-10.078119711559582,54.26278296948539],[-10.07611252425029,54.264314802054926],[-10.078350258509921,54.266332817105145],[-10.076044500137945,54.267171301805654],[-10.081893188381096,54.26922133462796],[-10.076113854504191,54.269303403716165],[-10.073922576984378,54.27071671227079],[-10.069921235609975,54.27065556183664],[-10.069012993420369,54.27104114842144],[-10.074107508974327,54.27317283369536],[-10.071637920548989,54.273748929080305],[-10.071201734086083,54.274822698033255],[-10.069098387622496,54.274282953500226],[-10.071333529775238,54.275624121920536],[-10.070645772510009,54.27627128354141],[-10.064189511357904,54.27760140282253],[-10.059434593263473,54.27694112919939],[-10.055929644157354,54.27883034434193],[-10.049197294815166,54.278416025300324],[-10.048807683068828,54.27899357792004],[-10.05238810699402,54.2809294196528],[-10.049354828919649,54.28053836051806],[-10.051321117170119,54.28343364244018],[-10.047244347990345,54.28541415361477],[-10.041341943921905,54.28242248316011],[-10.034162432568149,54.28163574380236],[-10.033538499141931,54.28224404352297],[-10.034383266395544,54.282790302718446],[-10.031658456145548,54.28350553868537],[-10.026412845014235,54.282401525481795],[-10.030528707328553,54.283597666204976],[-10.026680154205172,54.282711380836666],[-10.02746245468527,54.28339661219272],[-10.026279471006616,54.28342006933719],[-10.028268441276095,54.284272609044464],[-10.024593744677897,54.28444931519011],[-10.023897458475876,54.285325575104125],[-10.025109755036697,54.28604862850876],[-10.023774061754954,54.2864086651713],[-10.027243128770515,54.28645926309147],[-10.024470383217684,54.286904873322335],[-10.027733092651946,54.287606196694384],[-10.025447420581443,54.287754154974046],[-10.027089832484851,54.289196045910856],[-10.026250739468379,54.29002278199096],[-10.022248219492791,54.290453509562305],[-10.023580068881449,54.29103558512526],[-10.022198901260328,54.29149412954086],[-10.022248618373792,54.2924301749227],[-10.01847493621801,54.29322008520162],[-10.008781840258163,54.29112119618951],[-10.006838599860536,54.2916227186448],[-10.009277482463881,54.291648308361985],[-10.007948335874845,54.29343354435331],[-10.005276364259563,54.29314374101181],[-10.008063549008503,54.29432597428884],[-10.005503282255649,54.29368613104351],[-10.00837978548197,54.29478745121765],[-10.00834409124837,54.29568624988439],[-9.998384757514401,54.2961118612608],[-10.006364432533617,54.297595817168684],[-10.004840722951872,54.298763943552615],[-10.005737484296311,54.2991008266199],[-10.004830121101177,54.300214139425165],[-10.008795448321804,54.301197298147144],[-10.008068747923874,54.30201305059684],[-10.006537960119072,54.30146842733132],[-10.007940516030144,54.3023183526692],[-10.00301655005914,54.3051941242638],[-9.998757913257384,54.30606548535107],[-9.996834412509974,54.305504905299564],[-9.997765826292225,54.304194491502514],[-9.994449158247523,54.30456891570375],[-9.993491285265524,54.302373063384664],[-9.990632446437308,54.30201453679231],[-9.989689068316043,54.29927743978639],[-9.984074392615506,54.30068274444553],[-9.984539848590254,54.29812414713465],[-9.989173899600884,54.29671604485459],[-9.986708063555746,54.29614067932837],[-9.989828416245285,54.29567591210584],[-9.991165097648034,54.29437014654149],[-9.990710552140532,54.29236076595076],[-9.987874223842523,54.29068374130783],[-9.987672574115855,54.28884319286221],[-9.986577220874683,54.290282009325296],[-9.98545653990547,54.28952621137378],[-9.984933859827812,54.29070073859597],[-9.982358324563553,54.28973128689447],[-9.979244307661569,54.29045274028585],[-9.978838918345613,54.288278683865435],[-9.974509502053488,54.2892223942817],[-9.971928526924493,54.28615128006841],[-9.972167795668307,54.284207702974854],[-9.969876505665939,54.28023469516297],[-9.966740584353426,54.27983955552694],[-9.96614468326734,54.27882933618914],[-9.962445829983409,54.280006902884566],[-9.9639168885899,54.27859298716024],[-9.961955660048705,54.27505409227624],[-9.96278167932948,54.272287775340814],[-9.960075976582967,54.271457014249066],[-9.9587452549974,54.272281273889135],[-9.957926698938728,54.27079124754227],[-9.956836539651961,54.27083261314979],[-9.956198282565454,54.27243223235605],[-9.95514415733385,54.27146714193298],[-9.954361165851138,54.272284381542924],[-9.951813559804473,54.27007057555136],[-9.949544410600407,54.272624795623265],[-9.947230268124391,54.272562729619224],[-9.945671714824813,54.27062741511589],[-9.946839930818681,54.26930356052608],[-9.945089945795939,54.27018755306662],[-9.94586452946457,54.26800659770075],[-9.9447148371935,54.26779182674805],[-9.9435887773775,54.269276606495616],[-9.941985490029088,54.26907996084777],[-9.941939389848413,54.26813453379724],[-9.940669824385427,54.26904977040973],[-9.938661081462666,54.26818247852728],[-9.934833648023751,54.26867149502007],[-9.931008545260058,54.27098540923908],[-9.93091840240002,54.26908256512028],[-9.930214476197484,54.269685769095204],[-9.929085289143307,54.268021764976055],[-9.929410103055488,54.266503156246166],[-9.928319310183477,54.266185049101644],[-9.935304023125065,54.263015257662644],[-9.93481463223432,54.26450321144015],[-9.935074741449757,54.264658027851816],[-9.935913386348188,54.262802936988855],[-9.937470446743049,54.262626717857366],[-9.937958314553438,54.261850587870406],[-9.935455843266876,54.262288642564656],[-9.934162199488227,54.25926893165761],[-9.934901080998133,54.25896142991974],[-9.933275661251292,54.258323963288774],[-9.9349331345294,54.25680519709844],[-9.93550385722343,54.25140272558103],[-9.936497170084523,54.251230058946724],[-9.935103504733675,54.25141040392625],[-9.93438162471992,54.24994704301924],[-9.940229787511043,54.248829137011676],[-9.93928197712791,54.248104117670096],[-9.93131251504433,54.24914422825666],[-9.929578673410063,54.24892158344659],[-9.929356503931716,54.24796637914241],[-9.9286401913573,54.24872559641373],[-9.930812219388322,54.25040484227024],[-9.929266819193499,54.25208457162334],[-9.929760963083595,54.2536779321064],[-9.926701301228006,54.25736546532365],[-9.929676273395847,54.25994532263426],[-9.927802848496222,54.26123424175731],[-9.927053076373431,54.26619855014203],[-9.92423816597191,54.269522075979474],[-9.924080662899925,54.27313984737948],[-9.922590576615102,54.27464963578458],[-9.920738217676673,54.27439128849895],[-9.922988996977102,54.27220149383973],[-9.92146571688911,54.27322944056185],[-9.92029797312458,54.27073151604176],[-9.92162403940278,54.27076109836235],[-9.919246586742208,54.270146149454966],[-9.92162623858769,54.269129798757724],[-9.918354607216123,54.2690890727451],[-9.917815508916375,54.266408664230056],[-9.920116999268496,54.26377262785035],[-9.917284423004695,54.262376845806756],[-9.910665008602571,54.26249497205485],[-9.910619438233654,54.261670379233806],[-9.906831617754552,54.26140364534606],[-9.898690995758008,54.26348028474955],[-9.896540753490669,54.26468956944775],[-9.895627145238526,54.26664755442064],[-9.887968023629933,54.26912640363216],[-9.887964709716469,54.26827538760568],[-9.889737042504901,54.26778375590374],[-9.88813354002912,54.267888841848404],[-9.889946792729784,54.266211959548706],[-9.889004078967433,54.266565289584776],[-9.889915067328355,54.26480730714728],[-9.889310371888467,54.26353677314974],[-9.895197222236451,54.25907240709356],[-9.893907311254544,54.25588186740772],[-9.890510547217275,54.254591642031905],[-9.897154216114648,54.25077699320668],[-9.896676595834599,54.24829014350404],[-9.897974363398287,54.24481429464074],[-9.902005995010711,54.24248311177163],[-9.902064318883802,54.23875603981043],[-9.908142648339076,54.23888808789389],[-9.910330350046273,54.240470268828695],[-9.90974841218115,54.23889811251423],[-9.911287633117507,54.23666982148812],[-9.915266005834003,54.23992333012096],[-9.91484028545974,54.23808270253395],[-9.91585151485234,54.236810167968905],[-9.919102715946307,54.23649498022423],[-9.92402302726984,54.23378706035773],[-9.923172956943116,54.23211884057831],[-9.919431177514495,54.23170909733834],[-9.91453785901105,54.22920878096729],[-9.914493734236345,54.227808533204524],[-9.917273214746375,54.22688279008265],[-9.932068114808546,54.226891702575244],[-9.935323254556614,54.224972479555014],[-9.942166509954982,54.227086183699676],[-9.947194256038221,54.227199450981765],[-9.949362217166442,54.22498837442554],[-9.944127248815787,54.22010896175883],[-9.949190458891637,54.22107776435846],[-9.953544582908481,54.2201602327712],[-9.958641209320312,54.22237017387564],[-9.960504721580529,54.224787166836464],[-9.9600818590619,54.22761482526143],[-9.961172619617065,54.22947833304858],[-9.965221315533084,54.231713631534774],[-9.971263953992645,54.23748627534864],[-9.975110625457823,54.245387906487615],[-9.97707197306682,54.24705938702426],[-9.976787281656776,54.250161229192976],[-9.978511360141937,54.251536233928945],[-9.980157299950626,54.250742703842896],[-9.980503706852662,54.25217280761613],[-9.98055430379697,54.24950168019895],[-9.983397234746617,54.2496018834503],[-9.985003893926294,54.25123934227213],[-9.984903952417364,54.24861128543494],[-9.981536918093818,54.24852868861551],[-9.977271156447216,54.24416735127159],[-9.974530586044578,54.23871525455391],[-9.970505305588764,54.234402526161276],[-9.96996544445853,54.23057085975292],[-9.96414811224017,54.22581961416008],[-9.963034091158054,54.2226541476845],[-9.967154928774516,54.22163488086211],[-9.981996881131915,54.22546188151734],[-9.986229293606746,54.22492457714913],[-9.986262876755275,54.22396619204803],[-9.969443854009688,54.21763199616288],[-9.960161925692413,54.21518511928342],[-9.956173983137258,54.21534889494324],[-9.947969030061087,54.212731277264126],[-9.931329884984594,54.21325251574589],[-9.926344964101437,54.212084998369896]]]}}]}