{"type":"FeatureCollection","features":[{"type":"Feature","properties":{"name":"County Galway","source":"Tailte \u00c9ireann Counties National Statutory Boundaries 2019 (CC BY 4.0)","simplify_tolerance_m":75},"geometry":{"type":"Polygon","coordinates":[[[-10.201137369526423,53.544529945694144],[-10.196105931843537,53.54754391113273],[-10.192759785651278,53.54715021719623],[-10.193653788998441,53.54786349747975],[-10.188744965637882,53.54949427152007],[-10.189501807061772,53.55153113990528],[-10.19310212640132,53.55220278412978],[-10.192391087396759,53.55332790657492],[-10.193233971299408,53.5535326390182],[-10.192121496921345,53.5544756356727],[-10.191985689246975,53.5535321263969],[-10.191689614129368,53.554943578426865],[-10.191152986132396,53.55387937380828],[-10.190240271941704,53.556040143756064],[-10.1871570142617,53.55685330591413],[-10.18472845733411,53.5559167275712],[-10.181855528075946,53.55774851473569],[-10.18337961670311,53.557992900117746],[-10.178533621964517,53.557943414929454],[-10.174387316413952,53.56073639819914],[-10.173664104144367,53.559942102102454],[-10.16846571005875,53.56054019383096],[-10.164739854976862,53.56187427744999],[-10.161413194127688,53.560294134571635],[-10.162149953892687,53.55940551490009],[-10.160727050518616,53.55905287683128],[-10.16209596170466,53.55855570417083],[-10.158035055625454,53.55717342251406],[-10.16011885906565,53.55706395600803],[-10.158031929513673,53.55691602188433],[-10.158760511028044,53.5543141764902],[-10.160251771941981,53.55327672734963],[-10.155047577164874,53.55231063788448],[-10.152576114069179,53.55307746741813],[-10.152356411747142,53.553837875076795],[-10.154198434721625,53.55367113918507],[-10.15290507552148,53.554988336496315],[-10.158071014842488,53.55571431140602],[-10.15481392453612,53.55869302791834],[-10.157984705358167,53.55916263686147],[-10.158201348212062,53.55971427732717],[-10.150266760217166,53.56252489761122],[-10.155346153280348,53.5639611678927],[-10.154837728639803,53.56562017345344],[-10.152840404659958,53.56567709450703],[-10.152314346881166,53.56675165230592],[-10.144694883243044,53.56470405319813],[-10.14521463638206,53.563070327791564],[-10.140076891028878,53.56139318229188],[-10.135439228629089,53.557719562266506],[-10.130666278593763,53.55783434940129],[-10.128099115319774,53.5611699329499],[-10.124134867814142,53.56104055823319],[-10.110065784515335,53.55728063989212],[-10.112087642364951,53.557178489263585],[-10.112150933001807,53.556833618761445],[-10.111590344092448,53.55714445235918],[-10.110444718250795,53.55706817136997],[-10.111276678970397,53.55696089363261],[-10.105917527441644,53.55506516184182],[-10.095054709873434,53.55431948798154],[-10.092750186028631,53.557362539297785],[-10.095695504053046,53.5574908345599],[-10.097590545146145,53.5595016678135],[-10.10425591623195,53.56155649267111],[-10.114421292817532,53.56793625465334],[-10.120890561766164,53.57066109436172],[-10.127190938851864,53.57181844507445],[-10.129396492280803,53.57430040373553],[-10.129140828205244,53.57571818534732],[-10.127524675642261,53.576329748075864],[-10.122158073403098,53.576672275074266],[-10.118008893875162,53.573246788480965],[-10.117256737744418,53.57378998257902],[-10.118388632873186,53.574771611873444],[-10.117890807533476,53.5758012048435],[-10.11224435131853,53.577246649132405],[-10.107770912879808,53.575430488380654],[-10.108010852436337,53.576447104219035],[-10.099413755296087,53.577073310666506],[-10.097998358242393,53.57600649663545],[-10.098990036827413,53.57557958539269],[-10.096968181536301,53.57449588922535],[-10.0973754208283,53.57359131418448],[-10.09548314810009,53.572697491828706],[-10.092349375283067,53.57280935967771],[-10.093031641317978,53.573512667950034],[-10.086418457837542,53.57308628974173],[-10.081480370594539,53.575309579446554],[-10.0781432881759,53.5754036687148],[-10.078119043772464,53.57439564534844],[-10.07727809637714,53.57531590113122],[-10.068264681949485,53.57195674695917],[-10.0683242646789,53.56957978250499],[-10.064426802240902,53.567816213444914],[-10.06172051238245,53.56840904302382],[-10.062782479632935,53.569904529428044],[-10.062089137741456,53.570319424134254],[-10.051429004342141,53.56946195752881],[-10.045571347249195,53.572448850319766],[-10.036675194294402,53.56963598782291],[-10.027966334920468,53.56988564427035],[-10.01089624532106,53.56665800703963],[-10.012476327828342,53.56526431633863],[-10.010706853442537,53.56460054299999],[-10.010751807756455,53.5615095182825],[-10.019070547251237,53.56239814254814],[-10.020943935038801,53.56017280565792],[-10.01974046040405,53.558662091687005],[-10.017061393421722,53.55913651365324],[-10.009724840937805,53.55420936593135],[-10.011116678522592,53.55131716812394],[-10.005422386974523,53.549787833585924],[-10.006375562181441,53.54781911101479],[-10.00578187111145,53.54647603734725],[-10.001616640761531,53.545185818301505],[-10.002298779968296,53.54396981905942],[-9.99746523733213,53.544174102522426],[-10.000982375880392,53.54630548493654],[-10.000370754737187,53.547219612554414],[-10.004136692404458,53.54810374032342],[-10.002643038263516,53.548969879147116],[-9.981547058257194,53.546530773888314],[-9.984098478873616,53.54853558462727],[-9.987847499623431,53.54846370093895],[-9.991553744508932,53.54980682428919],[-9.991268070032842,53.55121029200481],[-9.983803534677044,53.55212677941616],[-9.980698433840415,53.556389747541026],[-9.975306793798676,53.55488611005921],[-9.97343080856938,53.55118969898886],[-9.969029187947122,53.548877418609706],[-9.968718974055829,53.55027473274421],[-9.966267320169285,53.55139418810555],[-9.965945099591966,53.55042676905495],[-9.962158443024736,53.55052910551123],[-9.953337512165927,53.55235299702886],[-9.966638511475983,53.55830085443165],[-9.978878617538117,53.5597582340773],[-9.980403245233688,53.55908345232158],[-9.979586497614223,53.55821229723542],[-9.985489124417809,53.55730079010417],[-9.983915138126953,53.556199851287815],[-9.987779181586548,53.556990757901765],[-9.990386695012312,53.55540872605784],[-9.99911232549965,53.556122678798005],[-9.999833417522527,53.55833811574458],[-9.995731764869655,53.55947586587796],[-9.997684453958534,53.56017537456954],[-9.998975991887301,53.55960626401299],[-9.998338439117413,53.558845795313815],[-10.001489664490608,53.55937993780243],[-9.999966213615291,53.56041651312685],[-10.000489561974147,53.56162496901623],[-9.992552912536416,53.56136579948054],[-9.992898442588029,53.5601947300105],[-9.99134594496505,53.55970999373143],[-9.991818193396591,53.55881519034979],[-9.990386566881865,53.558650601423096],[-9.991200803078229,53.558840870119305],[-9.98695012286619,53.560403171370325],[-9.987918168267683,53.560901565433745],[-9.986264531843858,53.56203510538015],[-9.987527658729206,53.5624898976036],[-9.985586027718762,53.56315877896009],[-9.987010691593573,53.564018616425436],[-9.985020108265084,53.56474255393604],[-9.979195543187302,53.5628968103208],[-9.982204622690755,53.561782838167005],[-9.97204440148459,53.56132366629153],[-9.975010107186066,53.562489271879066],[-9.97697413130805,53.566776665268705],[-9.978497712297154,53.5670249050552],[-9.976429879874576,53.56862825349199],[-9.97024309925294,53.567174253667766],[-9.970087542623107,53.566221159885686],[-9.967950339166478,53.566728804299814],[-9.968028542996526,53.56784477146302],[-9.96506174801207,53.56808381247731],[-9.96435541165712,53.57017418604693],[-9.962692588648858,53.56985660454086],[-9.963445429386997,53.57096486956358],[-9.961994763544716,53.57165909462623],[-9.964876072056743,53.57128236409194],[-9.965998762684004,53.572587793952664],[-9.969464243448014,53.57319458318997],[-9.974071361547391,53.57104616940796],[-9.98405895359901,53.5726847635257],[-9.997775224793108,53.573157240730815],[-10.008667418430111,53.57601649373671],[-10.017636799173637,53.57679604827788],[-10.023321204589392,53.578840503883605],[-10.025504783525205,53.579907916392465],[-10.02406920949431,53.58114320439956],[-10.025439675181802,53.582387288548865],[-10.03684958631001,53.587083745740685],[-10.035607226224895,53.58870244706426],[-10.044652503944612,53.594305077820664],[-10.044046741448293,53.59534147437787],[-10.044849094712102,53.5956362190209],[-10.043253193976378,53.59724165377992],[-10.044476149600873,53.597566867549176],[-10.04292548537356,53.598731001463115],[-10.043497986883207,53.6010736941866],[-10.05074771919717,53.603216623864455],[-10.047115057291176,53.60540888363991],[-10.049221565075484,53.6094243523975],[-10.047983661812811,53.61053836555959],[-10.042043736599078,53.60946392818706],[-10.040667959390813,53.61063104574109],[-10.034542269942161,53.61062625130995],[-10.028788010540671,53.60711768235966],[-10.018532298639272,53.60646457643864],[-10.010547936736968,53.60787845029953],[-10.00690570421992,53.611639320200034],[-10.001119915792593,53.61012496636675],[-9.996865014935603,53.61104863086111],[-9.989050046291672,53.608430909538185],[-9.98944735645128,53.607775297207674],[-9.988000339315356,53.60709632696725],[-9.975759206391375,53.607135982170256],[-9.977017875068638,53.604744465598266],[-9.976455247264548,53.603845225570716],[-9.972266664832505,53.60314151101183],[-9.972957792426453,53.602677311615636],[-9.968271387304164,53.60050889445165],[-9.956324453904656,53.599458264140424],[-9.947448627341426,53.60079432275967],[-9.932840433131492,53.59748052911442],[-9.926291269187333,53.59838323795845],[-9.926386046950746,53.59763840941714],[-9.92220618196689,53.599043085569846],[-9.918310728445219,53.59810834005757],[-9.918778666538536,53.599715795826725],[-9.910455249703967,53.600867991402986],[-9.906102029944927,53.60747120874668],[-9.89922012680368,53.60603618566611],[-9.891127636645757,53.60659273783079],[-9.904416502203517,53.60888906056902],[-9.902823473938348,53.609285755620824],[-9.901607977676006,53.6122430213716],[-9.903534413387664,53.61334886468343],[-9.898637161524375,53.61447291546942],[-9.893132572781392,53.612472556543395],[-9.89210551081657,53.61242620204022],[-9.892039836871925,53.61342659520975],[-9.889174690299075,53.612895866394226],[-9.88930254333785,53.61409868449735],[-9.887030676798895,53.61462573820635],[-9.88833396691192,53.61528074749578],[-9.878830650913349,53.61343524496246],[-9.878320390653402,53.61454525105403],[-9.87558391987517,53.61513728818755],[-9.876532734813297,53.61708862263867],[-9.875668825409083,53.61745039724965],[-9.872477290684579,53.615389478281166],[-9.871076631358918,53.616024259317186],[-9.857083917503072,53.61325213836382],[-9.857224817844735,53.612487056769126],[-9.852844907008183,53.61154319472257],[-9.848767634377479,53.609043327966404],[-9.847805509967145,53.613265996812636],[-9.852144901184529,53.61408146068436],[-9.851857681015007,53.61511423104906],[-9.853971932451405,53.61596773343119],[-9.860501917257025,53.61625621623166],[-9.865435311789831,53.61829381268331],[-9.867549843297347,53.617904959834384],[-9.864620023128541,53.61912542804677],[-9.86054815828557,53.61897576233229],[-9.859891757653365,53.61907907290427],[-9.859757954613087,53.61920794514134],[-9.864687678128316,53.62039294685989],[-9.865813490305289,53.619635223899806],[-9.872272767655252,53.620443161177214],[-9.879188301734121,53.62495268419786],[-9.872811493489555,53.62396506347735],[-9.87174415877831,53.62543810399503],[-9.859056732209842,53.61981732906487],[-9.859298926739525,53.62073658853143],[-9.851204031784325,53.61811124243289],[-9.842932366716637,53.61784320177295],[-9.83006604070491,53.61075024362974],[-9.810174842883534,53.60633646249799],[-9.803830335324982,53.60066926726987],[-9.799884989828453,53.60099416413073],[-9.796369162327109,53.59987888443855],[-9.790967275629901,53.59546872290772],[-9.785321312857509,53.593017207051666],[-9.78567826908628,53.59491881999975],[-9.783696254505463,53.59604434779666],[-9.77939823774061,53.59553371858986],[-9.733365396035307,53.60023080751577],[-9.716646934546107,53.598169371004005],[-9.706499055172777,53.59622830567447],[-9.705323961182316,53.59503732781007],[-9.702588992795203,53.59478201640409],[-9.701050544199246,53.59575757966401],[-9.700517647031418,53.59507530356246],[-9.696956785617706,53.59656777484194],[-9.697653244279273,53.596187231505134],[-9.694781472591416,53.59575937503815],[-9.691483922385475,53.603475661795045],[-9.68821056325831,53.606420757022434],[-9.67836554802667,53.610086601989195],[-9.674715357462746,53.609503398919706],[-9.675499924478856,53.60883161494624],[-9.674468903668934,53.608640904882655],[-9.674230178581373,53.607170942726576],[-9.67210325194201,53.606845610384994],[-9.67087787912604,53.608836994309975],[-9.671620001569499,53.61204611505007],[-9.669548721228692,53.61277286207276],[-9.659950699144987,53.61026534442943],[-9.652290389878187,53.602354768244375],[-9.647090778802482,53.60038770780735],[-9.642230134387265,53.60119962753316],[-9.635145297952288,53.6046766221129],[-9.62913011595708,53.60571908437564],[-9.620428746119481,53.60537601205005],[-9.610622717284421,53.60656402625342],[-9.600375663494498,53.604194676030346],[-9.589954952107547,53.60012616235111],[-9.582805038561322,53.59913240236564],[-9.57637059631886,53.60095201412043],[-9.564783419893695,53.6126012015607],[-9.558114130002282,53.611069679068656],[-9.555542462556186,53.608042973258],[-9.556300554378518,53.605188442057404],[-9.555250920529446,53.603479291712596],[-9.55736370509796,53.60123584704044],[-9.556982643003614,53.59969479115627],[-9.545178992297426,53.582072749996144],[-9.543586406641916,53.58125334586298],[-9.544213531642818,53.58082035707399],[-9.540822353597036,53.58206110033458],[-9.537014102042034,53.58196596982537],[-9.521770747434582,53.58042306524706],[-9.519940617795127,53.57788807655709],[-9.511997898418157,53.57829558229168],[-9.512411690554021,53.57698692119394],[-9.511412546997418,53.57567404700351],[-9.507399582721062,53.57473255743093],[-9.507586205913235,53.57323475772979],[-9.505851334979992,53.57193771461789],[-9.497730466037176,53.57052090179338],[-9.496068065508933,53.56851398562128],[-9.490338237315452,53.568123922787414],[-9.486396667736981,53.56434690211471],[-9.48143141538041,53.56612926860306],[-9.481312822459554,53.562281373089704],[-9.437537223087956,53.565459830636996],[-9.429580314201072,53.56394509767824],[-9.423392763413759,53.56406431959293],[-9.414409540065613,53.565533616852576],[-9.411983229089133,53.56757390722541],[-9.408757170624432,53.56837192202711],[-9.36090740697451,53.57360577856725],[-9.356657884340672,53.567882830020324],[-9.345670182221001,53.563366232512124],[-9.346765526622697,53.5600018002688],[-9.351399828104293,53.55583920946298],[-9.35342367292896,53.55186873789376],[-9.353173329410167,53.546849724822636],[-9.34934492583892,53.54605245233152],[-9.350297477015516,53.545479522774045],[-9.342218819620582,53.54158349713229],[-9.338301321487187,53.54125228379464],[-9.338336862512476,53.53998839928018],[-9.334582509516922,53.5396396007592],[-9.326332360297794,53.54042839375307],[-9.324016558867648,53.5426395536984],[-9.321117834965976,53.54258628918367],[-9.319195258497365,53.54402080804643],[-9.322333728731941,53.54574624821255],[-9.320262586236604,53.55015572781278],[-9.31456428615626,53.55079982903089],[-9.310789006144345,53.5553749236236],[-9.306293423586643,53.554595753391105],[-9.303476005847603,53.555329273916215],[-9.303564850750321,53.54939295967091],[-9.304477095237559,53.54847581575449],[-9.307171084298387,53.54864026340586],[-9.30679921811834,53.54553286767357],[-9.296062404573446,53.544447686065006],[-9.28868013608958,53.545869129745896],[-9.284518199883086,53.548015872964385],[-9.28386776008344,53.54213929441592],[-9.288388239082535,53.542876163251606],[-9.288244314841718,53.5408177087229],[-9.289280373137803,53.54054579371949],[-9.287818976514972,53.5380192775091],[-9.282703184034009,53.53408285440133],[-9.285518382765956,53.53145422781181],[-9.278719153420617,53.52537627131869],[-9.279148026050915,53.51535701636303],[-9.23555114595669,53.499449499992394],[-9.236583509904598,53.480245028854796],[-9.212497140642128,53.47849690874941],[-9.209124108778733,53.47538733388581],[-9.211175772209666,53.47347130162174],[-9.209445081358897,53.47239931720964],[-9.20495200463338,53.47250355068004],[-9.201405110682416,53.47526532270685],[-9.198187234214766,53.474013850088866],[-9.191902438494493,53.475701958679615],[-9.189796990604192,53.475302155982725],[-9.188254970296853,53.473186558415144],[-9.182016418858082,53.471926178460095],[-9.175000868080899,53.473881416439866],[-9.175415283239216,53.4765296581398],[-9.169378191365812,53.47975094399593],[-9.161669656253544,53.48051593630083],[-9.158324102035373,53.482673286577786],[-9.155200352948752,53.482729901143365],[-9.150662655403869,53.48074077249122],[-9.146544278356828,53.48099711116667],[-9.142049131451486,53.478307789782626],[-9.136848241461749,53.477229563513205],[-9.134096338995457,53.47804240131996],[-9.129528108410282,53.48240450087665],[-9.125017630614373,53.481907266065804],[-9.122568759184384,53.4846404902659],[-9.123098322271323,53.48591060337467],[-9.11695255284617,53.49137645121414],[-9.115875237136551,53.494287762887524],[-9.108739783213299,53.49515527798497],[-9.105869013142907,53.49241866347027],[-9.09936114325873,53.49381408103704],[-9.099026396377987,53.497263456533005],[-9.096255709793079,53.49907875098236],[-9.096226681007408,53.50090639720032],[-9.094958429899169,53.50214264964943],[-9.095619755350016,53.510175769784844],[-9.09380021309086,53.51227996883246],[-9.093629531671406,53.51494462110498],[-9.092070532824012,53.51609731970433],[-9.090174753372214,53.5160331899914],[-9.081632056993847,53.52133841315215],[-9.075176955560165,53.522108994121076],[-9.071182843182259,53.524273840836514],[-9.064588111758043,53.52511814521108],[-9.058247957823664,53.52758660488338],[-9.055057596537704,53.53238769278679],[-9.054673024035909,53.53542611512439],[-9.040933246783254,53.537070783697985],[-9.037680319359342,53.53570015614314],[-9.036073441051647,53.53668197929647],[-9.036022075038531,53.537953743931425],[-9.034086638272132,53.53897100871312],[-9.0375407135662,53.5408212370625],[-9.036401552064417,53.5418164030185],[-9.036949494080492,53.54289787401666],[-9.0345843365549,53.54498707212584],[-9.032366540572996,53.54533644960648],[-9.03205257282648,53.54667761916389],[-9.029583725954064,53.546800642046094],[-9.029341920688173,53.54851095451102],[-9.025284758241439,53.55164743131986],[-9.028817497267557,53.55214703221922],[-9.030531114774945,53.557514148221394],[-9.033001173134435,53.557849688405796],[-9.03534888285348,53.56016170403459],[-9.041419459598066,53.56167986385473],[-9.038722820965942,53.564398299025335],[-9.041847384353808,53.56600974780168],[-9.0415725716032,53.56799619850149],[-9.044113212990613,53.57634528142751],[-9.046181912727313,53.57673539832717],[-9.039220370809925,53.58161575523853],[-9.029180325467207,53.57928808247287],[-9.028625138873382,53.58068046802169],[-9.02323182310546,53.58043386847107],[-9.00682932001686,53.584077848236745],[-9.009042304807377,53.59112248788514],[-9.012506753766006,53.59575844461727],[-9.015412197945048,53.59682079696998],[-9.01540520158706,53.59820668192101],[-9.007023298385354,53.59877035222294],[-8.999736201211363,53.602264695056896],[-8.992746249405023,53.597145575314144],[-8.99006784163109,53.603159736250916],[-8.986577289946315,53.603118026705594],[-8.98454301936207,53.6045191274765],[-8.980264205258608,53.60499741767504],[-8.981214095019428,53.60729646791614],[-8.980776524231093,53.609610259168235],[-8.985204172809155,53.61360380415175],[-8.984555898081993,53.61572907084807],[-8.988230635635064,53.618656161147214],[-8.978840534295603,53.6242176616761],[-8.974939206330632,53.62541956019142],[-8.973994383239871,53.62737765840067],[-8.974569474224758,53.62978069846611],[-8.973091059752011,53.63371955176882],[-8.97505965357931,53.63809229950243],[-8.971576300425381,53.642520266619044],[-8.974971437055105,53.642369958078376],[-8.97906265528173,53.645193188133796],[-8.971401962952308,53.65535841062455],[-8.963079806057415,53.653987673611105],[-8.954787074734972,53.655733441157764],[-8.94833410752888,53.65903964349978],[-8.946658484954071,53.6616338623332],[-8.942739293075544,53.661910086551444],[-8.925324693024764,53.65328967887082],[-8.916630955157594,53.64698194764039],[-8.913016359797481,53.646167844586756],[-8.91201596499965,53.64393924511352],[-8.901391888455745,53.64210509477751],[-8.898716880092229,53.64740846636915],[-8.895486846812805,53.64871804155087],[-8.900306402880593,53.65259052375833],[-8.899490417523703,53.65295316271253],[-8.882751718611445,53.65249365591666],[-8.880228529532973,53.65375788037756],[-8.87630220882018,53.65370350806487],[-8.873726139807264,53.655495882150866],[-8.869438404326981,53.65494949606415],[-8.86630739164786,53.65672446554609],[-8.862009096290524,53.654453060777804],[-8.858271874356163,53.654653001931976],[-8.854369276707626,53.65315639896372],[-8.842695416689034,53.65296094512644],[-8.838069627793992,53.65618026535851],[-8.837892398672663,53.657525194378834],[-8.836415200841685,53.657319579802284],[-8.834940158823246,53.65901983945246],[-8.824918410755748,53.66313587079824],[-8.823288755653238,53.66498888778627],[-8.819314215279059,53.66594808771429],[-8.814932797243854,53.66200991801397],[-8.80909532590837,53.66085275088917],[-8.800913325363787,53.65729862876713],[-8.794293321200014,53.65703935215615],[-8.785759263458507,53.658719412846374],[-8.777852203130175,53.665177321189056],[-8.773530910462249,53.666434916059806],[-8.769030385130382,53.664083617161374],[-8.761403174674799,53.66389299602111],[-8.755845127478835,53.66588171276797],[-8.74956213118884,53.662465738667365],[-8.745105593754598,53.661981607693086],[-8.739964862857297,53.66261149378127],[-8.733849784031882,53.66582459883512],[-8.729079829166926,53.67121491248415],[-8.72466508079411,53.66966499983728],[-8.723446897022411,53.66505607372614],[-8.713214032066476,53.66589976167156],[-8.693991290042588,53.67142456352286],[-8.673164960187115,53.675184266558546],[-8.666991666597859,53.67547210224164],[-8.666004680156425,53.6746865305256],[-8.659031213375862,53.67579466535142],[-8.655532534348346,53.67692705460522],[-8.65545786190633,53.678855933727306],[-8.650806279860301,53.683044905034755],[-8.640990631565277,53.68579200480844],[-8.64114022256908,53.68924650751398],[-8.645259357149953,53.69398161197658],[-8.639801948881397,53.69772557975656],[-8.63632367190126,53.698204199848476],[-8.634400627301835,53.69973056611276],[-8.633634292509123,53.70076511012121],[-8.634752120574273,53.70419249596514],[-8.624011845453238,53.704724783496545],[-8.619795944838355,53.70604646328729],[-8.613492231495128,53.705090092718265],[-8.608837272910613,53.70596474702737],[-8.605622989710106,53.70749745254847],[-8.606582397800661,53.70881453548757],[-8.604316918450888,53.710495240057405],[-8.581074611461636,53.70864412790562],[-8.582831347136393,53.71375301907765],[-8.57370826056393,53.71891153692409],[-8.568482574784307,53.71664590173629],[-8.559405539062054,53.71589120633471],[-8.550656931923012,53.71870881723267],[-8.533873417098427,53.71630648769828],[-8.534536304283883,53.718887343598865],[-8.519772249806028,53.71227169380825],[-8.488232615132926,53.715770163944946],[-8.468189135822696,53.71537342619048],[-8.458024325169612,53.71145238123751],[-8.458651058129947,53.710656227650375],[-8.453040538929434,53.70826272241882],[-8.452610482478413,53.70582144027341],[-8.446158482144483,53.70511459180351],[-8.441889826279592,53.70331227937217],[-8.444512679310058,53.70237172225551],[-8.448883238599418,53.69787105914098],[-8.4543845767141,53.69998833717992],[-8.459425683927204,53.700076975778934],[-8.457967825431549,53.6967891836123],[-8.444004711628924,53.691478832849455],[-8.447194632875767,53.687700226102244],[-8.446555137108874,53.68634562450067],[-8.443564304658805,53.6849494971169],[-8.43854657687318,53.684462500972316],[-8.433934012901128,53.68196541812236],[-8.43614730163076,53.68102414056224],[-8.437377919143737,53.67700331612968],[-8.435538883216932,53.67661758613671],[-8.433334743871486,53.673572820173554],[-8.427734899716805,53.671095258382884],[-8.428208557331521,53.67026227760679],[-8.42528216016686,53.670844363998754],[-8.415721715121759,53.666682651953835],[-8.411226336281054,53.667071184731604],[-8.406323902930925,53.665386933851245],[-8.402980147813373,53.66624410546299],[-8.398576234652243,53.66514795839348],[-8.398053165360793,53.66319078272043],[-8.393592118744674,53.66109312250554],[-8.386452081363133,53.65995847421976],[-8.38585665152726,53.65869958644879],[-8.38182954340219,53.65685237644067],[-8.380477624592436,53.65424669840289],[-8.377210885314591,53.653160660541836],[-8.373680689054508,53.65502380584523],[-8.371039861410747,53.654809484864515],[-8.365832049515605,53.65154846765862],[-8.3628296669773,53.65108305201032],[-8.361654390921428,53.645701811305145],[-8.364448811769957,53.64112567296873],[-8.366998646822633,53.64026307568075],[-8.377217369889589,53.6436847245304],[-8.377275488307722,53.64272712493913],[-8.38322388715224,53.6398405740942],[-8.393466477040784,53.64019227077945],[-8.39493304233087,53.63965545643919],[-8.396454133447781,53.637011124725845],[-8.397332228489242,53.63279436459655],[-8.39633576242068,53.63139492898379],[-8.39940877463101,53.63220357979715],[-8.400241470099385,53.63042946678729],[-8.399603298201878,53.62957256431448],[-8.403722813250495,53.62790614856959],[-8.407419406326715,53.6277706611554],[-8.410904779614455,53.62488516601924],[-8.397109386541837,53.6269611092217],[-8.389895607553234,53.6266642180865],[-8.388797888415192,53.62502645530889],[-8.393410667667167,53.623669743268806],[-8.38655816398271,53.6191803876965],[-8.379070924650556,53.616949602371655],[-8.380392225752198,53.61151126168003],[-8.382538888564245,53.61028561412373],[-8.383642302072833,53.60549008187085],[-8.378701845484748,53.59903478424814],[-8.37362413167975,53.59875756645288],[-8.367503350982158,53.60106515462262],[-8.363794440397733,53.60036631226992],[-8.360279974721662,53.59819084712146],[-8.354015736178846,53.5987856193508],[-8.351829248629864,53.59499834861957],[-8.35229054589749,53.593573028516865],[-8.3497189916788,53.59166071867746],[-8.342443750407302,53.59089113683034],[-8.337469389860706,53.58808633316089],[-8.34270140652918,53.58220804850796],[-8.342898773991822,53.579973211939844],[-8.341850929775262,53.57848294854879],[-8.333199696088924,53.57682203964866],[-8.323100084742364,53.5773728159847],[-8.314598582195366,53.579121801653734],[-8.306542752083725,53.578173857223746],[-8.305732160053433,53.575136451254835],[-8.302127740350963,53.57437434045576],[-8.301064018760957,53.57245287896391],[-8.296998559201144,53.57221944936685],[-8.290245412999193,53.56958857430451],[-8.282944422787523,53.56469110919873],[-8.283913731728461,53.56318683226924],[-8.28809344137175,53.56185202973211],[-8.297925478532655,53.565969984386115],[-8.30400245278082,53.56424138508412],[-8.305228016380877,53.56122468560323],[-8.308143310059444,53.55994259116559],[-8.303160574306819,53.55873443402154],[-8.30049811240656,53.55630903404585],[-8.29550525479863,53.554250716300174],[-8.295674070944138,53.55307546565729],[-8.2982852801113,53.55133738950541],[-8.29848952584274,53.54851453137443],[-8.291268445005457,53.54509066964351],[-8.296218535509679,53.54354842488729],[-8.296613424146829,53.542265893933894],[-8.284975677515126,53.537730645025434],[-8.291381065324574,53.534656703482234],[-8.294191040428972,53.530610760780256],[-8.278376007955126,53.52537357500729],[-8.2769440337249,53.52394632738263],[-8.276628083594815,53.520861837993046],[-8.277807271599773,53.519690950658834],[-8.280992352820347,53.51857487303908],[-8.285393344777077,53.520108327840276],[-8.291172750665497,53.51805418806812],[-8.29034425292442,53.51573415584074],[-8.291749150036184,53.51460369528413],[-8.292997621941367,53.509462095415024],[-8.292640150268467,53.508252172916514],[-8.288847280690293,53.507396021204585],[-8.285754175075317,53.50449310599321],[-8.28251828817435,53.503295453153214],[-8.283135171756054,53.50207640073623],[-8.281168229366022,53.49902579046978],[-8.275264341343153,53.496045917262364],[-8.27484527562381,53.49423430275784],[-8.28077392446722,53.4905307405573],[-8.28157755046066,53.48810990686812],[-8.275334071902959,53.481314996023606],[-8.270497826804478,53.479418035076954],[-8.275394233005942,53.47726979299601],[-8.280273390186883,53.47711430263848],[-8.28303208691672,53.47472021623767],[-8.287320175057951,53.47321587108205],[-8.287493246516407,53.471800551087085],[-8.279919718548163,53.46946044735106],[-8.276920686708358,53.466768383261204],[-8.266467425248248,53.46356117075048],[-8.262649400946627,53.46112552563142],[-8.263615608685363,53.45899473486007],[-8.262681204983537,53.45582885186444],[-8.252803299128367,53.45218176141175],[-8.251038549971414,53.44999017059932],[-8.24154879117224,53.44775045291523],[-8.237882910726443,53.44497809288817],[-8.237590378862755,53.44415330031518],[-8.239497982166805,53.44288172325753],[-8.238916984232201,53.4407829848923],[-8.240776007709544,53.44031259468643],[-8.24044106085745,53.43901980698551],[-8.243612026357043,53.43809777957523],[-8.24424118612018,53.4366373960682],[-8.248909286074932,53.43818187730928],[-8.25445231893831,53.43613341869883],[-8.260976907524784,53.435341470947144],[-8.263125478788048,53.43321168016078],[-8.262830128509352,53.42934701595682],[-8.259179399005436,53.42725148183126],[-8.258555221454301,53.42232384359593],[-8.256739995008857,53.42050647745938],[-8.258501859096025,53.415820234907386],[-8.257223355974723,53.413587363760904],[-8.254242384285046,53.4123736289917],[-8.24428183684843,53.41317808000098],[-8.239164909731262,53.412103876640515],[-8.238100157278271,53.41074215343859],[-8.238244120249359,53.40625239046875],[-8.233818800520549,53.40473632764828],[-8.231759920891346,53.40298630362684],[-8.231357016550493,53.40076730263904],[-8.224616995831033,53.39599477157546],[-8.226860744010175,53.390599896249405],[-8.231249144934592,53.3886554517206],[-8.230490113131907,53.386021802837405],[-8.236040727998567,53.38277220889607],[-8.234495379063434,53.3815991392925],[-8.236454414716535,53.38013912867012],[-8.237895380459525,53.380535832513694],[-8.242966165647744,53.375851748958915],[-8.246242839523406,53.37456941585983],[-8.243199110263323,53.369737165442764],[-8.243768464559269,53.367132898891256],[-8.242502729556808,53.365929072918426],[-8.237370662292694,53.36479582988037],[-8.238566255412744,53.360352566760696],[-8.237583568078026,53.35821242033216],[-8.231639398549927,53.35891310488821],[-8.227565230606213,53.35614611945848],[-8.2298766127038,53.351354807770115],[-8.23250480611991,53.34965151742149],[-8.215829209653783,53.34655151785169],[-8.213568475644587,53.3441054917315],[-8.209470787922724,53.34517032020494],[-8.205941413761586,53.34762123474303],[-8.199948088400388,53.34777711339732],[-8.19721089725003,53.34103601314065],[-8.195617574945757,53.341199555824346],[-8.193512223621202,53.335540111326445],[-8.187615578928606,53.33618655918687],[-8.188310293793746,53.32979385765843],[-8.19059114784086,53.3288852129047],[-8.186852896087466,53.32228373302218],[-8.188936648292533,53.321947942420195],[-8.192225224907286,53.31898955894065],[-8.189973604846678,53.316986102286954],[-8.190331235335742,53.31330816468446],[-8.195389136603922,53.30780329919371],[-8.190026596408984,53.30675402997077],[-8.187285181385816,53.30431714502502],[-8.187947510068025,53.30129868904353],[-8.183629811821643,53.30037183426034],[-8.181749934886899,53.294822842063205],[-8.179941154344082,53.29343508598203],[-8.179534425351067,53.29067237853183],[-8.17452166725645,53.28754594390089],[-8.153544198649476,53.287345489926054],[-8.14901092802954,53.283845094788525],[-8.150376296827647,53.28183861701297],[-8.149725687898089,53.28055470311037],[-8.142359924634137,53.27901822232882],[-8.139660285663224,53.27896716852584],[-8.136789296043062,53.281244943618745],[-8.133086009369881,53.28195400443708],[-8.099164580601368,53.27801437870549],[-8.097110325317038,53.275753699775706],[-8.094312960493285,53.2757476408142],[-8.092607643749115,53.27452012564775],[-8.089635277379589,53.27407129236764],[-8.08781650539712,53.275009265680175],[-8.085117586597057,53.273544951243586],[-8.075679522826361,53.27237473986174],[-8.0659220178784,53.273559578545324],[-8.061712088043663,53.2714285777459],[-8.058159266504298,53.27136997944864],[-8.056152525648693,53.27177455825319],[-8.055684924767423,53.27407829940259],[-8.043906880107038,53.27193940432299],[-8.034947189043043,53.263944704605144],[-8.029203409365849,53.26300685101362],[-8.027749439920184,53.25340190895401],[-8.009507462193088,53.25143922419829],[-8.003793315633054,53.24942791270113],[-7.998712693513268,53.244345477320834],[-7.980309118675401,53.23866641060506],[-7.971391098866146,53.23271400601486],[-7.967336821634356,53.22646330500847],[-7.968369245193085,53.2225323691854],[-7.969847787863461,53.22096870665745],[-7.969254104182266,53.21884303853771],[-7.970612214848291,53.21777669076944],[-7.970342712558158,53.21507166150807],[-7.971363044344265,53.212981720887285],[-7.974249482723744,53.20941640248354],[-7.983345969618003,53.20275935946277],[-7.984955544557481,53.19997631719934],[-7.99270495253887,53.19341289860628],[-8.001938691584344,53.192634719319],[-8.009364964004085,53.19442471684224],[-8.020314085194622,53.19456621310586],[-8.023309459665288,53.195804688038216],[-8.03020976941438,53.19403903150242],[-8.033842450654042,53.19378450942575],[-8.037168661107357,53.195071386937094],[-8.049905990490943,53.19360772183706],[-8.061682675371104,53.187964766237116],[-8.065710676188381,53.18367141817613],[-8.06947092204768,53.181787594884874],[-8.074287522204811,53.17597983178691],[-8.08199837796125,53.1720192778409],[-8.083874478431795,53.17004333217373],[-8.081469693565772,53.166690708790846],[-8.084182257273474,53.16306148816505],[-8.106238090242876,53.15990910179952],[-8.11861104356963,53.16066292762078],[-8.124989649425926,53.1594916351696],[-8.130922515602903,53.15645985844611],[-8.136225706073207,53.1519392506308],[-8.147955127896793,53.145235393526455],[-8.14814276527919,53.14389685224693],[-8.146259254777057,53.14278784482137],[-8.149703113091622,53.14010051319373],[-8.156162380210635,53.13555460862169],[-8.161008483183805,53.134808153265745],[-8.162371556426857,53.1299052164434],[-8.165182235613416,53.126126338565214],[-8.170296361106628,53.12360424340712],[-8.172264181360964,53.12107627528153],[-8.171867678032623,53.11809552426353],[-8.168754951019702,53.1143171740254],[-8.174532845783745,53.11126412917441],[-8.188977515178921,53.095443233015835],[-8.193879179483114,53.0910633582836],[-8.196999068708816,53.090114592985984],[-8.197017389270423,53.08712755087927],[-8.198432202952732,53.08420360605203],[-8.208468923998785,53.0794447266775],[-8.213553159314923,53.07839995633757],[-8.218742348787417,53.06761347470421],[-8.249339679557563,53.06327403977973],[-8.267760137262636,53.05636351715994],[-8.268703984317025,53.03663234637078],[-8.278475141846581,53.01868087666528],[-8.301827023567748,53.0074530198236],[-8.316738686308536,52.985143226312424],[-8.338860440350864,52.98754853836295],[-8.345508287240335,52.985047144300474],[-8.350077652162712,52.97951614804138],[-8.351562057363067,52.975686566237385],[-8.356145199379803,52.97457322808325],[-8.358811081036222,52.97127071188681],[-8.36648590710018,52.97204134978449],[-8.367429147898406,52.97447915852469],[-8.36648222194623,52.97595811402629],[-8.36930179079846,52.97733958160381],[-8.371446027274484,52.979955725536136],[-8.384802300811266,52.98349637147944],[-8.397214547836892,52.98432470101063],[-8.402836440803346,52.98640185956024],[-8.406420851133278,52.99115560561524],[-8.407653426230791,52.993854375784274],[-8.406860939308823,52.99385757531767],[-8.40875240245427,52.99484805647974],[-8.418751125959936,52.99326016720802],[-8.424065764769928,52.98338753100942],[-8.443850545800883,52.973860308574814],[-8.450077451625464,52.97226506180721],[-8.456191255740862,52.97646053252202],[-8.461154762000856,52.98216425924021],[-8.484862377771563,52.98887028193083],[-8.491169538852034,52.98738894071802],[-8.4979587825169,52.98369547232438],[-8.502505211465696,52.98313905814424],[-8.504573852083663,52.990363258222466],[-8.510057208249869,52.99862235649019],[-8.510477968466823,53.002582271721714],[-8.508535205036152,53.006274067964796],[-8.510446148363513,53.00683151198716],[-8.511094718199173,53.009431265847354],[-8.516300156236992,53.00999161421722],[-8.516897613102133,53.01214012282525],[-8.523948093903309,53.01166444176916],[-8.526316395087932,53.01800515136362],[-8.525236209121251,53.020609856189445],[-8.52819805635062,53.02371611171798],[-8.536778924406212,53.024450354484486],[-8.5476778598578,53.0236326498459],[-8.551395934109614,53.02234069830787],[-8.556359067751547,53.02640339049228],[-8.560075569205274,53.031002122646306],[-8.560296412563796,53.035945108335675],[-8.554491569054933,53.042195231793976],[-8.606690333662188,53.038532692722086],[-8.615280355721751,53.03742657094158],[-8.620211819538492,53.03522223828559],[-8.626742454581066,53.0340919694885],[-8.62834857830096,53.03857761105656],[-8.634534623074146,53.041767502039185],[-8.642524000495024,53.039299483297555],[-8.646405015801875,53.03983538075608],[-8.65101492653878,53.038266971857134],[-8.654108871921355,53.03983160277461],[-8.666870817836454,53.03916979701823],[-8.671966081165824,53.03704480236558],[-8.675456509380563,53.03758045732661],[-8.68251603560298,53.03402255286911],[-8.6822426856993,53.03161760701578],[-8.692105009514293,53.02944047046997],[-8.694114485337398,53.02657947914398],[-8.69676750151211,53.025413088063694],[-8.707892544870269,53.02531666921736],[-8.714257173286294,53.024061949514525],[-8.719689722518842,53.025420565449046],[-8.729029594789182,53.017815235868966],[-8.7318778009203,53.01427386430545],[-8.738683672853547,53.01096640730731],[-8.73929345532581,53.00866728199731],[-8.736960366250859,53.0059527721858],[-8.741288060218528,53.00251252550844],[-8.75142417381379,52.999300637035674],[-8.758401407617498,52.994263446622874],[-8.764688105240914,52.99130211376195],[-8.77355447820002,52.9898461595323],[-8.77878047139535,52.98769659243125],[-8.779435240127015,52.986798771718185],[-8.778437852231994,52.98392865716665],[-8.780526596579579,52.98228754993711],[-8.778836221017043,52.980005232796586],[-8.78001548950489,52.9785120933811],[-8.779107740165262,52.977619310308846],[-8.780182365986214,52.97619072088759],[-8.779379442358497,52.975269973969624],[-8.786256611694027,52.9719000039798],[-8.786497486808964,52.97412966729858],[-8.794473569898967,52.97657624362575],[-8.79938050746352,52.97462805625288],[-8.79991721662022,52.97768776056324],[-8.802372727621199,52.97921581698551],[-8.805343567827189,52.97924739990711],[-8.809075212065197,52.97534970747616],[-8.811094636547153,52.974967728104914],[-8.812779956127109,52.975420533191894],[-8.812194665749825,52.97634094986886],[-8.813119279181755,52.97694299127234],[-8.816657314157933,52.97719887855542],[-8.81696985252555,52.978358279292756],[-8.826134915004966,52.97871610089176],[-8.82721570194436,52.98181947575],[-8.832269643928532,52.98132533453004],[-8.83183739285238,52.98342044462746],[-8.833607203922698,52.98513776567698],[-8.833020936410596,52.98876403892078],[-8.83677612961166,52.99049791703185],[-8.840587805919116,52.98663916362772],[-8.84633327844891,52.984896736819586],[-8.849959442060419,52.98625206951359],[-8.849886819458414,52.9835066343936],[-8.846333693658952,52.983323923371124],[-8.8457505538247,52.98103158666744],[-8.846678668650634,52.977165315870614],[-8.851327175830788,52.97330832028848],[-8.850608454667292,52.97202568015789],[-8.858573034804488,52.96815653801607],[-8.860585059300686,52.97073379385506],[-8.860294096793586,52.97894717871279],[-8.863569293427844,52.97933637590936],[-8.868105693607022,52.97768733684348],[-8.8704062413916,52.979637030457795],[-8.874242991529398,52.98000762064927],[-8.877171961251607,52.979628988808614],[-8.879617653922672,52.97727060976626],[-8.882599145815327,52.976481899512436],[-8.885133800629218,52.97795153009826],[-8.886259783158136,52.97911276606931],[-8.884459691409564,52.97967732020666],[-8.883769101190437,52.981232954969165],[-8.88486207594726,52.9854028087084],[-8.890809863907586,52.99091712116854],[-8.886604544668177,52.996051991266],[-8.890616343487187,52.998906728586654],[-8.894627812623863,52.99894511092352],[-8.896277554145925,53.0007457601385],[-8.896931735865625,53.00336499038695],[-8.895678903077691,53.00563580471044],[-8.898759533950184,53.0082237712592],[-8.898197530918017,53.011625023982596],[-8.893587107788038,53.01051781008614],[-8.883451155613228,53.01639580908886],[-8.885463317887298,53.01760577264357],[-8.885623103038407,53.02065166227963],[-8.888051613218733,53.02291614647307],[-8.88872194218992,53.026328843166006],[-8.887862550072542,53.02801819180819],[-8.890733367460381,53.02852892591469],[-8.892621164246155,53.030712942526485],[-8.899737606495716,53.03323144574184],[-8.900399854054502,53.0346298740599],[-8.899025503250133,53.03630901619097],[-8.899703485814898,53.03790123847586],[-8.898995654929266,53.040652349681764],[-8.900175591931333,53.043304081047864],[-8.89991629687434,53.046234627855775],[-8.901794300261779,53.04641771356608],[-8.89062753852051,53.05534707519538],[-8.890550714028747,53.05896058405098],[-8.89161213707304,53.06067714250763],[-8.898930587438405,53.06186281398532],[-8.905293615904675,53.06617064078408],[-8.920143605327116,53.06621054740395],[-8.922476170075523,53.07034271476114],[-8.928922670768666,53.07412390980255],[-8.932946963890911,53.07786132477866],[-8.944959652374147,53.08239518341228],[-8.946164121933318,53.08430184673312],[-8.95301921851744,53.085936543468684],[-8.952445022834395,53.08682101459838],[-8.97030211313953,53.08645136519192],[-8.97011276902014,53.088272365154175],[-8.973715963221924,53.09190960645614],[-8.98450854039652,53.093580500965324],[-8.984846066062099,53.09478063739003],[-8.98662125814872,53.09539740965655],[-8.993318894192765,53.09470933784494],[-8.998684363196308,53.09998933562759],[-9.001159170864792,53.100192410680854],[-9.003114793057478,53.10174045848364],[-9.006291991733915,53.10056642562552],[-9.011063750710626,53.10283890698126],[-9.013695786734013,53.10626173444121],[-9.019324802377069,53.11059809089809],[-9.020213999971903,53.11665027067255],[-9.02592212302754,53.12320213123395],[-9.0279553510735,53.130171674725766],[-9.02464839727646,53.135088213129166],[-9.026319282591198,53.13748425607717],[-9.025867001468617,53.140215274308055],[-9.01701877133755,53.139376565635224],[-9.009386935276588,53.140148956113386],[-9.008150805020813,53.14222869427243],[-9.005898597321307,53.14194529802935],[-9.01024727937537,53.14410918507679],[-9.008152374889882,53.14396874787344],[-9.009881368883882,53.1452587858818],[-9.009194365664694,53.1457935854192],[-9.008909346083858,53.14509923519628],[-9.007130203216859,53.145052397585076],[-9.006382483951509,53.146109200841394],[-9.008224279101569,53.14517715398482],[-9.007913305206737,53.1465228693629],[-9.008870297205508,53.146718533026345],[-9.007470919514365,53.14817118495457],[-9.005944289951266,53.147803599690086],[-9.005521982512375,53.14859819313622],[-9.00741235147698,53.14882668884064],[-9.004985915385427,53.148912970636694],[-9.004836011880913,53.14967295182443],[-9.006125522722813,53.1495356086448],[-9.005221101995135,53.15029619237751],[-8.997965779193084,53.148955757061074],[-8.997238648258376,53.148097213428024],[-8.998114452735834,53.14783976003955],[-8.996121995258997,53.14705615034421],[-8.99741223143417,53.14552201374762],[-9.000513319318522,53.14462644784106],[-8.99470030703989,53.14381671200883],[-8.996210270001143,53.145254663328],[-8.992140505815462,53.14626950242396],[-8.990557441984464,53.14497448088219],[-8.991848839908592,53.14435554031133],[-8.991759905638204,53.14360381134507],[-8.990448103487932,53.14482280771248],[-8.98915811630202,53.14376307885839],[-8.989154437556907,53.14483448616237],[-8.991425295115377,53.14627196276736],[-8.990686397217827,53.14728148828187],[-8.993711771212661,53.147589353309925],[-8.991514783102991,53.14858775486097],[-8.993122478685885,53.14900075739524],[-8.990969110290628,53.15063964539296],[-8.995609584891588,53.151742348458136],[-8.993236850437512,53.15356628646136],[-8.994543203983932,53.15478775472535],[-8.997331554395059,53.15382678788199],[-8.996636058256694,53.15475824291368],[-8.998240561019989,53.155905157879246],[-9.000919572422687,53.15487724807254],[-8.998467761413245,53.15638021612159],[-8.999301548820553,53.15691351244723],[-9.000842118930237,53.15719333822033],[-9.001385653049228,53.15463201296056],[-9.002685462697311,53.15509732975641],[-9.00279497638706,53.153701432829884],[-9.007370094622507,53.151568438970415],[-9.00978511700579,53.15213137219209],[-9.007441144140564,53.15223541068949],[-9.009924595670393,53.15252458384007],[-9.009343317442756,53.15405448444941],[-9.010320898072491,53.154951535092295],[-9.00705280188597,53.15488269654485],[-9.006139998057554,53.156738496551256],[-9.007094473690579,53.15785221685906],[-9.008852125365516,53.157541487378474],[-9.009531212347385,53.155795687824096],[-9.016120101075344,53.154766799160356],[-9.016935835772012,53.155427903761755],[-9.01580648181553,53.15607320850961],[-9.019309537956794,53.15631810173923],[-9.021694796201025,53.158099509009574],[-9.031196704598171,53.159777878490544],[-9.042870927478365,53.16008328722148],[-9.04671294128042,53.165917891786194],[-9.054270375984705,53.16475678735538],[-9.038594340085405,53.16886709065557],[-9.021146669940498,53.1709486172136],[-9.016566071083028,53.169660276605285],[-9.009583775404428,53.17052633360296],[-9.004080066563823,53.16861643759397],[-8.988274967789359,53.16983962183054],[-8.984452840930912,53.17382929621201],[-8.981088944742595,53.173664868422534],[-8.968372840002601,53.17668662989806],[-8.96670632145619,53.175676816962195],[-8.968860134249677,53.17414163657173],[-8.968083839654339,53.17354169295237],[-8.968971774913618,53.171690263940114],[-8.967552545104125,53.171504200079376],[-8.969859782278622,53.17130458015911],[-8.96681211487097,53.16746780817411],[-8.968331158033852,53.16673632018837],[-8.974274641100104,53.16832860475182],[-8.974093683905606,53.16705796727816],[-8.975434629113918,53.16676229439118],[-8.974565971999757,53.1660305912092],[-8.977736718836022,53.164906001383486],[-8.979214526756229,53.16581109653919],[-8.984379972803222,53.165113297704266],[-8.98434789091133,53.16417008328031],[-8.986676759386985,53.163698379256864],[-8.985207343196942,53.16160860005941],[-8.986376968766505,53.16092019529524],[-8.980131302664844,53.16099203212741],[-8.97686061938331,53.158647611543806],[-8.974079609780151,53.158583460986776],[-8.972672834180248,53.15740416738489],[-8.971894805761227,53.158021125769984],[-8.972272342697654,53.156977939211124],[-8.969998075626716,53.1573280891792],[-8.970846410710154,53.156628998839736],[-8.966921804117234,53.15883820113742],[-8.96496595227627,53.15867664903395],[-8.966096047655482,53.157887078905226],[-8.964584236389472,53.15785576981433],[-8.96442597556153,53.156937083816175],[-8.961487988946761,53.156192859694876],[-8.959185805324529,53.156817976069526],[-8.958446632537187,53.1539694931343],[-8.952453658681764,53.154014714022495],[-8.951942433922133,53.15326818682784],[-8.953005233434634,53.15277459198229],[-8.951149874115305,53.152833849873225],[-8.948869595173255,53.15127613273876],[-8.94941482089839,53.15064780750078],[-8.946525310691854,53.14985882626389],[-8.950219041597757,53.149141961107944],[-8.946486631302713,53.14870222689004],[-8.94481913314248,53.14638194433381],[-8.941856599342517,53.145299203773845],[-8.942355919147237,53.143596134958315],[-8.939904861936576,53.14302787154114],[-8.940103566911167,53.14116627952294],[-8.935870265882084,53.13933465835852],[-8.932497990146315,53.14071168579293],[-8.92819092345476,53.140554979258226],[-8.926014554231182,53.14152034541661],[-8.926564430037649,53.14254432644466],[-8.9237445943621,53.143201259026],[-8.925874845016223,53.14364651423287],[-8.92128474093445,53.14454642033131],[-8.933804384015652,53.14441739493234],[-8.933590827401908,53.14538334528347],[-8.934932208271448,53.14530921673914],[-8.934436266387397,53.14661829246249],[-8.935930911412363,53.14674090121265],[-8.936591959880278,53.14806809247496],[-8.934999791377042,53.15010890736942],[-8.937278054538806,53.149680599654275],[-8.937099885215162,53.15085353924231],[-8.935818481419176,53.15116906648214],[-8.935713124934743,53.15335367279454],[-8.938841984540646,53.15348620512964],[-8.93844485652918,53.1550688799546],[-8.94026647011314,53.156793235601334],[-8.939362425410176,53.157245441989694],[-8.941568198030001,53.15808711742989],[-8.940618485756568,53.16079432874327],[-8.9428679363874,53.16252505202589],[-8.941065109418826,53.16413123758824],[-8.93886520786756,53.16341821694423],[-8.939240812608551,53.164634208944776],[-8.943292325905722,53.166025180217126],[-8.942147499268541,53.166174968035826],[-8.943452931111688,53.16627259347395],[-8.942817890667733,53.16676208618331],[-8.944418658492491,53.16891677682999],[-8.949691698920194,53.169183061585656],[-8.949047797303892,53.17000175477981],[-8.950174465210491,53.17033312193204],[-8.949203400530388,53.171516038649465],[-8.954226236302592,53.171898897159586],[-8.951182981731074,53.17351335719441],[-8.952818375272313,53.17437222204822],[-8.94894073562917,53.17437410955587],[-8.946702942925334,53.17576597386445],[-8.95461944788188,53.17704050053315],[-8.952503528996733,53.17942956177884],[-8.950310236214886,53.17979753810493],[-8.951833144590157,53.18114385334455],[-8.950350586076574,53.18261986504025],[-8.946037929070277,53.18322789084963],[-8.948878913485835,53.18341624249873],[-8.95022655143076,53.18485259956294],[-8.949890833151724,53.18643704392685],[-8.948618112769045,53.187030420547934],[-8.948412529338437,53.18422252377515],[-8.942687428465188,53.18501476292494],[-8.9430452375449,53.183759368211724],[-8.940527336000576,53.18454124345592],[-8.941915210395935,53.184678518515334],[-8.941400205251353,53.185667243048464],[-8.94585415862345,53.186547657615435],[-8.94634740420366,53.189392485079985],[-8.943637417007835,53.18990613607959],[-8.942415411053622,53.19123080633977],[-8.945263407756466,53.19006411697649],[-8.946211491562927,53.19213099747237],[-8.941863714737247,53.1934905465703],[-8.939116335848354,53.1920821247037],[-8.937724582787574,53.19407371549783],[-8.936574299834826,53.193577728817026],[-8.933756796138711,53.19472972401217],[-8.93413342489315,53.19600083855796],[-8.931796376307917,53.196500121796774],[-8.93141230102686,53.19573309478425],[-8.931524686076044,53.19574512221813],[-8.931889048423429,53.195385047236904],[-8.932801616534027,53.195261023929625],[-8.931777525772137,53.1952622965161],[-8.930691941668115,53.19632768295307],[-8.930970042684478,53.197168383841046],[-8.93262043495948,53.197824370862406],[-8.937509886719484,53.19695379373408],[-8.94753560232975,53.192662196158],[-8.955916872833077,53.19140391517176],[-8.944408441402134,53.19642879105615],[-8.942514360405065,53.19648211180486],[-8.94407468869483,53.19632488924508],[-8.944987054440203,53.19572344812077],[-8.943792198494881,53.195675308969555],[-8.940754481711998,53.197350470253014],[-8.937608604746883,53.19722677593337],[-8.93720938321493,53.198499202064774],[-8.935589477351543,53.197844881409544],[-8.934741359989491,53.19952944788417],[-8.933514504897076,53.19845926469015],[-8.933399953602338,53.20016181661101],[-8.931205580366862,53.19925096575899],[-8.931633990939945,53.20002090890478],[-8.930543900581256,53.200944020199195],[-8.92789803519719,53.20197667092228],[-8.92903723309938,53.203478364407964],[-8.930808341427538,53.20377390931352],[-8.93162769537976,53.20281171472166],[-8.931006197668932,53.20507096397708],[-8.929991423082985,53.20445825815815],[-8.927260258187259,53.207679315951886],[-8.923827963659964,53.208690731399514],[-8.918066408148993,53.20940169717289],[-8.912143659792955,53.20869968416022],[-8.910495842562488,53.20944190554192],[-8.912245648785936,53.209202021220754],[-8.911894798919171,53.21006784374528],[-8.906787355466935,53.210748216413485],[-8.896938265667242,53.20894333667066],[-8.891381913113829,53.210041053354544],[-8.88989616648725,53.20922396517551],[-8.891045318686881,53.20844175707629],[-8.890451433885007,53.207843884948915],[-8.887777168515315,53.208946806942784],[-8.879805517888459,53.20931553703394],[-8.877357133355208,53.21100704789371],[-8.877355604136739,53.21238830096987],[-8.873355192966402,53.213410984862044],[-8.878396785074134,53.212425388368345],[-8.880272097705637,53.21015807836849],[-8.884976017731676,53.21078103743606],[-8.887547368360424,53.209819536292706],[-8.892368618495615,53.21095148388032],[-8.897705813988155,53.210036254124624],[-8.90209738793048,53.21151107603532],[-8.910591324624734,53.211370179869355],[-8.913127645925458,53.212451159827474],[-8.911687656346066,53.2143750017373],[-8.906449066011138,53.21529527410618],[-8.899072948533371,53.21858225865779],[-8.899424171844748,53.21951278254841],[-8.902248399821055,53.21904267433835],[-8.90290427551814,53.220824157178846],[-8.90164997510034,53.22174963408824],[-8.896746923067903,53.223433581429916],[-8.888432025604084,53.22355584476113],[-8.883791258446339,53.22722075936598],[-8.884672179909971,53.227423549724534],[-8.882993872000528,53.22769870607057],[-8.885113741483531,53.22827899139094],[-8.889232670954833,53.22672475035357],[-8.889317683078195,53.22515356532763],[-8.894819900233827,53.225395881788046],[-8.90668567074203,53.22173442938528],[-8.910538529828221,53.221868330529404],[-8.91139118883261,53.22030877500379],[-8.920800468817106,53.21645058444895],[-8.925298177443667,53.21292737429695],[-8.929412061406621,53.21172400661722],[-8.93332538399522,53.21218539543023],[-8.929542541133554,53.214426480416286],[-8.935794344862027,53.21193635815162],[-8.942062118335604,53.212083251366835],[-8.949196854888017,53.20901401379139],[-8.95201501439017,53.20873389719809],[-8.95721076154126,53.21049933435751],[-8.961502716169743,53.20818870825909],[-8.962720263849718,53.20922933598499],[-8.961350642160918,53.20943843261968],[-8.961376921182737,53.20989612425801],[-8.967164017115321,53.21032469792017],[-8.972953377063023,53.213110572267766],[-8.976678009024434,53.21271000798841],[-8.977621330033408,53.21381177049312],[-8.974501129155822,53.215323049160055],[-8.975400326582,53.21577822501703],[-8.974840616652813,53.217257777832366],[-8.976104697850811,53.218004411208376],[-8.980131068204184,53.217639268053595],[-8.981740686458956,53.218901991391014],[-8.985467593924858,53.21924233422647],[-8.992103053789299,53.21860538482746],[-8.990949111631252,53.220296986875184],[-8.987832928584451,53.22170315632583],[-8.977684000918208,53.22419099704976],[-8.977073650313557,53.224765574951086],[-8.977976758085852,53.22548102176452],[-8.989319120389956,53.22477197421337],[-8.996357797135506,53.2218279211296],[-8.995386661488675,53.222889487608725],[-8.997090835110232,53.22479914165111],[-8.99860229790235,53.224613801238014],[-8.997782581854066,53.22541896296208],[-9.003344280717792,53.22611826070157],[-8.998383837673643,53.22624511827253],[-8.995247761265952,53.22813199154079],[-8.985754706333722,53.22876253535358],[-8.984211405965741,53.232681965717425],[-8.976067273510216,53.23493798641251],[-8.962714648060738,53.236049643177275],[-8.961315642354847,53.237096809866756],[-8.956212512215824,53.23553849541259],[-8.949287819157181,53.23524642659817],[-8.947419195821208,53.238268706960966],[-8.94485461675854,53.23835446459169],[-8.944899587167168,53.239005319714686],[-8.94826612602491,53.23961587595852],[-8.953543249427305,53.23801825042945],[-8.95929673617129,53.23934295033905],[-8.961869089961144,53.23880132651616],[-8.960667222463897,53.23923317708421],[-8.960949109854097,53.240653887185005],[-8.972254298189092,53.23598869565842],[-8.984008704073783,53.237148048294614],[-8.990989983726106,53.234772377893194],[-9.007268252436159,53.23271831188983],[-8.978915399148493,53.24020857749139],[-8.973400576741101,53.240403137506966],[-8.969469682258481,53.23910430136945],[-8.974976948946606,53.239777714424896],[-8.97124327397739,53.23832149888894],[-8.963865341345715,53.24045818783496],[-8.961545299481019,53.24402775567423],[-8.962786965505,53.24573520641193],[-8.970713298812747,53.243606833306394],[-8.973566305521814,53.24507033331317],[-8.978252080341154,53.24472121353686],[-8.987557821414725,53.24703696338936],[-8.992261311922304,53.2456355598653],[-8.98889362488338,53.24761442439996],[-8.984247521610541,53.24850946882432],[-8.983442894439648,53.251596359229175],[-8.981283223567608,53.25230419326972],[-8.977095808599291,53.256292771094344],[-8.966396243401162,53.256994558470076],[-8.964889448614251,53.25592495547965],[-8.970946330478185,53.25611391267555],[-8.966642967954968,53.254959314953894],[-8.962402954125714,53.25565720416642],[-8.96043473305151,53.2571918514352],[-8.953498510808348,53.256463967416806],[-8.9461040566519,53.25884684922693],[-8.944930028483629,53.25855128905378],[-8.945840408249955,53.2578687924537],[-8.94278984413113,53.25749149595431],[-8.941925869256238,53.25893111487562],[-8.94407655504255,53.260378332141904],[-8.942889791053755,53.26101507992299],[-8.942076838766603,53.25970231744711],[-8.938953370935605,53.258553346010835],[-8.937275253275052,53.25900404777239],[-8.941971104609378,53.26244879464165],[-8.945085655363128,53.26302442507524],[-8.944234370232321,53.262168028889036],[-8.945623353032163,53.261422219834394],[-8.94812605520077,53.26232032661673],[-8.944296679451288,53.265164473186616],[-8.9414153599919,53.265502589298045],[-8.939570380316985,53.264347801414615],[-8.939697093609427,53.2658337040267],[-8.936720032701581,53.2665754733253],[-8.935585597917846,53.268537788445656],[-8.933955438451857,53.26845494237698],[-8.933212692694244,53.270670116728695],[-8.934796094578083,53.27087505587342],[-8.934879518512599,53.2724868455482],[-8.937044905730307,53.27320169126971],[-8.940593213032477,53.27115297797186],[-8.943440995922249,53.27345098698067],[-8.944720437544797,53.27248592975922],[-8.944848565514874,53.273633646130065],[-8.946024354925518,53.27360180140524],[-8.952557293938588,53.27018469795666],[-8.953028398973288,53.27272669352485],[-8.963534769192263,53.2692401152002],[-8.968591621564851,53.270859792847105],[-8.973033345406554,53.27015599112549],[-8.972614413742418,53.26956094637084],[-8.976637980745442,53.26649176809145],[-8.97604841479134,53.26539581670233],[-8.974499655110744,53.26574005767046],[-8.976564155508346,53.263941913761364],[-8.97080812354425,53.26304095367939],[-8.97215183993549,53.26169888727373],[-8.973485778154929,53.26294286309012],[-8.976751533032852,53.26266277180314],[-8.979810865116113,53.26461502020332],[-8.994597123929623,53.26225154115217],[-8.996948467717644,53.266676684957204],[-8.996250944210031,53.26801263702988],[-8.992218409882698,53.268655097108756],[-8.993812519456178,53.270980277642316],[-8.995755679354799,53.27058686409854],[-8.99588915887212,53.26948849228657],[-8.996951632040625,53.27017591468035],[-8.998043109317916,53.26916161173663],[-9.017455975906353,53.26641058491621],[-9.018254455588389,53.26700820153956],[-9.016527167351802,53.26888921028657],[-9.019655883480139,53.27107049584409],[-9.03105524491627,53.26796075631409],[-9.038761594905576,53.26969227782439],[-9.043940366690292,53.26800273810208],[-9.043583956996866,53.27049255524637],[-9.04186494621215,53.271487760514106],[-9.043928842678984,53.27229470430301],[-9.04688332015127,53.27041720390294],[-9.045585366493297,53.269086422200296],[-9.047092501406322,53.269196729317585],[-9.046189119129407,53.26833335090483],[-9.047795768006539,53.26912836708108],[-9.050585259904794,53.26810272489908],[-9.055705588336295,53.269998659516496],[-9.054048048396151,53.26739672783928],[-9.0466555718069,53.26685636346405],[-9.049831416809718,53.266158264797404],[-9.052735157402191,53.263892856302306],[-9.056534494763632,53.262849442574826],[-9.062393041423276,53.263172602049686],[-9.064457547295511,53.26154978576419],[-9.06644108434451,53.26319977079016],[-9.070447669024327,53.2632784120414],[-9.074553413432149,53.2597958862518],[-9.079060131156801,53.2579601247562],[-9.091746971494828,53.257201789511406],[-9.099081150368775,53.254569135293906],[-9.10551695332836,53.255480732154915],[-9.108095808977188,53.25369436022175],[-9.109303289386848,53.25329300832094],[-9.110111992706205,53.25033524607307],[-9.113232409401425,53.24836846668359],[-9.112488528971825,53.25061230525142],[-9.110493326868987,53.2512434184064],[-9.110144398132116,53.252774146894026],[-9.106208816132433,53.256837229631564],[-9.106905598979944,53.257591368573756],[-9.10772092311584,53.25559746892111],[-9.111660639638831,53.2521667047161],[-9.114952540665497,53.25455323572288],[-9.109005442668398,53.258946839323784],[-9.11150471580022,53.25973400702152],[-9.122611683571401,53.25720419149045],[-9.126076895217889,53.258567080617944],[-9.126240883162987,53.255589132301125],[-9.12898381676235,53.25697817140058],[-9.12993106656531,53.25641271469966],[-9.128874012414641,53.25386956977332],[-9.127119346946301,53.25410575625385],[-9.124723079523575,53.25123940867709],[-9.121277583674093,53.2536118841716],[-9.118191916973327,53.253884878584216],[-9.119410987230552,53.2537310661175],[-9.119541747360303,53.25074947502424],[-9.11745562464535,53.252269232679254],[-9.117729273245118,53.25412122174958],[-9.116019400294565,53.25420972533728],[-9.116895051435133,53.25197072462472],[-9.120892610743823,53.249884841348184],[-9.127308705967273,53.25131004754784],[-9.138827470731032,53.24863830633065],[-9.146585971000933,53.25035971667483],[-9.15045666680361,53.24941567610771],[-9.148926359132487,53.248781782906455],[-9.150680307922913,53.24922995511121],[-9.162898524964353,53.245735260978485],[-9.167904855859817,53.2467961149756],[-9.178585884862596,53.24522703238749],[-9.187524913380873,53.24678188176285],[-9.193618705448511,53.24619754348744],[-9.20521016244025,53.24740788225385],[-9.209430595957258,53.24729173502293],[-9.210994365507728,53.246304150655746],[-9.213390117541058,53.246931410403285],[-9.215133680077567,53.245393864940596],[-9.219001849375662,53.24528808639057],[-9.219877570980225,53.24794441664422],[-9.22412323388111,53.250361856912676],[-9.230095758220415,53.247485917387216],[-9.243682618460419,53.24647083102517],[-9.247662134385722,53.24454146291579],[-9.248847692228761,53.245860860837105],[-9.255680204086772,53.245370031096634],[-9.261018472060606,53.24478799586901],[-9.262038064841457,53.24338968426227],[-9.264818266997654,53.243977302368066],[-9.271739582671929,53.24240678304717],[-9.2810830579114,53.244004463682316],[-9.28475125730614,53.243009866963256],[-9.285722914337475,53.244008118183466],[-9.288265452239592,53.24245190784255],[-9.293592412966804,53.242059520975765],[-9.293796666463827,53.24317004827104],[-9.297207430713211,53.24406134802304],[-9.304780935385681,53.24345126750853],[-9.305724061547503,53.24296066183853],[-9.304454699643271,53.242844498583715],[-9.305186988030393,53.24184454095056],[-9.308759269234718,53.24311792343749],[-9.311352445501972,53.24041332849049],[-9.30899496460948,53.24025220696621],[-9.312088658336384,53.24043723182722],[-9.313457059012878,53.239391228861],[-9.319293976331862,53.24045669704126],[-9.320844668097937,53.23945021286122],[-9.329410696125061,53.240139745835094],[-9.3330077461309,53.23872778526552],[-9.333105606737345,53.23946928789394],[-9.335222919037319,53.239062780215185],[-9.332479598751313,53.23984461596563],[-9.334001377058254,53.24009311967218],[-9.333674151243361,53.24074106130132],[-9.335614675163102,53.23955511856183],[-9.335711283711484,53.24125324733216],[-9.3362597839899,53.239565530942215],[-9.33951612454717,53.23844224832663],[-9.34001983879207,53.23965117747997],[-9.342505917195984,53.23887136407976],[-9.342559430907107,53.23966884982867],[-9.343872016544761,53.23959903445249],[-9.342914049417693,53.24128634129199],[-9.344841737459276,53.23910094076872],[-9.347432255034066,53.24072553576215],[-9.348406110588874,53.24016644708981],[-9.360637986267804,53.242460681237894],[-9.363170650392016,53.241127001374856],[-9.364340314159634,53.24181963762874],[-9.369098286264455,53.240535215193425],[-9.375012989138344,53.2372892954529],[-9.392219431936338,53.23561262995955],[-9.394930020820388,53.234149081843434],[-9.404373981893904,53.233793101589846],[-9.409528060730427,53.23515653702718],[-9.41264750020524,53.233921538923774],[-9.417484379810919,53.23517424491351],[-9.429616829893353,53.23288761634355],[-9.441268402669984,53.23432774852092],[-9.447135919090835,53.23278130021148],[-9.450712400986134,53.233920798857284],[-9.455179026755268,53.23374845978564],[-9.465994563547337,53.226178602161916],[-9.469374823060953,53.22571532871221],[-9.471064611645444,53.22688168109003],[-9.472970896396244,53.226620286222015],[-9.474749651937854,53.229126345049025],[-9.47946546095801,53.22814164986349],[-9.485712472346442,53.22908013768983],[-9.490006784075545,53.22813066622746],[-9.490213271293717,53.2258709902428],[-9.492480295530997,53.22495300789416],[-9.497883760192531,53.22476532035582],[-9.50028796476188,53.22611603435579],[-9.500113238536612,53.226436093842175],[-9.500121051779333,53.227474987764545],[-9.501057671571134,53.224086894848966],[-9.505646051772434,53.223950220821465],[-9.509752119035289,53.22192840736266],[-9.520751530996105,53.223717196445634],[-9.52230432327343,53.223278699523085],[-9.521581763969678,53.222077890232015],[-9.525827630350802,53.22198374643681],[-9.529831695843601,53.22385268081752],[-9.529146416388214,53.22555482749226],[-9.531127284006288,53.226741884814864],[-9.530024143493897,53.22697229597753],[-9.53164614972372,53.229682179858656],[-9.538141557539042,53.23201625266202],[-9.542002118436253,53.23196042211925],[-9.544191804282159,53.23391201379994],[-9.5465095600934,53.23368578707281],[-9.546666815578321,53.23534068821415],[-9.547777616892958,53.23576420869202],[-9.547014223674315,53.23624525451891],[-9.548804060002013,53.23797425866853],[-9.553156214061275,53.23659390084091],[-9.553165291816917,53.238000714218636],[-9.554941731493837,53.238725911568174],[-9.552552473166045,53.242059348507645],[-9.552501930266821,53.243808023468105],[-9.551342409506525,53.244329200415066],[-9.549298532077517,53.244234770980285],[-9.549701117393832,53.24290123472486],[-9.548132275022883,53.242230876066316],[-9.542496266735823,53.24260191996024],[-9.54414596329162,53.2463698116425],[-9.550553880696524,53.24590222475174],[-9.549753152004914,53.24613624241601],[-9.549583625959254,53.25459055820743],[-9.548264109060058,53.255021008129404],[-9.547340969104711,53.25810540500553],[-9.548884049858913,53.26057474192194],[-9.547763126776642,53.26196587370292],[-9.551407296767302,53.261427544458456],[-9.553275729370561,53.25227534399166],[-9.556862493630398,53.25038690764428],[-9.55918496454842,53.25079636102534],[-9.562707120993304,53.25508489584476],[-9.562123005379851,53.255972792892194],[-9.564737961709586,53.25929950898072],[-9.564549136856655,53.26080512384833],[-9.567015382533887,53.26307453229752],[-9.566142023853233,53.2636651513183],[-9.56740311397409,53.26455511647975],[-9.565056852647132,53.26677450179844],[-9.564110217879017,53.26696140031532],[-9.565428419564164,53.263893975163526],[-9.559757080949463,53.26699239513544],[-9.559357291727153,53.26632242009048],[-9.557316814022853,53.26709680306418],[-9.556440397280468,53.26850392095248],[-9.554743077465167,53.26843412976825],[-9.555832624439535,53.27040484933898],[-9.553858653733046,53.27127053784421],[-9.55426438974861,53.27229271890053],[-9.552362199277805,53.27249638931848],[-9.554665776448056,53.2737510518812],[-9.553471836162629,53.27495131040924],[-9.550237564451328,53.27593258727019],[-9.549529288297094,53.275154682022595],[-9.546990577988351,53.27676764326617],[-9.544384323136542,53.276134011572935],[-9.541715884384292,53.277668006982964],[-9.542633975739,53.277794007341114],[-9.541630781270882,53.278770347535264],[-9.538738099991733,53.27899623592695],[-9.541156954987567,53.28095579963029],[-9.540359480213002,53.28183269564214],[-9.541930459062945,53.2817091639418],[-9.543230322391645,53.283250983839935],[-9.543103199162928,53.284785020310316],[-9.545365004224662,53.284878746553],[-9.546983050897778,53.286833829303404],[-9.550287093519138,53.28571188792522],[-9.551266954270218,53.28631116127448],[-9.55043958962638,53.2874349181633],[-9.551766948846756,53.28674916388848],[-9.55296204381612,53.28808788359399],[-9.553832726879055,53.287476532165584],[-9.557800708070584,53.289222900357785],[-9.559828382618553,53.288312328927425],[-9.559394470490053,53.28702696416992],[-9.561059334831882,53.28667932150628],[-9.560637935247684,53.28761478633325],[-9.564158413775287,53.286336354127045],[-9.550129189875154,53.28311317677889],[-9.550016413763425,53.28066476773637],[-9.55826601420605,53.28025191826428],[-9.562434006837146,53.28257608650225],[-9.566745174313143,53.27986726217297],[-9.573257701256878,53.2789184184264],[-9.577049529896772,53.27362051913203],[-9.581397159748029,53.27148052607895],[-9.583811421824953,53.27184591014411],[-9.583393012151985,53.27112213530993],[-9.58237050222814,53.27128208080091],[-9.582393450087999,53.27107810782255],[-9.580651145679466,53.27110450983194],[-9.58037995346948,53.27097215235084],[-9.582005945869643,53.26963204555908],[-9.581197609787905,53.2674852318082],[-9.576620196539002,53.265551306929595],[-9.576851751998637,53.262987863915676],[-9.573591495803058,53.26238047218798],[-9.573547521113905,53.260977789568095],[-9.578563526238883,53.25450002501481],[-9.579436041300747,53.24928568773328],[-9.577297032886705,53.246797567824956],[-9.585258147955965,53.24151348150416],[-9.584535178626734,53.24015973267813],[-9.586551248781902,53.23857163133289],[-9.58504596330371,53.23770691136476],[-9.585482521597699,53.2371040452994],[-9.59102546068786,53.23665036748309],[-9.589117996612773,53.23514563352813],[-9.590460401648187,53.23442153304148],[-9.594524303377165,53.23826800062586],[-9.592814008522684,53.2410767771649],[-9.594028828807081,53.24151788462908],[-9.59634135155823,53.239684563781424],[-9.601888788896048,53.240165271105774],[-9.603537183633202,53.23869510571192],[-9.608368919787242,53.23739555536463],[-9.614240504989844,53.2315370349211],[-9.615750028117494,53.23454165186757],[-9.626599389307419,53.238833636523196],[-9.624599254525423,53.24106220530666],[-9.625341956249544,53.24370492811777],[-9.62717306812413,53.24482785921061],[-9.627856957892742,53.24428266756391],[-9.628274227768454,53.245415599243806],[-9.62692711092195,53.24557376022324],[-9.628774763121818,53.24587713045202],[-9.628713370243192,53.24755028744896],[-9.631261638074784,53.25089581126421],[-9.63029490107167,53.25250533360719],[-9.629797338610425,53.25181543434579],[-9.62900764548343,53.252616400182106],[-9.62779765958349,53.25794516301913],[-9.625623327237044,53.25868957668657],[-9.624731823227682,53.26102960853955],[-9.623341605819725,53.260308856353255],[-9.623183128060697,53.26132386308592],[-9.62341554094455,53.2614246273814],[-9.623708030537054,53.261051665147285],[-9.624056501627203,53.260903001011194],[-9.624331461237533,53.26091928013563],[-9.623726874632574,53.261981917348315],[-9.620958876753738,53.26373425165834],[-9.621754767139418,53.264190240502984],[-9.620284037707004,53.26700244588457],[-9.612164453575653,53.269158242201854],[-9.611070195922045,53.27057596165286],[-9.61254683970388,53.27147348927883],[-9.61118839722368,53.27219970925448],[-9.608718578849453,53.27165351213866],[-9.605444673235787,53.272243622428206],[-9.606848293147793,53.27278370632878],[-9.6073993197182,53.27650573998303],[-9.60531983392381,53.276881099687195],[-9.60365924379155,53.275557884283714],[-9.603403308919995,53.27777712815706],[-9.6001000373014,53.278458980869964],[-9.599186510005223,53.279364026589654],[-9.600521117719568,53.27932852913081],[-9.600166174209802,53.28011527832655],[-9.597977585521045,53.27979228201452],[-9.598201251673158,53.281482492403946],[-9.599435557967693,53.28197281188494],[-9.59834761540422,53.2860888931237],[-9.59993131136973,53.28603674414862],[-9.599357755274621,53.285453323864616],[-9.600724629243693,53.284673427324314],[-9.601296394591666,53.28742147614365],[-9.604780626226598,53.28919815128713],[-9.600203418452013,53.29007513684352],[-9.598699888290161,53.2888588236475],[-9.598482214479404,53.28972861728216],[-9.595313974053497,53.290404574248804],[-9.599751216499639,53.29122367905355],[-9.599281633707074,53.29478545267292],[-9.600160941321471,53.29521860800853],[-9.604333732460404,53.294407621815346],[-9.607813250351688,53.29538428701477],[-9.610289489507142,53.29385880151761],[-9.610383794168841,53.29745621227718],[-9.607336216564855,53.2992417827937],[-9.608524609251695,53.3013425698448],[-9.611984014422124,53.30249816793051],[-9.611945872050365,53.304302189773324],[-9.61283355544303,53.30325770026391],[-9.612730985905255,53.304904045208175],[-9.614230352376888,53.30601396634652],[-9.613403981691826,53.30686121244379],[-9.614541947110805,53.30739402705198],[-9.612565748258314,53.30825697079445],[-9.613982501309707,53.30839793717337],[-9.613734111010444,53.30958583581162],[-9.611209372162428,53.311240442076304],[-9.609518479911733,53.3111404062529],[-9.609606304488974,53.31203073094338],[-9.611909742199929,53.31191452478283],[-9.611367252087215,53.31314421308082],[-9.612998475208128,53.312387934999435],[-9.616808882906055,53.313567851884685],[-9.619651402180638,53.3134230480472],[-9.62074471920964,53.3128392378919],[-9.62323911597717,53.31249789058528],[-9.620053801096509,53.31369530331887],[-9.623124922302381,53.31572825065505],[-9.623615635192762,53.31816416926656],[-9.625191159519504,53.31851223663365],[-9.624267914777128,53.32061373116167],[-9.621705016099364,53.320946536766186],[-9.621034670441619,53.32351994040017],[-9.620078324384954,53.3237938541347],[-9.62255065828039,53.32558826386853],[-9.61889501005378,53.32709216932049],[-9.615529358148146,53.326344698111484],[-9.607872970169744,53.328119679446985],[-9.603985150225633,53.32677681653237],[-9.60307079782667,53.327714265284186],[-9.600747194491145,53.32607244013432],[-9.600321838481978,53.327986371650596],[-9.596344150442365,53.32937255274527],[-9.589389409856809,53.329574367233505],[-9.585156949261279,53.32605648476413],[-9.585966929367682,53.325463390035594],[-9.585022398975322,53.32527059643346],[-9.58472822509434,53.32467450578946],[-9.587135323208798,53.32412628992425],[-9.58658900979301,53.32250015098344],[-9.5794028979676,53.32153461463877],[-9.5791532282955,53.31951644234834],[-9.575335226492534,53.3175125447281],[-9.574672989933681,53.320418442922666],[-9.57657553061621,53.321640451316405],[-9.575587288172844,53.32219139164803],[-9.576450646356305,53.32463641406294],[-9.575540494093845,53.32585000801212],[-9.582720200008708,53.328995403505026],[-9.578775289771007,53.331967458746306],[-9.575533345240832,53.33122935773811],[-9.573991561662579,53.33247166228697],[-9.571809782934945,53.332445916344426],[-9.570551298423673,53.33456096151258],[-9.568664860477861,53.33309250247337],[-9.567479067282195,53.33383892229717],[-9.569585264791867,53.337654442021616],[-9.568703289335614,53.33804740779512],[-9.574595337215008,53.33918144134651],[-9.57612829999947,53.3421213855403],[-9.57236270180479,53.344232095166504],[-9.574001223888754,53.34514598747424],[-9.569591717568132,53.34647016482429],[-9.568273414035966,53.344970900663505],[-9.570432993084971,53.34406228390813],[-9.567354216302084,53.342910209013716],[-9.566118483654439,53.34081405589435],[-9.56365775104704,53.340296946328976],[-9.56432841251101,53.33721978556178],[-9.56220766760609,53.33555397532198],[-9.56377000210465,53.33486852830333],[-9.562865865827414,53.332513151204935],[-9.563530199050277,53.33170048717132],[-9.562628422734392,53.33112397219369],[-9.563507688892775,53.33103287287905],[-9.562768057812562,53.3307576745046],[-9.563356687021027,53.32967664412866],[-9.567388701617679,53.328369356488096],[-9.564676990166541,53.32685650785312],[-9.566943095013636,53.32371573881449],[-9.563551066707394,53.322056398866735],[-9.55994130803991,53.322441101684156],[-9.56033994017142,53.32137046045088],[-9.558142321828766,53.320220044151476],[-9.558388937360986,53.318979536875986],[-9.5571126573672,53.31766897653707],[-9.556918336648964,53.31409781713296],[-9.556226339429115,53.31165108641848],[-9.555658684875906,53.31140182341352],[-9.556814424018203,53.308007561086384],[-9.556694777928973,53.30626404382211],[-9.559213400481031,53.30592202142236],[-9.556321145302284,53.30557395498825],[-9.556251130687967,53.30385800223004],[-9.555865824258696,53.305660175916834],[-9.556912781256417,53.30588430715409],[-9.556458869993769,53.30641815594381],[-9.555925663700036,53.310588061456976],[-9.555062323920739,53.31158677911459],[-9.556200228046661,53.31257732714995],[-9.55310244746062,53.31305172200674],[-9.55341486707427,53.31429656981845],[-9.552633158527298,53.31452358143596],[-9.55485477501656,53.315421565947005],[-9.552374017939,53.31731287538194],[-9.554413379919536,53.31749107038468],[-9.553934536560803,53.318537202115195],[-9.55219000917835,53.31826969637096],[-9.550851849883975,53.32129484234985],[-9.549387159857824,53.32161722675768],[-9.549126710642254,53.32178974375721],[-9.55082651165152,53.3213904615441],[-9.551529924403777,53.321060868619774],[-9.552540813263548,53.32002779493736],[-9.554546522903886,53.31998232175432],[-9.555894491744642,53.31879640799675],[-9.559105831776018,53.321670381540905],[-9.558373004463636,53.32238566158904],[-9.56160395489908,53.32321286339851],[-9.559964119646033,53.32378369655445],[-9.561576506248448,53.32449809007475],[-9.561320437904696,53.32615305168971],[-9.56316980443527,53.32615526572625],[-9.564575260467306,53.328461798129865],[-9.563165040200117,53.32933551178412],[-9.561651666816456,53.328811860615396],[-9.562449090736866,53.32968361824194],[-9.560817841626696,53.33133418248156],[-9.561603551544557,53.33185359328378],[-9.560007820689203,53.3368495147835],[-9.552220584443296,53.34152744466079],[-9.547314798275597,53.342791254952374],[-9.547977552554066,53.34359335511588],[-9.547125338727136,53.344013608401326],[-9.549077069582038,53.34508325000596],[-9.552066675167648,53.34375766736877],[-9.554155674509886,53.344494525246496],[-9.559671118446468,53.343905940644305],[-9.561112403780081,53.34477612810732],[-9.562127601928777,53.347984979305615],[-9.565277175221144,53.348045419226175],[-9.571770394314262,53.35138129315381],[-9.574216135555986,53.35048091118591],[-9.575812328975893,53.34700421099987],[-9.578116710206746,53.345982407148306],[-9.579828814876766,53.34739155012751],[-9.578155246454434,53.355719052788466],[-9.5796733944623,53.35746176014963],[-9.577400729389051,53.35832633096796],[-9.57671490864148,53.359775523285926],[-9.579250661773973,53.360356556792894],[-9.578400635068643,53.35887209298882],[-9.58021686234247,53.35829837464068],[-9.579779259599459,53.35711596069701],[-9.582277627370896,53.352761811000555],[-9.584171961884842,53.35241136828979],[-9.590108098397698,53.35492924212681],[-9.589708467209515,53.3562144624724],[-9.590807642961408,53.357399717259845],[-9.591998800998145,53.35659365099422],[-9.59411957363428,53.358482135417816],[-9.59671144559442,53.359024272976335],[-9.595925722685116,53.35960908406881],[-9.598170686766423,53.36033687277682],[-9.59827239729858,53.36355742351746],[-9.599185972725161,53.363537652705226],[-9.593719248107762,53.36779256506436],[-9.593327689609426,53.370235956454685],[-9.596312752463835,53.37090123001517],[-9.595403698837789,53.37253401888888],[-9.593445175748018,53.373399490274],[-9.583880702154001,53.372918862879885],[-9.580353954949507,53.3738009914467],[-9.578103014406542,53.37651591757789],[-9.574135951718873,53.37835313934928],[-9.571656628075845,53.37740967755383],[-9.563692298629148,53.3782062496395],[-9.563483303725842,53.37730755193944],[-9.558089639791902,53.37650512192311],[-9.556440322981974,53.377860058116454],[-9.557551660510404,53.37940196588491],[-9.554961578847788,53.38014475041355],[-9.552601504023526,53.37939248961122],[-9.552997665459221,53.378553139588114],[-9.553515064607643,53.378474818389684],[-9.553543045749764,53.37823102785091],[-9.554177719260213,53.37799859087478],[-9.554219058099628,53.377753961100964],[-9.551709514645689,53.37906654238298],[-9.549094588340148,53.37627561782328],[-9.549875851750967,53.37500158903588],[-9.54908155977536,53.37592535158018],[-9.54831916378378,53.375370997427304],[-9.545556658485165,53.37572253525893],[-9.548271631982798,53.37612569259022],[-9.550093274178527,53.37847127512707],[-9.549580193849652,53.37991637541937],[-9.550439506934833,53.3811330875756],[-9.557612397745482,53.38393712371221],[-9.560913645319955,53.38324164465295],[-9.562502165030503,53.384487839705706],[-9.56499458877523,53.38356790850635],[-9.565543540726287,53.38428414970645],[-9.564911990213785,53.38431159328907],[-9.56472510172412,53.38440878407054],[-9.565394245411447,53.3843910137221],[-9.565611970877482,53.384997012060694],[-9.566102981334145,53.38510132798182],[-9.56648804294529,53.38550750464837],[-9.56673764688381,53.385545698605576],[-9.566288870687005,53.38643271939087],[-9.566813565892751,53.3855047691589],[-9.565401552930139,53.383185981722505],[-9.568727418272202,53.382065961048426],[-9.567258315473394,53.38102129728187],[-9.569722649915102,53.37972802708105],[-9.575006450719902,53.38017894363435],[-9.57509602210739,53.38244763438688],[-9.577399394542056,53.38331043857831],[-9.576040903125834,53.38545301183754],[-9.576456115113873,53.38630144615736],[-9.572812159689539,53.385849234378256],[-9.571535055081235,53.38861374507025],[-9.575060469997352,53.38689457970654],[-9.575273161884702,53.38822863368205],[-9.574368061962033,53.3886763409586],[-9.575162782881007,53.389121270606],[-9.574266239385498,53.38986371004765],[-9.575700187266644,53.39109592467107],[-9.569909894948585,53.39356664447177],[-9.565488515806994,53.392157697459105],[-9.560691491268118,53.392206776212845],[-9.561540807476081,53.39092921364497],[-9.55966893904277,53.39000838235186],[-9.554952073304795,53.391472879426196],[-9.55037900475601,53.391452620167044],[-9.549814006780695,53.39349331259765],[-9.552045927543174,53.39510514723962],[-9.557520268514555,53.395575760631715],[-9.56075252115597,53.39445285145935],[-9.56290842754061,53.3950108399065],[-9.561485901849482,53.39659235512091],[-9.56392207274338,53.39525779816236],[-9.56510516817854,53.395808453786714],[-9.564119027176714,53.39691515065673],[-9.565624571355524,53.39642314173978],[-9.56331633194444,53.39774631513376],[-9.562254889795696,53.40076450234746],[-9.562644631719683,53.398612357719514],[-9.560332473205314,53.399080360140765],[-9.55995112387339,53.39806503879725],[-9.55741709613046,53.39829833600579],[-9.557777590239157,53.39688890135453],[-9.554678974416154,53.39732130637099],[-9.553521234655985,53.39633097519774],[-9.553342728394725,53.39764469919832],[-9.55107955585831,53.399362833265656],[-9.549079860412755,53.39861105643166],[-9.545262060944198,53.3993430575827],[-9.547653679740382,53.400407913922784],[-9.544811783129902,53.40206698924291],[-9.543623314174491,53.40314469930637],[-9.543838941744529,53.403389911049025],[-9.545836124620196,53.401722036215624],[-9.546884898741867,53.40251989637679],[-9.548455808366528,53.40153435149634],[-9.553631334704411,53.40168002435896],[-9.55624372488999,53.40267590251942],[-9.559785095799267,53.40085598066836],[-9.562414597022764,53.401047173054984],[-9.56380011167364,53.3975458242522],[-9.567654074385128,53.39554852535627],[-9.578187903504482,53.39518140557713],[-9.573925876372414,53.39292512279623],[-9.58002965415093,53.389537080781196],[-9.576007065112808,53.38923587569459],[-9.577125293824983,53.387690647919996],[-9.579149125512588,53.387274034532325],[-9.58046741518317,53.38818994834567],[-9.583999661314687,53.38724392072538],[-9.58641582814337,53.387935670893135],[-9.58652481417666,53.38822034180439],[-9.586072261705517,53.388605661236355],[-9.586099993453459,53.388888131539126],[-9.588690055721873,53.38691195152798],[-9.58268382786084,53.38611301451491],[-9.581077847994734,53.38477966633861],[-9.577275504541909,53.38593322906666],[-9.57667037536445,53.385057421610064],[-9.57844093218066,53.38272853879898],[-9.576281433655096,53.38199204850916],[-9.57719637257236,53.381319516934276],[-9.575770908069588,53.38065598639701],[-9.576953482384386,53.37837196838865],[-9.57874481755553,53.37842673365163],[-9.581429925549486,53.38085671924259],[-9.585574669781021,53.379984438782664],[-9.594177807844414,53.38164163197448],[-9.59804027085151,53.37990629162712],[-9.59661514775232,53.37774795051878],[-9.599109872228635,53.37902796107221],[-9.602369834189592,53.377075940654876],[-9.602669104980363,53.3803046773904],[-9.604261018645996,53.38227193349284],[-9.606565803686388,53.38308552571458],[-9.614238532188628,53.379527435248114],[-9.612548870600603,53.37789534178746],[-9.612340737387338,53.376089050386966],[-9.608492504263323,53.373856528444044],[-9.608956423834547,53.37158845987934],[-9.607676961802857,53.36974040570112],[-9.603397893574392,53.369379054635296],[-9.600990715731367,53.36746531955878],[-9.598468478187744,53.36774032836783],[-9.600123760762752,53.36465518547901],[-9.602913897400976,53.36355955032384],[-9.602049159724626,53.362273433797824],[-9.603451624173875,53.35673065108001],[-9.602541912694315,53.354644093281735],[-9.603132864315166,53.35141015521596],[-9.60682238691953,53.34833849669935],[-9.609181186083847,53.349164660648654],[-9.609139779954793,53.35041022817115],[-9.611800522358525,53.35036734129158],[-9.614663399485215,53.34911191846738],[-9.612639916621905,53.348520158428066],[-9.613868692310874,53.34855464100267],[-9.613159559866036,53.34804186913209],[-9.615232519636377,53.34671072501522],[-9.613767025051711,53.34669299456],[-9.614682226226517,53.346180640070784],[-9.613440217808739,53.345727920265],[-9.608092305685785,53.34646502817057],[-9.608671540626812,53.34601859945818],[-9.607025761913011,53.346125407945834],[-9.607284742744026,53.34514314171615],[-9.6053950389945,53.347229921752394],[-9.604565473886181,53.34634617882003],[-9.601020809856022,53.34631884489285],[-9.601002417569287,53.345046373407484],[-9.598750295959567,53.34455574844412],[-9.594278770444609,53.34017860025272],[-9.594444864631123,53.33894369458993],[-9.596061863807076,53.33809258582908],[-9.59431718302467,53.33738562564561],[-9.596861809034376,53.33550947905243],[-9.598841841476638,53.3351147416082],[-9.599302812865734,53.336413486648446],[-9.60018596659981,53.33543499976829],[-9.6002920231728,53.336545538863774],[-9.602150623531639,53.336667600545056],[-9.609222103474723,53.33363342665079],[-9.610022258237631,53.33449910963413],[-9.611838920219197,53.332667557778954],[-9.613181058627935,53.332833912466356],[-9.613214127825165,53.33499884578288],[-9.61473568058042,53.33361625176179],[-9.617940166361194,53.33356568976051],[-9.618419110450658,53.33556096713621],[-9.62352489180183,53.330661228824106],[-9.629271386778194,53.33003591093344],[-9.630845009537477,53.33077279733447],[-9.631093837637499,53.33292835565909],[-9.643693566734369,53.33130677759288],[-9.643086306129646,53.332087671263864],[-9.646706725170315,53.333662325052686],[-9.64714945447678,53.33483293203886],[-9.648584679354062,53.33403419748662],[-9.648288465386052,53.33582527734204],[-9.650575694368003,53.335720509874164],[-9.650793583858366,53.336571742480366],[-9.652069998481437,53.33590145410221],[-9.652401039731872,53.3366727325231],[-9.655987479115584,53.33588553715429],[-9.65658511669623,53.33793879425209],[-9.658451898700369,53.33711393131659],[-9.660249293811448,53.33889568521871],[-9.662854633957549,53.33850065243514],[-9.666424406001182,53.339612680362876],[-9.666146457804402,53.341159069075104],[-9.66359171437852,53.339830400903516],[-9.663245400007813,53.34134038121943],[-9.658664802172071,53.342703817638565],[-9.652278695951008,53.34256070870853],[-9.650949912757046,53.343201450504395],[-9.6529273200934,53.34380950539195],[-9.650376424279775,53.344022313360874],[-9.647725353666049,53.343833095856034],[-9.645142325886798,53.34104150424974],[-9.642471198963248,53.340143286070244],[-9.63757305302117,53.34215152835968],[-9.634499973326143,53.341674639499125],[-9.63195535761732,53.34301306237192],[-9.630347017764624,53.342681212315306],[-9.627818245962434,53.34379351531139],[-9.628133326477789,53.3450051714854],[-9.627102963369623,53.34584732463124],[-9.623051784721314,53.34746053836367],[-9.627173810433844,53.34850030652164],[-9.625955719062027,53.3488435523732],[-9.626595374779715,53.34921012627645],[-9.644205400236626,53.34793813257956],[-9.643556922981022,53.348721633482754],[-9.644292724584941,53.3491915619008],[-9.642793930015545,53.349955432287445],[-9.64344333078301,53.3525983028628],[-9.646457490321552,53.35387505305413],[-9.64519260785271,53.35450431124345],[-9.643974054889322,53.35343898959545],[-9.641301515530243,53.35588974325052],[-9.635529944776113,53.35761818245259],[-9.633478959530652,53.359494388511266],[-9.626692292899559,53.36131642151469],[-9.626459200227776,53.36225501884536],[-9.627712614771893,53.362507315572],[-9.627051333894574,53.362941157627866],[-9.629768022000182,53.36269716605462],[-9.634597181315959,53.36495583130632],[-9.634399146234275,53.366912936857666],[-9.63545025310978,53.367717078261904],[-9.634189179344041,53.36815676878067],[-9.635062058865534,53.368759345642616],[-9.634033085200748,53.37155034400633],[-9.637514531401653,53.37250792806642],[-9.636835491126362,53.37445257114798],[-9.633921664717246,53.373765149028095],[-9.63311183632787,53.37530456829005],[-9.628630020438338,53.3760779235803],[-9.62953845935739,53.37385683036538],[-9.62573289585748,53.37464262017928],[-9.624633061349424,53.37360673756125],[-9.62524295323483,53.37228607087107],[-9.624341442855414,53.374003128579005],[-9.623023560448248,53.37370369414184],[-9.621995254554912,53.374726127205264],[-9.624641467869997,53.37534422229407],[-9.62473462040556,53.37673312492885],[-9.626665523158868,53.37730659715769],[-9.62616573755285,53.37803630611302],[-9.629041130692746,53.37701206354624],[-9.627616591608056,53.378493006522966],[-9.630063819497924,53.38075704793777],[-9.632403280022707,53.379460905417886],[-9.63462760268213,53.379673721402725],[-9.635580264132162,53.37776836053034],[-9.640115052142876,53.37622631189368],[-9.641372304799257,53.37380866307604],[-9.64695563296211,53.371168462352394],[-9.647553292537747,53.3719239917258],[-9.645614046211898,53.37345737949033],[-9.642006433467214,53.37495078383455],[-9.642485494853643,53.37745891966799],[-9.639519407075623,53.37887326431668],[-9.640741722226117,53.37909002824171],[-9.639674514516395,53.380907529926375],[-9.635537169991583,53.38271779453639],[-9.63305131743172,53.3883116675308],[-9.636182551866389,53.38736441485751],[-9.635164237085155,53.38645784417175],[-9.636042809629792,53.38594917787515],[-9.63519978288552,53.38607320454089],[-9.637419118794917,53.385353874275935],[-9.638879598893572,53.390969913792354],[-9.641894543499253,53.3867304292843],[-9.645693532329972,53.386273763501094],[-9.648387331986026,53.3877170949756],[-9.655595774461544,53.3857481446081],[-9.65707128886289,53.38627582671655],[-9.655107313355735,53.38828400950613],[-9.656042652033376,53.39078376873843],[-9.65695116237235,53.386662376225445],[-9.658392760968727,53.386374721788265],[-9.659021101951637,53.38566140672476],[-9.656761924772338,53.38567544786657],[-9.6571611175247,53.384471839590354],[-9.656307533365359,53.38436540591788],[-9.657757995955478,53.38352194642803],[-9.655468077729807,53.38368497951675],[-9.656768161037133,53.38115581461735],[-9.656169372502418,53.380413315958535],[-9.664704686773396,53.377711460495995],[-9.665194546032238,53.37717301548661],[-9.664096077060847,53.3768238381168],[-9.664974050833576,53.37610592974828],[-9.662749038070727,53.3749619601947],[-9.662433405979561,53.372204361996125],[-9.666300730596303,53.369796422708184],[-9.668172438194892,53.37006422661537],[-9.667488643261947,53.36894202463674],[-9.670148436926073,53.36929225840486],[-9.671114722801716,53.367862403928676],[-9.677995373164027,53.36652817166245],[-9.680615401035505,53.36837584498291],[-9.680849228675603,53.36974217978188],[-9.682815732710527,53.369581767719154],[-9.681650912904914,53.36808716855562],[-9.682165196250082,53.367238139712015],[-9.680000193885983,53.36606304025452],[-9.684814429295592,53.36302341693677],[-9.686504847394062,53.36263977514754],[-9.687218515403407,53.36408506298713],[-9.692047844891373,53.361568751106],[-9.695571340948183,53.361440532844654],[-9.696672996521631,53.36018110987121],[-9.694706766888338,53.35787619674576],[-9.704974863157547,53.35689825930991],[-9.709303708798249,53.35755512065776],[-9.709176345217235,53.358750603873396],[-9.711853815607245,53.35934036247401],[-9.711758130235552,53.359907236761856],[-9.711900818639707,53.3601766830751],[-9.713970200907042,53.359126724684266],[-9.71392699166638,53.35773602022349],[-9.710590143244952,53.35640211404234],[-9.696872856244685,53.35575332100793],[-9.699286768702645,53.3538452933788],[-9.698182611845894,53.352297964306146],[-9.699553021586022,53.3504867918522],[-9.707573141458699,53.34501824316107],[-9.708734018523899,53.34275268052085],[-9.706971735213036,53.34084968640556],[-9.710052260660676,53.34188301740229],[-9.710163982145778,53.3435165093656],[-9.713338685489989,53.34166435573451],[-9.713521501577484,53.33860774893874],[-9.715008026306066,53.33719360290118],[-9.708954165754148,53.33580492158048],[-9.709294684753656,53.333726886487796],[-9.713350817749703,53.331861705946395],[-9.716958564895185,53.33371688519266],[-9.718948579710373,53.331961863897256],[-9.720101848195824,53.33268625571155],[-9.719441457706733,53.32941787619524],[-9.721279655172506,53.327532588247],[-9.72221888707812,53.32801704516389],[-9.722778464925366,53.32698857992429],[-9.72740994214016,53.325781546371225],[-9.729901641516209,53.32691934034],[-9.729143858291375,53.32595912436641],[-9.730719221516331,53.326192286410794],[-9.730740417303732,53.32489415574794],[-9.733954697929619,53.32502888220613],[-9.731189537760292,53.32358437707336],[-9.734167213467787,53.32216164177156],[-9.732852169435382,53.32110898991621],[-9.73153413112498,53.32189224836339],[-9.73252675768537,53.32079958153395],[-9.730538241360096,53.31917086505216],[-9.731223799266687,53.315886626185105],[-9.730065763415912,53.31370072284999],[-9.732033005778245,53.31264516667364],[-9.730976193244132,53.31100395734792],[-9.735340679080934,53.30781191645271],[-9.739643885229976,53.30771897868529],[-9.738873205211181,53.30653385703339],[-9.739824999859422,53.30598458620898],[-9.743097455111908,53.306155554730466],[-9.743059673363607,53.30832186103007],[-9.749446469257103,53.30809757502539],[-9.752560617117716,53.30683290201031],[-9.752174377677422,53.30572672969459],[-9.753909061976445,53.30649705377567],[-9.753917194112928,53.30532047909008],[-9.758378660503874,53.30658379331425],[-9.767048039668962,53.30449515565989],[-9.768359302851325,53.30194130373178],[-9.769826455222612,53.30272787596052],[-9.770026626292669,53.30110763724883],[-9.774360000503153,53.302545800174855],[-9.775233356138079,53.300685084064625],[-9.77410771153514,53.300861772201735],[-9.7732136436553,53.29737702357647],[-9.772359456291744,53.29707452328125],[-9.772468241662963,53.29806789399824],[-9.771638896177851,53.29640489399446],[-9.772177114952513,53.294888195315956],[-9.771090721707886,53.29452286677257],[-9.77345322219408,53.29203615905268],[-9.780135021486217,53.29574359013232],[-9.782427788683886,53.29591888342508],[-9.779566909848452,53.302767988423746],[-9.780655151053864,53.3011797113509],[-9.783282720107769,53.30181557189552],[-9.786947417582123,53.299465467360406],[-9.790393984629153,53.30221634173528],[-9.789334719372015,53.30340802830455],[-9.791996460982826,53.30508593871351],[-9.79069600638909,53.30550453287563],[-9.792397940628268,53.30686310955984],[-9.793416436359779,53.306475207958414],[-9.79189872711601,53.30466665862336],[-9.79281377544494,53.30385512710562],[-9.795427606609643,53.30523305221631],[-9.796809372710014,53.30448333015264],[-9.800560503390148,53.30550925324324],[-9.80169696420037,53.30489411842432],[-9.801281757874406,53.305715310836945],[-9.803290262106616,53.30640318144498],[-9.802600498397124,53.30755841655377],[-9.804625475173067,53.30616765234795],[-9.80583740903878,53.306808739515645],[-9.805843255992572,53.30812052337264],[-9.807082127246275,53.30816900779828],[-9.806354607684256,53.3072923219302],[-9.80811811127162,53.30760819428563],[-9.80766439076495,53.30890958874676],[-9.808900590339775,53.307952667917924],[-9.809006933154741,53.30903029350655],[-9.811501367300577,53.309646820815786],[-9.811328120996489,53.308932197689096],[-9.813532304731726,53.30834591234333],[-9.813330316069395,53.309870194124706],[-9.814386280112664,53.30989855375493],[-9.81508626234301,53.312355595270716],[-9.813979019962265,53.31412170115796],[-9.811800109085269,53.3148937102347],[-9.815244561673081,53.31387511495016],[-9.815888001842692,53.314669499918196],[-9.813825645051303,53.315488245044584],[-9.813882250121,53.316794663504766],[-9.812233307697364,53.317340922689944],[-9.812760592613968,53.318398341529644],[-9.8118194263819,53.31864982427288],[-9.815852832521099,53.322889096248424],[-9.817503822749748,53.3227554531327],[-9.817864411170536,53.320554917828176],[-9.819149073387969,53.319857211881754],[-9.822314626854553,53.32222862837127],[-9.823195421720635,53.321838479012214],[-9.822872030913278,53.31957001984431],[-9.82174787225499,53.31923627551953],[-9.822617151695427,53.31795453473185],[-9.820441444701759,53.31902915210126],[-9.819911562563314,53.31683141042991],[-9.817495310681037,53.31586563242401],[-9.818736734297895,53.316037322339646],[-9.818763555634648,53.31458519138459],[-9.820570201358441,53.31327402996961],[-9.817588710543504,53.313635433715085],[-9.817665709374342,53.31303051827158],[-9.82247519225737,53.311924503416314],[-9.821304535858182,53.31135849932449],[-9.817855402044414,53.31282958855192],[-9.81675812550185,53.311646896012306],[-9.81874414472504,53.309694447722606],[-9.820468900165269,53.31036372603099],[-9.82159928418508,53.308870446625065],[-9.824284373757143,53.30868507854606],[-9.823721840387893,53.30991198095709],[-9.825503749260088,53.310071459309896],[-9.825967742498884,53.311428813478415],[-9.824604278144232,53.31213088486569],[-9.827934719709916,53.31154597271949],[-9.825963469266057,53.31367169767635],[-9.827998588070171,53.31523302998586],[-9.82728414773037,53.313717067012035],[-9.829425731570248,53.311308748894945],[-9.829900586905223,53.31209861711361],[-9.829504975912394,53.31047819292371],[-9.836115393260677,53.313154472037525],[-9.833799096777552,53.31369646529608],[-9.8362870851358,53.31520511440762],[-9.834296670762052,53.31570546228206],[-9.833259361955808,53.317265329219694],[-9.83505517319764,53.316247356049196],[-9.83441651070956,53.317602997047786],[-9.836928707339315,53.31695960863449],[-9.837989467882338,53.31921821180044],[-9.839564866659387,53.319485099899886],[-9.83897879484277,53.32168615654444],[-9.839872921529755,53.32227911286978],[-9.83840951854272,53.3239761140641],[-9.843209912501914,53.32220830256547],[-9.84313714076249,53.32345103376824],[-9.843670854714922,53.32424102639668],[-9.843482918179076,53.32344724505334],[-9.846899190441277,53.320941902564066],[-9.855649587967067,53.31959342611066],[-9.854680893726863,53.32508674187969],[-9.862604050194442,53.33028927734864],[-9.86252839263233,53.33111531583102],[-9.868698457860562,53.33124159149757],[-9.867181855159663,53.33011309254409],[-9.865127964661486,53.32533234086821],[-9.862604206524692,53.323470020567164],[-9.863745402477662,53.32142719713349],[-9.863303349572993,53.31968828365516],[-9.865826768195708,53.31731937418922],[-9.864462883019357,53.31677309899812],[-9.864972256526476,53.314468849617],[-9.868369514332594,53.31303216470869],[-9.868496381567939,53.31378768756165],[-9.869774958566971,53.313493163177476],[-9.870817211418705,53.312154857468535],[-9.873560144314245,53.312236826065046],[-9.87478102382246,53.31295416356352],[-9.872855800929724,53.314960131867394],[-9.874756855735475,53.316817987301846],[-9.875482968308209,53.314474840888316],[-9.87802194545152,53.31210535699177],[-9.881872964098237,53.311841919305124],[-9.88368047568632,53.31299792444031],[-9.883882895848839,53.315658617138595],[-9.886813822600345,53.3145837459593],[-9.886435202436308,53.31544440307169],[-9.888237533337497,53.31764521196331],[-9.88734984885497,53.3200741746024],[-9.883964494768906,53.32124137202454],[-9.883930022555505,53.32204399218737],[-9.886940893726267,53.32252502915096],[-9.88786055249509,53.32175887878403],[-9.887368841819764,53.32049770217676],[-9.888872881091718,53.31944150703351],[-9.89597802507913,53.318159481872016],[-9.899740342230974,53.32000218362244],[-9.898916292810975,53.32078002845982],[-9.900837623937306,53.321446507948984],[-9.900553004780404,53.32211222864791],[-9.902509191618677,53.32216839056443],[-9.906941289024603,53.32507909465976],[-9.905469017298511,53.32593199958947],[-9.906334636767186,53.3269024314987],[-9.903320664092597,53.32819259510074],[-9.89770248303247,53.329580174433445],[-9.897124836774479,53.32880993724855],[-9.8964638826975,53.328834325744936],[-9.89751404483145,53.330997284137105],[-9.896772520048522,53.33119228745541],[-9.896561039805261,53.33143643024023],[-9.897536812447552,53.33111070560801],[-9.898917106412966,53.33265316442774],[-9.898136898282102,53.33374834669829],[-9.899358790866309,53.33536318745042],[-9.898624101285886,53.33627671184982],[-9.90002115164454,53.336709171109135],[-9.893461984618737,53.34197021919918],[-9.884553154084182,53.339146404472125],[-9.882848340229588,53.34013499421072],[-9.88062927257626,53.34490160150349],[-9.882845015537113,53.34433492164333],[-9.88494112792029,53.345970135194634],[-9.885650189072315,53.34928708940521],[-9.883860105757021,53.348548925636386],[-9.884163908192685,53.349368671345566],[-9.883309343041681,53.348937368319426],[-9.882865821663092,53.34983253991264],[-9.877335666794522,53.34948282770679],[-9.877722367403436,53.351663803445604],[-9.87490402799893,53.352431135301515],[-9.87631451143584,53.353803011289024],[-9.874776017119101,53.35445405739049],[-9.877643150247545,53.35427208890633],[-9.875518536577772,53.35621075398852],[-9.879816112975409,53.355397561744915],[-9.877435684879536,53.35814386245989],[-9.878348577223617,53.35828813831438],[-9.878361037266213,53.35752346066926],[-9.87981195697404,53.35808213557839],[-9.882119008411905,53.35438580135817],[-9.88645779256931,53.35193155669081],[-9.88889690174744,53.35158297690066],[-9.890730683550794,53.353296271683526],[-9.894156058299945,53.35284092645366],[-9.895249805187271,53.35490253017543],[-9.891220483315958,53.35719093096237],[-9.887703206971121,53.35746215114445],[-9.886998262550433,53.35926846468952],[-9.884828391979665,53.35952496058644],[-9.884923496318386,53.36021413738188],[-9.891866406956101,53.360253732815465],[-9.890804435675705,53.361127754177964],[-9.892513574767067,53.36543836251098],[-9.890975074257545,53.3653925813564],[-9.888308487680705,53.36873675900961],[-9.874814887249393,53.37008865708499],[-9.873025921356028,53.36934204144601],[-9.873869512754274,53.368919300844006],[-9.868783157985206,53.36935902525821],[-9.868028006048505,53.36874316221743],[-9.868682724394787,53.36821416261923],[-9.867139203493897,53.36787272583677],[-9.86389858854393,53.369713910899335],[-9.86227053066351,53.36947817499538],[-9.862347893886982,53.37115112905004],[-9.855735957983999,53.374016362053304],[-9.845438870848298,53.37334244264488],[-9.845496738463364,53.37410685925293],[-9.842079928296133,53.37406311498293],[-9.840631257583025,53.3750607427357],[-9.840292409155728,53.37439208581673],[-9.839907973714428,53.37572223824258],[-9.835955598567837,53.376865080287615],[-9.837620094273488,53.379226047603034],[-9.83442491884079,53.380283336521735],[-9.833632285457394,53.37905823719617],[-9.828239492170544,53.37968801791565],[-9.823885164799218,53.37833160369369],[-9.82369698017389,53.377050831237504],[-9.824848594959443,53.37655520894836],[-9.823308058884994,53.376325188961964],[-9.82047705077285,53.37213559002015],[-9.820253932972319,53.37599531293779],[-9.81698096603179,53.37765721816174],[-9.816664742297652,53.37926486686633],[-9.814382849383435,53.38096217521399],[-9.81668549573574,53.380618421904536],[-9.807189804235561,53.38621888875802],[-9.794000567460257,53.38769464932566],[-9.795315050187881,53.386762984855025],[-9.781086997631164,53.38975758039533],[-9.793661292322925,53.388971101449016],[-9.792807223219896,53.39098478880585],[-9.788154123236165,53.39113128176378],[-9.787388382662296,53.39177764431959],[-9.790271710925584,53.39288899424888],[-9.789379312011201,53.39338972900531],[-9.7904556933447,53.39390721324872],[-9.792081624357179,53.393465153947034],[-9.790769765307648,53.39451701963294],[-9.793820552628075,53.39463905677938],[-9.794853725692114,53.39581176514798],[-9.794909249671917,53.39487544635734],[-9.798086189194843,53.39450161597478],[-9.798262058981596,53.39348585156772],[-9.801725334041876,53.39335772217424],[-9.799703756613773,53.395275888354526],[-9.801318088064873,53.3967874034638],[-9.796825465080857,53.39971016311234],[-9.797699443288497,53.3998094821653],[-9.796363966874901,53.400948885440684],[-9.79702069884792,53.40155928024448],[-9.796016893307092,53.403160465466726],[-9.79102587781209,53.40560479467176],[-9.786949944549928,53.40604703215856],[-9.785036211875875,53.40506482470847],[-9.784115158058365,53.40529659926869],[-9.785488692202273,53.406045436571716],[-9.784632411087125,53.40695792121835],[-9.787152134159097,53.4063514434638],[-9.786460787292052,53.40682758092294],[-9.787230830503846,53.40778042436581],[-9.788582336110533,53.40725749796499],[-9.789777303832013,53.40855056655831],[-9.79994217515396,53.40690138772503],[-9.803731835623642,53.40407186756291],[-9.806377765888055,53.403617723405624],[-9.805734860572281,53.40341230991172],[-9.805537720607777,53.40287977003583],[-9.815757663269935,53.40112507768353],[-9.81752839658289,53.402648190785776],[-9.818111920934232,53.405025343154094],[-9.822541460400824,53.40620098788372],[-9.821028049908586,53.41117535401306],[-9.808946240912334,53.41361026235458],[-9.80761754079316,53.41275091721794],[-9.805962000107176,53.41417100746253],[-9.805204379089504,53.4135888271054],[-9.806323532308898,53.41251753138794],[-9.799376437845783,53.41284539430251],[-9.798342009672307,53.41307813254624],[-9.798615945649559,53.41461036060032],[-9.797424937235357,53.414568489885475],[-9.797035153699424,53.41632012479579],[-9.802236540707316,53.418532352258865],[-9.810227354373584,53.419040870478746],[-9.812871993661174,53.41765455889738],[-9.81240468574637,53.416395586938755],[-9.82140107541038,53.41843363173676],[-9.82946968670182,53.41574974828691],[-9.82804929226047,53.41602439492971],[-9.829192501700584,53.41521729513401],[-9.829472353278389,53.41307593136219],[-9.832119902946587,53.411999977949435],[-9.83276227449651,53.41286978021036],[-9.83325626401394,53.41159363458954],[-9.83449470103298,53.41163185702268],[-9.834370626326256,53.40816979831991],[-9.836666671512738,53.40821319713477],[-9.837304894996196,53.40576694476049],[-9.840086520216254,53.40579874903958],[-9.841441961258104,53.40537093635074],[-9.841018434350108,53.404741186504296],[-9.84400438735341,53.403969404102895],[-9.842831307786465,53.404486964839855],[-9.844096742075276,53.404979291773266],[-9.842524691811137,53.40590482807791],[-9.844666637918388,53.4059583960247],[-9.843666469087891,53.40644455736128],[-9.844357507383343,53.40674645622505],[-9.845573902397653,53.40614720983976],[-9.844435081006273,53.40631896635699],[-9.845412643941566,53.40594775624691],[-9.844831792084149,53.404826398008545],[-9.846809248417186,53.40468663440187],[-9.846793926681272,53.40331181370411],[-9.849815907656867,53.401450470174],[-9.84563465630278,53.40184268271984],[-9.84707843152323,53.40058422418588],[-9.844992887109482,53.399852066234565],[-9.845282055973614,53.3984112207294],[-9.843967812038079,53.39757883791233],[-9.845832563258384,53.395122323919324],[-9.851313765804814,53.39385833928074],[-9.855017357511265,53.39444077388902],[-9.854303108761542,53.39552159444762],[-9.855735941567191,53.39590741026591],[-9.852244672608832,53.39877664244228],[-9.852506346625768,53.400867758369586],[-9.850399574245893,53.40154836585765],[-9.854341694759954,53.402435791492394],[-9.85339657716454,53.40406905446647],[-9.85514206448247,53.403499693105005],[-9.855754032610989,53.404290364907276],[-9.863155143569559,53.40098975984027],[-9.861939338619209,53.399239660392446],[-9.862740557439155,53.396963558569716],[-9.8605262367303,53.395621969441315],[-9.860922848399802,53.39433782390502],[-9.858796559365077,53.39401829248065],[-9.86187046597923,53.39080910035411],[-9.861534156187862,53.38932110474651],[-9.865895758863614,53.387848822694096],[-9.866756556333458,53.389792775982166],[-9.869097216396863,53.39100798226651],[-9.875707056158493,53.39299513946993],[-9.882026386814799,53.393294359778785],[-9.880698436327949,53.39788600338476],[-9.879365708401018,53.39896688708216],[-9.881709910184346,53.40156711639897],[-9.88156535719475,53.40284326227892],[-9.879480823227265,53.40414063696478],[-9.880900609338804,53.40549960527871],[-9.883634805590802,53.40569153694116],[-9.88406867541153,53.40692975003943],[-9.88562647925902,53.40677088809852],[-9.885928879419712,53.40804657588204],[-9.887650917455138,53.40780587979447],[-9.884947383372264,53.4096949429712],[-9.886456396752115,53.40992592412028],[-9.885647676510288,53.41251633728217],[-9.870951127416669,53.41818067428319],[-9.86539926975296,53.41689882178153],[-9.86274999378377,53.41769922834516],[-9.862512596241606,53.416794387500666],[-9.863887380290032,53.416510091481165],[-9.861048585963692,53.414703643503366],[-9.861473091161363,53.41545684252777],[-9.85884516673834,53.415986869577694],[-9.861009857568122,53.416360591176115],[-9.860583172770648,53.417987083681105],[-9.863785230251466,53.418572364246366],[-9.863760184295147,53.419893345155614],[-9.86233228528791,53.42072709722993],[-9.860000912006498,53.4209119680224],[-9.861007237742518,53.420003508742006],[-9.858633932185162,53.4199748182822],[-9.860158441931762,53.41920653159737],[-9.857933819316216,53.41847942118881],[-9.850940897495246,53.419012374499374],[-9.848027356603039,53.42048322687457],[-9.85053740158629,53.42295755922649],[-9.856869027729473,53.42320217807125],[-9.853315880810195,53.42433220485416],[-9.85280450391338,53.42621101893886],[-9.84957815178795,53.42747317233682],[-9.850545053725284,53.42638544549528],[-9.849718201931156,53.42537768733425],[-9.846981985346048,53.42556222667635],[-9.845192943260699,53.42446242118244],[-9.841733104948561,53.425151362270476],[-9.840400477313166,53.421479541203695],[-9.831568935433037,53.42108991202409],[-9.830226951445136,53.42228473648991],[-9.833467264138866,53.42333908244576],[-9.829896803345617,53.42433967581274],[-9.827048367993806,53.4236639565002],[-9.82622027183618,53.424649167217574],[-9.827538544866135,53.42581151215393],[-9.836507827162214,53.426784005933406],[-9.838155161828018,53.43045671184544],[-9.840819556219117,53.42819316083065],[-9.843030656822844,53.42794653805556],[-9.843638251983421,53.42835592534856],[-9.842293728143463,53.42951901622589],[-9.850925032549911,53.43156091495498],[-9.850685299837096,53.43273718924968],[-9.852088044184038,53.434070001080585],[-9.862298095542556,53.433132673719655],[-9.867301475869294,53.43472535188023],[-9.866645713764946,53.435767131898814],[-9.870365408270235,53.436492510790025],[-9.871059299036999,53.43582908109489],[-9.868429907449409,53.43409914782457],[-9.864364602665063,53.433042040942475],[-9.863699398496557,53.431356760834085],[-9.864442522307135,53.431029864152876],[-9.860986576807568,53.429154462642856],[-9.858402039278175,53.43002982322134],[-9.86259440606512,53.431682251033855],[-9.860195518351833,53.432566896406186],[-9.856320567513125,53.431419708677225],[-9.857384700387046,53.43089628291522],[-9.85497984082568,53.42988224764608],[-9.85772436335271,53.4291703223865],[-9.86052931117629,53.42621794305352],[-9.861279361320324,53.426706787348664],[-9.863081934365104,53.422743856062255],[-9.876253418140477,53.42063809326835],[-9.88001758627293,53.417202836977175],[-9.88547866696202,53.41497322493759],[-9.889196638508793,53.41516332585325],[-9.889231828911875,53.416586244495576],[-9.894116097517928,53.417839817400406],[-9.893985433416269,53.41910861145949],[-9.897475904029239,53.421035232162005],[-9.891338775256873,53.422681331855415],[-9.892165339946189,53.423188923937566],[-9.890336602561483,53.423825287602455],[-9.887439708910758,53.42627416951851],[-9.89408693988204,53.423865731261486],[-9.89566030527002,53.42370835658495],[-9.896945824129883,53.42491374648684],[-9.903108948030853,53.423191965506795],[-9.903893306069968,53.42194701971469],[-9.900066048447025,53.42136162433776],[-9.908773383872132,53.419159935073125],[-9.90814297586618,53.418690398391064],[-9.911931524810548,53.41641882051183],[-9.909724673576141,53.415000648523744],[-9.913179622186295,53.41510021967341],[-9.912706080889787,53.416693427573],[-9.91421308204006,53.41596897202698],[-9.916381982736697,53.41396317478545],[-9.91650618382992,53.41239313103165],[-9.915401438489925,53.4123992206779],[-9.916793781306929,53.41055193845118],[-9.916211143255774,53.40858369885246],[-9.916989774718905,53.40935752935675],[-9.919867943197119,53.406425371641554],[-9.917781920831793,53.40022394715854],[-9.919053974935926,53.39674258512289],[-9.9177060592026,53.396641944300214],[-9.91766869764009,53.39462399630703],[-9.916579802236285,53.393865327408164],[-9.91750295938428,53.39368632041792],[-9.91544708184271,53.392598721920535],[-9.915673281849356,53.38971940894573],[-9.917626860723571,53.38905704055839],[-9.917299171606944,53.387380043307296],[-9.919793032152889,53.38585960665942],[-9.922310127988,53.38670341726786],[-9.922584988108023,53.3855164322212],[-9.92618668116985,53.383155396018125],[-9.928882004383063,53.382960537362095],[-9.929903058887161,53.38397062488425],[-9.929304542743697,53.38229025135594],[-9.93678984816856,53.378654125783456],[-9.942028223383264,53.37801376813574],[-9.944874955701241,53.37863208114393],[-9.94518230485601,53.38026513893815],[-9.949776144224987,53.379525035556135],[-9.949713534372181,53.38063990663666],[-9.95168660151019,53.3812557002115],[-9.955797857323555,53.380310141443005],[-9.960909944842834,53.37619995791798],[-9.961405621942127,53.372791896346264],[-9.951211170359672,53.37059660283215],[-9.95225336835142,53.36888551494962],[-9.95894909750708,53.367532749316595],[-9.961143309595315,53.36806641059832],[-9.960435171497732,53.369975507949206],[-9.9634503519637,53.370108228060076],[-9.962487325703341,53.37117307067746],[-9.965170913028404,53.37156065607757],[-9.964621508934663,53.372104863283624],[-9.9672317782125,53.373606159277564],[-9.969602261987653,53.373741100633126],[-9.970011932028914,53.3724752772668],[-9.972663989393558,53.37133938192139],[-9.977148858456498,53.374228237256645],[-9.974699376673662,53.37720244429682],[-9.97249361430942,53.37792030742233],[-9.971140815956806,53.37709327271251],[-9.96943763513484,53.378235981899074],[-9.966200449373428,53.376757125664916],[-9.963643149110684,53.37790421186771],[-9.962886641792117,53.38016458290956],[-9.96772370058461,53.383150519437706],[-9.973996628113884,53.383759718661125],[-9.974962504181677,53.38250528025245],[-9.989464961715898,53.37946126379862],[-9.991627401710142,53.38053569873872],[-9.996496153076228,53.38030710749019],[-9.99653849932191,53.38117800859083],[-9.99783037699398,53.380794613047776],[-9.999132155340561,53.38261697345821],[-10.002459083171672,53.38373395669572],[-10.005046156384246,53.38365838703688],[-10.007990996012152,53.38228827342302],[-10.008545605486539,53.38093562379158],[-10.01105269382313,53.38045313822878],[-10.015438167286721,53.38222395065124],[-10.016313094758114,53.38611199328912],[-10.018210115211232,53.38652965819071],[-10.024635276401705,53.3850327958596],[-10.029151948975667,53.3859494143568],[-10.030283050457221,53.38530593597016],[-10.029449697451962,53.387612327626556],[-10.032072085444845,53.39037319440902],[-10.032678647353627,53.38966239255481],[-10.036745063822917,53.390599689403864],[-10.037040515395777,53.39315982877623],[-10.035175012059673,53.39338288293373],[-10.034733214755038,53.39498135080098],[-10.03305956677223,53.39475119074512],[-10.032705246939418,53.39500767161004],[-10.035509923996326,53.395296160276764],[-10.037432157781708,53.3978053441048],[-10.036333691220362,53.39842572459195],[-10.036285139484276,53.40127733121405],[-10.035695449335654,53.401293420689015],[-10.035304065210326,53.401062259648114],[-10.034889253250297,53.40103056459397],[-10.035578052196517,53.40194748302579],[-10.034429815757798,53.402555165645374],[-10.034936900329564,53.40400918091743],[-10.033207523545903,53.404589364521776],[-10.03464438587621,53.40472681838316],[-10.034877008931714,53.406327376525496],[-10.03389265657057,53.406368394141126],[-10.035013540830073,53.40805544664847],[-10.03830623524339,53.40909320284494],[-10.036745502056378,53.40880310600261],[-10.036001606470139,53.409308166262754],[-10.040608182135701,53.41025634492012],[-10.043811133053559,53.4126419504323],[-10.04349373441762,53.41330898982805],[-10.04615428507648,53.41251821015232],[-10.045305043780044,53.41210500124385],[-10.048980005377757,53.412426662197454],[-10.056221078189752,53.416287937088654],[-10.054024490141945,53.41473016707339],[-10.053523134446916,53.41399525506293],[-10.054572710563168,53.414817539472246],[-10.061875730789291,53.414733714376766],[-10.067171846480163,53.418611344462725],[-10.067858046181914,53.42258309535535],[-10.068761085694273,53.42004245363471],[-10.072497013201515,53.421514209277575],[-10.073080330203133,53.42306044307862],[-10.074813384895293,53.422866234875805],[-10.074800859980135,53.41978329215811],[-10.07930163037393,53.417293295282725],[-10.077858638947486,53.41633646726969],[-10.077984888976813,53.41308137421287],[-10.083009431556903,53.41076828025746],[-10.085108145612823,53.4080658525359],[-10.088530387218881,53.40867587118631],[-10.087824056295409,53.40962149069956],[-10.085916689125664,53.40901107490739],[-10.086850811525458,53.40999789791028],[-10.085594559860953,53.409677550606766],[-10.084400714990034,53.41075648936679],[-10.08466851534582,53.41187245112834],[-10.086122944224062,53.41206871921346],[-10.0854892766463,53.41282345836221],[-10.086449033495068,53.41272526061753],[-10.08613667579462,53.413833569257996],[-10.084310324121269,53.413927239848555],[-10.085603540497653,53.4151661420887],[-10.087366922653986,53.41522887523317],[-10.088889371076375,53.413758181122446],[-10.092237029734086,53.41463150825315],[-10.092666704545106,53.413431033785834],[-10.094635502906819,53.41329690279772],[-10.096003056372655,53.41450588757335],[-10.09503431468579,53.41512493704131],[-10.09710843539524,53.413834543218044],[-10.0985150602013,53.41496411854959],[-10.09732416571778,53.41369494508844],[-10.097986917564034,53.41297878469978],[-10.097155307768595,53.411101717045256],[-10.10197467429922,53.411566353723835],[-10.105239102928278,53.40951394762365],[-10.107416825698843,53.410616092410926],[-10.106966104109334,53.411404167799475],[-10.107822482775882,53.41057274223347],[-10.108966290543425,53.411199907240466],[-10.11014156290355,53.41258092649866],[-10.10940385836324,53.41417513723109],[-10.11149359182413,53.41446004786647],[-10.11363996373304,53.412294384122035],[-10.115835814700697,53.41236532529693],[-10.115868225034564,53.410141987181184],[-10.120687082256682,53.407520717290495],[-10.120441952876273,53.405954824266274],[-10.1157158565781,53.405775633494365],[-10.116981701636469,53.40508923785086],[-10.117148234793001,53.40225167182821],[-10.118894655938174,53.401228078661426],[-10.126391595033736,53.40370575646248],[-10.1275420154575,53.40747209315156],[-10.130641157048142,53.40735726638053],[-10.134445522229846,53.40985727227552],[-10.137531571282718,53.410056816566765],[-10.141025536366506,53.416568904384775],[-10.151635592066928,53.42056203828107],[-10.157067348223663,53.41592616630326],[-10.16004585122715,53.41669993243446],[-10.164494000950615,53.416031810744755],[-10.166443946727268,53.41393023854304],[-10.177373429123548,53.41139853110471],[-10.178409603906285,53.409567691969556],[-10.177338681806248,53.40779129621699],[-10.179668348371584,53.40696871110508],[-10.180887019305894,53.408803501710416],[-10.182975692335726,53.40890233767906],[-10.181149627840655,53.409921941981516],[-10.180981800749223,53.411244712969264],[-10.18255328977926,53.41248737185449],[-10.181474087607388,53.413053306517035],[-10.185449376918863,53.41246479466094],[-10.178353934046683,53.41708509691401],[-10.173728744953303,53.41869877662702],[-10.174421242080767,53.41946570935947],[-10.173566859015317,53.420908940957],[-10.169979596669434,53.42191194258772],[-10.171667537318534,53.422283080027825],[-10.162867646209543,53.428783025005394],[-10.161991409735597,53.42990481411539],[-10.16541123817088,53.432028809080656],[-10.154620349642022,53.43423027947142],[-10.153107378256205,53.43659345607441],[-10.154346036196756,53.43668778655739],[-10.152006015908762,53.43769648519706],[-10.155646537211279,53.43938709760851],[-10.151290751478562,53.44009980831244],[-10.153531630907082,53.44240873589561],[-10.149593980567097,53.442293916573156],[-10.146114170323607,53.4435526576379],[-10.145807494166412,53.44227982696524],[-10.144582666259671,53.44275537762808],[-10.145778887885921,53.4388941424094],[-10.143127539835232,53.4413180132471],[-10.139590164921007,53.4424696883635],[-10.138437626530138,53.44489719151509],[-10.140299923056237,53.44673409393292],[-10.137904820151968,53.44773069493255],[-10.134666265115564,53.44743183622326],[-10.136384108906052,53.45002453405603],[-10.133005930761868,53.45129568956061],[-10.134479244849985,53.453417321239115],[-10.13381192894485,53.453814280626176],[-10.135879109183644,53.45387631064719],[-10.134992148912806,53.455853413981465],[-10.127959303336894,53.457764902059964],[-10.12682030975914,53.4568936961891],[-10.127705501121167,53.45516625602665],[-10.120841591280017,53.45145527362429],[-10.110735816326063,53.45207981007025],[-10.110012213476974,53.44954352848738],[-10.108926147151456,53.44922093237579],[-10.100445385139626,53.45091688828768],[-10.097833039996592,53.450114810620505],[-10.097583320664052,53.44803977505507],[-10.094562089158089,53.44714489215846],[-10.096399229484433,53.44502036193986],[-10.093400446366921,53.44392894554866],[-10.093824650049724,53.44224476287872],[-10.091284962230818,53.44377045742536],[-10.08910592757543,53.44285357733856],[-10.090419758066373,53.44214852792543],[-10.089489871850224,53.44210519060553],[-10.089163010647011,53.439378814183364],[-10.09130523626885,53.439231008512216],[-10.09059201293399,53.437903668472075],[-10.08929737088141,53.43791175732353],[-10.089825657106488,53.43704376745509],[-10.087369222507215,53.43633872692206],[-10.086031001614742,53.43801501993692],[-10.080375270584556,53.4382194203918],[-10.08013500639329,53.439267593746955],[-10.08374350748653,53.4386265477057],[-10.082530249983677,53.43900326252548],[-10.08406464028602,53.439638865158855],[-10.082452226034647,53.44068417946776],[-10.0839310537362,53.44090652672988],[-10.08215358636808,53.44097297437222],[-10.083171854841536,53.44116586965298],[-10.084773343127143,53.446029707965785],[-10.087454769617832,53.444635498739714],[-10.091339816620936,53.44594623620402],[-10.090228573318493,53.44682389664879],[-10.087617258240025,53.44617206596191],[-10.083884062417537,53.446879442875435],[-10.083239028517829,53.44546861750101],[-10.081334628575016,53.44478100046682],[-10.081245908595323,53.442471064374274],[-10.074954258265334,53.438394081528585],[-10.071137315286284,53.439491046835805],[-10.072349843629604,53.44164930501358],[-10.069559501866465,53.44271636996406],[-10.064481353086006,53.441402714397526],[-10.062663963677949,53.44292419264393],[-10.061645195333556,53.44661468772418],[-10.062052853132242,53.45153957247805],[-10.058553370355185,53.451589184096704],[-10.059106888557844,53.45368203157244],[-10.058065006392427,53.45510510892965],[-10.05890151588258,53.45561897827358],[-10.057855581325493,53.45555540730117],[-10.058028054784602,53.457158787196065],[-10.056599751804344,53.458506704103684],[-10.051817766803596,53.45745861819826],[-10.052723615080094,53.45743344441784],[-10.05105255451547,53.456394291179464],[-10.051578713585315,53.45752376513026],[-10.04298034157619,53.45796432586697],[-10.041485196611616,53.45951780442305],[-10.036813858085413,53.45876506823051],[-10.033979015014003,53.46028354738069],[-10.034913320739209,53.46079457827286],[-10.034328492422459,53.46130626393491],[-10.040284572365328,53.46335362027893],[-10.04428792588384,53.46291198022485],[-10.04467393537691,53.46391914013663],[-10.048016137509473,53.46437947916691],[-10.050808902067281,53.464423728948894],[-10.049816562028692,53.46345363642178],[-10.050400677276837,53.46286852257837],[-10.064370269380317,53.46303389781527],[-10.067762757968357,53.46504228993171],[-10.073523396451918,53.46612908247081],[-10.075554689608877,53.46817032574693],[-10.07851205811239,53.46727254801472],[-10.077004389159685,53.46655467269504],[-10.079749663585897,53.46541627124304],[-10.0854902330714,53.46716725763197],[-10.084392534576422,53.46804403498083],[-10.088156029373074,53.46600887228471],[-10.09137644434747,53.46747856738147],[-10.091841700083968,53.468234109030746],[-10.089460132761882,53.47030257762043],[-10.086921683235948,53.47022463849733],[-10.079733670282007,53.472784293779014],[-10.084083493938163,53.47531353756891],[-10.092898221310225,53.477530462408076],[-10.0944955545358,53.47916813035922],[-10.100201297939504,53.47987395410369],[-10.10018461523436,53.48072788354278],[-10.098478061676536,53.4819475786287],[-10.094021572974938,53.482065936543066],[-10.089453341822452,53.48446314696189],[-10.08817430720719,53.48418898054632],[-10.08938640568341,53.48659862679273],[-10.08557031126751,53.486722488054056],[-10.083397135907852,53.488948479266945],[-10.077487416034137,53.488131374829706],[-10.07538505262211,53.486058750813854],[-10.068780442385805,53.48344536598158],[-10.058313782593746,53.4819856239128],[-10.056020223357278,53.48056625421691],[-10.057861865191715,53.479577521955974],[-10.060066356616373,53.4816422415557],[-10.0632457183306,53.48003433773768],[-10.053533431307818,53.47845606933557],[-10.050977480386459,53.47479208084685],[-10.022243762923138,53.46750589677333],[-10.020531276806446,53.46855484000602],[-10.017964047409157,53.46404103677556],[-10.018101915473467,53.46561416165101],[-10.01700194737018,53.4656762353998],[-10.018599891631622,53.46713316731894],[-10.017683971806315,53.468122674955666],[-10.019968666451732,53.47106750676956],[-10.018984364378218,53.47187496097792],[-10.019724712399555,53.47269505556927],[-10.018660132721068,53.47241090648741],[-10.019087031754152,53.47340455445413],[-10.021977819786702,53.47410115413847],[-10.02027610968251,53.47500583383619],[-10.02105955604344,53.47543105200486],[-10.023307494163749,53.474806814841045],[-10.024249414101584,53.47588320459665],[-10.023597583560724,53.47438341199454],[-10.026762625130344,53.4752231184243],[-10.025250294508243,53.474524088965765],[-10.026803928527757,53.47382057366891],[-10.025867282457748,53.47308736200989],[-10.026284693473418,53.47291332349448],[-10.03158776703673,53.47432993874601],[-10.033607497670111,53.47303829623342],[-10.039582125138095,53.47488128134834],[-10.038093610899798,53.47590725526119],[-10.045885978973352,53.47950714454875],[-10.04545257230072,53.48165482780587],[-10.042538525787414,53.48256922343342],[-10.036563341225875,53.48361667229985],[-10.031415799972814,53.483258665883824],[-10.031378393941988,53.483991359239916],[-10.030491105166286,53.4840558875177],[-10.028471554618564,53.482853413537434],[-10.02594328328763,53.484501058996585],[-10.026582541622693,53.48584797997244],[-10.022367362142884,53.48747103670195],[-10.026429712565823,53.48750852773695],[-10.030649346819565,53.48445297339253],[-10.050178030889345,53.485907025210196],[-10.048267361113549,53.484447994277254],[-10.04896691390746,53.48417560507682],[-10.061792042831954,53.49105931802321],[-10.06940656089843,53.49070891504392],[-10.087440906803176,53.49633618376967],[-10.107596892892522,53.49601386257189],[-10.109799095486684,53.496924962185574],[-10.10966386776828,53.49882129350967],[-10.111268425755771,53.499302248613155],[-10.110056021368854,53.49920849559989],[-10.111251972575403,53.49937279325727],[-10.112116251126983,53.49908805340547],[-10.113223964852661,53.50092520869225],[-10.118539362896907,53.50211776868041],[-10.122035820498269,53.500182812002095],[-10.126303240639272,53.502750196544085],[-10.1263867054236,53.50437730991156],[-10.124323202207645,53.505727743068505],[-10.125084629774017,53.504768516149774],[-10.120759221424924,53.5045467098108],[-10.111405893241972,53.50125905541446],[-10.110861815202941,53.50174996487329],[-10.112694032258817,53.503357953280506],[-10.118436682223281,53.50485003847777],[-10.115036747834429,53.50507524886118],[-10.115107581307667,53.5064139878131],[-10.126200338597314,53.51067343243227],[-10.13033719261264,53.510384913602884],[-10.127640221750495,53.50919518405623],[-10.127268486807628,53.50779909412491],[-10.13135993940713,53.50718908098356],[-10.136212672183698,53.50859548202441],[-10.138468206439947,53.51036636900087],[-10.136746345332162,53.51322398174717],[-10.13852756332822,53.51382840721931],[-10.138127838777374,53.5146478235703],[-10.131392898955193,53.51451111440116],[-10.11631154926291,53.512045341216854],[-10.104419957941008,53.51151542845185],[-10.107238147394508,53.513210920575546],[-10.120338430448248,53.51446641903461],[-10.127768629639865,53.51695947091635],[-10.121864036657843,53.516430063266114],[-10.13283265360127,53.51836709812718],[-10.137148690611351,53.52042318878526],[-10.136258113728461,53.5205449233785],[-10.136062604785947,53.52226297219528],[-10.126844460896084,53.51996750242559],[-10.126274565494542,53.52093233563544],[-10.124382729494984,53.52080885076],[-10.12111095517344,53.519291005496655],[-10.112134921406286,53.51982881105134],[-10.107551688946932,53.51813739797251],[-10.103307825161782,53.51851199801792],[-10.097144371859534,53.51728053084911],[-10.091906911863328,53.514562702468595],[-10.095928694415978,53.51216258737535],[-10.088709639149142,53.51291941909427],[-10.07257994548621,53.50926197639967],[-10.07453388122321,53.50894589949767],[-10.074577284739702,53.50795531616621],[-10.079738967550437,53.508102449101784],[-10.082400944558108,53.506753427026524],[-10.086564877207325,53.50752018587591],[-10.0849562859852,53.5067819366793],[-10.075805091947974,53.50622345591749],[-10.069180646065075,53.50405550832112],[-10.064597074126986,53.50426921967482],[-10.061790998564438,53.5027737603671],[-10.057988227411682,53.50393256186199],[-10.0553989418404,53.50312646707125],[-10.05225024791841,53.50505252148204],[-10.046518999550813,53.50646818215753],[-10.046894902052562,53.505431021752045],[-10.041482580107312,53.50569597661866],[-10.041169385693593,53.506353539415315],[-10.04365679717136,53.50638056908561],[-10.04431119904681,53.507402955750884],[-10.041923049236402,53.50862285972961],[-10.040560252230629,53.50725925385148],[-10.040492709566912,53.50882963769721],[-10.043082912031496,53.511020254364496],[-10.04735571970826,53.51140997584651],[-10.04795708921028,53.509885799002305],[-10.049809476567535,53.510075719940026],[-10.048894728665223,53.508850941339325],[-10.05271014267783,53.50801732762285],[-10.054875181109937,53.50918646558431],[-10.053212093831432,53.510326453504184],[-10.054699624308684,53.51207272751822],[-10.058455864462678,53.51057064822637],[-10.057060723023168,53.51002184240005],[-10.057943164040573,53.509696262875714],[-10.069511018746661,53.51248855908986],[-10.075916087241351,53.515205354365754],[-10.07889100023767,53.515131234099805],[-10.078094404175355,53.51453942305592],[-10.0785839916434,53.51348269035065],[-10.080531960325867,53.51290358376212],[-10.08490054256844,53.51469757863242],[-10.085479141962713,53.516186139013655],[-10.089684176991229,53.51643661083445],[-10.101711743842904,53.52025457563984],[-10.10471394280728,53.5197304882922],[-10.125317616664361,53.52164992724903],[-10.129437974381815,53.52233640758074],[-10.1315454903036,53.52378876933998],[-10.132327316860072,53.5227296966837],[-10.135564036875426,53.52289174592411],[-10.13758446000563,53.524048579439466],[-10.134706014275581,53.52450571212737],[-10.13519597472912,53.52705982791538],[-10.13685926434103,53.52751659516964],[-10.138257192296932,53.52953929681239],[-10.142877297398343,53.5301967485481],[-10.145146164057197,53.531933102180545],[-10.144033101955957,53.53790153570974],[-10.1455480978713,53.539007773335555],[-10.144697444774692,53.54155394270342],[-10.145586564408067,53.54230406655554],[-10.154182268725176,53.5416045763169],[-10.167830357927176,53.54284479219197],[-10.176344266564318,53.54108198916813],[-10.175955894226428,53.53991015027639],[-10.17850728475631,53.539141459138115],[-10.18005593178801,53.539536280011845],[-10.179290250520786,53.54009731135151],[-10.180050713016875,53.54098397971938],[-10.184555229529193,53.541327297968756],[-10.189013966286414,53.54384151762883],[-10.195414992730633,53.54435319586367],[-10.19841940798964,53.543248187948954],[-10.201137369526423,53.544529945694144]]]}}]}