{"type":"FeatureCollection","features":[{"type":"Feature","properties":{"name":"County Cork","source":"Tailte \u00c9ireann Counties National Statutory Boundaries 2019 (CC BY 4.0)","simplify_tolerance_m":75},"geometry":{"type":"Polygon","coordinates":[[[-8.882724931407264,52.33197075346646],[-8.888212021474846,52.3364920613234],[-8.888437419660669,52.337957481153644],[-8.881363861528948,52.33963821075153],[-8.882370277798026,52.345452507061836],[-8.877078617638922,52.350269927657834],[-8.876357512673906,52.35441913438765],[-8.873127958871297,52.35069507539476],[-8.867466943115398,52.34916233528284],[-8.86568886579346,52.35372272325075],[-8.851875372457275,52.358673973920546],[-8.849388643804069,52.36379448497218],[-8.851708484790263,52.367873494755436],[-8.846918697723023,52.37110126451535],[-8.83761206889502,52.37132745198532],[-8.835249513076407,52.37016173271469],[-8.83289815207558,52.37114124542051],[-8.828514549893871,52.37087335480008],[-8.827945769648167,52.373834066438484],[-8.826535652985745,52.37488551325584],[-8.82794929735316,52.376728106190725],[-8.823192109320354,52.37995079040393],[-8.823103656891725,52.383016331871445],[-8.821673387205715,52.38375971015084],[-8.804900245885307,52.386584286722304],[-8.802645415489666,52.38796011738329],[-8.799789518472265,52.38753139290634],[-8.799717677604031,52.37979932432727],[-8.793167516889993,52.3716290011318],[-8.788167870196158,52.372769379481944],[-8.787496774323271,52.377710610042534],[-8.780774955541563,52.384558304114286],[-8.781986746187535,52.3855015394216],[-8.781419212723707,52.38769746839123],[-8.761904462837458,52.38216851207506],[-8.761696778530967,52.37965588351227],[-8.7582193805549,52.377451864295075],[-8.749842320229117,52.37960624631755],[-8.747476316997293,52.37605219383218],[-8.734792364331001,52.370966899460505],[-8.729034059846212,52.37239848801132],[-8.724185150644372,52.37101852721416],[-8.7158484896529,52.37385220841332],[-8.70932047609583,52.377779216302784],[-8.706296329758176,52.37530245681212],[-8.700335996382234,52.378143347510566],[-8.691078354449404,52.37836527685484],[-8.672371641585947,52.38375310103059],[-8.671548356510547,52.381466617619154],[-8.674688543444839,52.377669451631355],[-8.674266588105978,52.375855720767646],[-8.671024570624649,52.37280224874208],[-8.673724086527715,52.36798712100932],[-8.668434719044258,52.3598119678206],[-8.666214008377745,52.36041097674569],[-8.663275293459739,52.35917472330207],[-8.663191861612468,52.35448628681725],[-8.66185134587296,52.351638387701364],[-8.654418116755112,52.35272449438768],[-8.655060580428522,52.35022422798127],[-8.653428393907275,52.34873546863132],[-8.653595269936138,52.34763897989042],[-8.64410451238237,52.34828790975239],[-8.642127873994355,52.345579034557495],[-8.638206284942655,52.34710906931323],[-8.633309363640045,52.344434282280396],[-8.62749506624916,52.346632845904814],[-8.624375461974019,52.34440025615266],[-8.623912585307554,52.34286161668039],[-8.625095618921566,52.34205251213475],[-8.625405143578924,52.338184169827265],[-8.624001140800898,52.33743545427342],[-8.616512134837576,52.339213989162864],[-8.614157643789571,52.33721998818625],[-8.614116887239275,52.33601821819993],[-8.60981575217473,52.33598660916893],[-8.605444011474836,52.33279024043934],[-8.610073712765608,52.329701042617316],[-8.609008217489283,52.327127214669744],[-8.601763720429105,52.32055304438056],[-8.599931512648212,52.32189317207662],[-8.597874435091335,52.31871051282879],[-8.591383293242627,52.31443645285935],[-8.585407771948868,52.30707752456871],[-8.582686650086467,52.30576065325718],[-8.579677823897985,52.31011475160753],[-8.575982286624024,52.31049095361459],[-8.56966229539198,52.309943597073534],[-8.56462101724404,52.30627282334484],[-8.55831234339781,52.30739712975629],[-8.547291094669658,52.292497904208794],[-8.542584001554653,52.28915158991473],[-8.53444461323785,52.28614397322233],[-8.519165523889136,52.28327723106995],[-8.516919627929848,52.28050384056667],[-8.51021412909335,52.2817576226929],[-8.510172993096692,52.28023284190766],[-8.505263647362629,52.280387304128716],[-8.490496796410325,52.28426341866412],[-8.47742710424334,52.28596867309865],[-8.451946351090418,52.287296138135574],[-8.450109625352841,52.28929198091519],[-8.441383380452422,52.29256073997749],[-8.386415586109585,52.294627085409495],[-8.384414721941736,52.29806601046856],[-8.384703682627965,52.300902564078655],[-8.381285534802085,52.30427035563235],[-8.376890031864546,52.30487847138381],[-8.375354709767599,52.30625410661596],[-8.36870922815036,52.30669636643519],[-8.363579030049749,52.30888529623401],[-8.362771122847846,52.313067769920096],[-8.363499305181163,52.31732912977684],[-8.362585459698979,52.319937121787746],[-8.358804817975209,52.32099768051802],[-8.35724515999438,52.32259741295227],[-8.352310510668747,52.32238274563406],[-8.348264999020747,52.325767226307384],[-8.342649051390191,52.32714105787491],[-8.34102737206717,52.32927666674893],[-8.333503805220097,52.327332741719474],[-8.331829443964368,52.32250085941473],[-8.333554414651706,52.32017098471022],[-8.330502196049062,52.319530672198475],[-8.321467675417818,52.31975708854814],[-8.316909854722443,52.321533679358254],[-8.314399540552607,52.32383921847635],[-8.310953000527336,52.32406828012913],[-8.312369565061692,52.321920682625056],[-8.311400796462532,52.316935481211495],[-8.299519250870102,52.302942406259106],[-8.297043606377086,52.29480120032465],[-8.290892679281189,52.29070825196514],[-8.287876542443923,52.290285134867084],[-8.286040214269038,52.287783827257044],[-8.281501053889333,52.28539525338723],[-8.280715928193452,52.287395496604425],[-8.273862328281245,52.2911990445017],[-8.272783169642747,52.290375376373454],[-8.271198404714875,52.291469643852295],[-8.265582620530719,52.291349500495045],[-8.25600032507795,52.29438613904111],[-8.252469643025428,52.29418377532289],[-8.24894298064946,52.297098211599625],[-8.247100881220746,52.29638277133134],[-8.246249427108117,52.29713449093257],[-8.245813735324132,52.29612688359585],[-8.24381868475362,52.295824203747316],[-8.225373882004488,52.29608323358942],[-8.221330030941527,52.29493480097562],[-8.220886134741521,52.29364801378886],[-8.216669921197981,52.294734368115876],[-8.207383147741458,52.29445533408794],[-8.201752570740958,52.29129083542607],[-8.200642717708822,52.28900661442518],[-8.195604954763999,52.28715384193562],[-8.18320596735158,52.28767580003873],[-8.17857832862422,52.28160382945431],[-8.176579787637268,52.27668073359037],[-8.16513932714469,52.27761704092393],[-8.164340753695049,52.27286004776559],[-8.165802758695339,52.26978074791339],[-8.169311780865248,52.266461347123126],[-8.162638964555262,52.265603049737656],[-8.165582489484388,52.259965101392105],[-8.161491367494085,52.253044164822505],[-8.160952206549307,52.241928480895616],[-8.156995263318262,52.24124508347173],[-8.152901365263938,52.23841478976906],[-8.138789364268137,52.23748189336305],[-8.135381561497782,52.23493835772599],[-8.132978678524223,52.23539752242317],[-8.113932153151021,52.23138701319254],[-8.103395766663004,52.23118273808063],[-8.107011913399008,52.214912383250166],[-8.104717199878845,52.20648430017227],[-8.116272123923203,52.20493920574207],[-8.11954867712058,52.202478788540986],[-8.125390834272276,52.20119958762424],[-8.120688189192164,52.19739028834983],[-8.11985826710398,52.19541552937097],[-8.123514492393788,52.184925063634466],[-8.128690545590834,52.17451147742587],[-8.133754583874287,52.17130148289593],[-8.134994001314006,52.167143180610445],[-8.137955033338654,52.16380105224677],[-8.151960754623664,52.16545823723196],[-8.154315947911922,52.16491664690857],[-8.15739580513107,52.15992493327392],[-8.157326078920768,52.154964181753456],[-8.155685159929194,52.1515700663045],[-8.15254446100202,52.148808634607036],[-8.153876463476786,52.145965044434654],[-8.161068816910849,52.144561050884136],[-8.161003483245597,52.1427188380365],[-8.162606374289433,52.14111058839618],[-8.1426190600134,52.140889708497774],[-8.111021042244223,52.14516584146244],[-8.109652466132156,52.14095497753546],[-8.09733242739817,52.14283420159904],[-8.095686491459448,52.14219223146248],[-8.09483373857695,52.13851832086136],[-8.084891443020126,52.13898806256821],[-8.084979213430032,52.14059339335487],[-8.081268840766047,52.140567855466955],[-8.07370894898124,52.14391928502876],[-8.066199193294088,52.140353249228475],[-8.067551383403135,52.13781684986436],[-8.062401828498391,52.136775479292],[-8.062121433835294,52.1341002716302],[-8.06065888963638,52.132538846416985],[-8.062571831844046,52.12820277344036],[-8.062272088250404,52.1261781630258],[-8.071264586526679,52.12559319604117],[-8.073078602162143,52.12982196590751],[-8.07848068050195,52.137080420266265],[-8.0820818569813,52.136755092308185],[-8.081470754737182,52.13198474099463],[-8.08310559152108,52.13175448530286],[-8.082876651807938,52.12865998828834],[-8.08053081407179,52.12539298472756],[-8.071286580492275,52.12550166788475],[-8.070298594788413,52.12132693089621],[-8.070734271657537,52.11714890135643],[-8.045851864341445,52.11502838350308],[-8.042616347305811,52.11181297968186],[-8.044377661760823,52.109919645976234],[-8.03768412084554,52.103481370960395],[-8.028176558951433,52.10328380931699],[-8.029006762024158,52.10083457596975],[-8.026614358136548,52.099691357038566],[-8.027699690156368,52.09962940773811],[-8.02882674566123,52.09754814270967],[-8.027350455977633,52.095330922487825],[-8.025804871357899,52.095634697983385],[-8.024086955273006,52.08923126008737],[-8.021672246457653,52.089391415517056],[-8.022073051767526,52.08728296266543],[-8.02082585842909,52.087167368298786],[-8.02265489131164,52.08444877619511],[-8.020462888780873,52.08442026891927],[-8.021579097668134,52.08245239213644],[-8.016409811636501,52.082177788585874],[-8.016978139453071,52.07683669032012],[-8.013780492478013,52.074212035519956],[-8.013908190045571,52.072565664472954],[-8.016021897644416,52.07111146437395],[-8.015389518214658,52.06980007218938],[-8.017911904384865,52.06928183990066],[-8.021452032681,52.066383387887306],[-8.018026491771911,52.06225676152853],[-8.019449184411636,52.060025385861486],[-8.021806726259152,52.059622387896844],[-8.022365839206698,52.05573394020866],[-8.013872945749592,52.05128176824987],[-8.007918544666744,52.05132462052027],[-8.002847169760768,52.04882691681958],[-7.999841963630827,52.04411665500108],[-7.995286752071128,52.043148221187764],[-7.989523968521702,52.03957791050572],[-7.9871300388027535,52.03707785432542],[-7.986729631688705,52.03454242960749],[-7.980571538797972,52.03554892821804],[-7.973320005695416,52.03245736764338],[-7.967958196714552,52.035409146295386],[-7.96251923716904,52.03671562819822],[-7.957097634213145,52.036201733895666],[-7.961687828665359,52.02627108439529],[-7.960940860219846,52.02309359843554],[-7.9572828288698565,52.02252501863928],[-7.9582588962649545,52.019102259915925],[-7.937891767903848,52.01380710335399],[-7.9340616694590596,52.01185731166899],[-7.9327653604684,52.00971290857652],[-7.927752066154375,52.00780040521137],[-7.9302882285260585,52.003085391956766],[-7.930227618596936,52.00016783902483],[-7.925475155125398,51.99139495649294],[-7.925620267147708,51.986305378040804],[-7.921019773878558,51.980794422630595],[-7.919798421554873,51.97628509376937],[-7.917737362477408,51.97575027278713],[-7.91491842399281,51.97705490485423],[-7.910055569102295,51.97407978204928],[-7.899288226929736,51.97576954233495],[-7.8901869159757,51.97565984089885],[-7.888518486349226,51.97699042829492],[-7.886379555203809,51.97545593594669],[-7.884367708683944,51.97718738469164],[-7.882342441754111,51.97485846276382],[-7.879169433071513,51.97518116512619],[-7.877768005804976,51.97277452554771],[-7.875703406169327,51.97233262141473],[-7.8729432946174605,51.97476958532272],[-7.860995042964875,51.97562158830942],[-7.8552066484958125,51.980138977208355],[-7.8514054512860145,51.977006288414735],[-7.847247923019062,51.97229550167786],[-7.8446238404718,51.96696115781193],[-7.842150018185995,51.95422001713499],[-7.846509984680997,51.95375992316848],[-7.84253638340907,51.95051910861743],[-7.841126886529133,51.94673005827372],[-7.8428691993519015,51.9461435762427],[-7.841725674705214,51.94300689850463],[-7.842205742499493,51.941033793180324],[-7.852290035870446,51.93723218030338],[-7.8658839141335655,51.93027260383285],[-7.879286230677971,51.91626487291576],[-7.885098884012574,51.91169914021499],[-7.906077090298151,51.90590102215279],[-7.9064624197011515,51.90406562303049],[-7.9065028828283,51.898631130087225],[-7.903376740285272,51.89397111469265],[-7.888139311284643,51.89474775530273],[-7.886302938835414,51.89214659464494],[-7.881608419779401,51.89134585949242],[-7.8777967066279535,51.88910063462499],[-7.871025032507791,51.88796526892647],[-7.869588552753483,51.88625766031737],[-7.864418818012478,51.884070291887],[-7.864504256416606,51.883061383494464],[-7.866322008304275,51.8824247102715],[-7.86620783928693,51.88022285455814],[-7.86773725728657,51.88007697234884],[-7.868246357668097,51.88117496819402],[-7.870705140342002,51.88019536804874],[-7.872097594588927,51.877509361190455],[-7.877794299009213,51.878203383593146],[-7.8814548006115,51.877412683076685],[-7.88374069898749,51.87828545717932],[-7.887593531818614,51.87755708653603],[-7.890650720839877,51.8789039291709],[-7.896278419366211,51.877532530445144],[-7.8980930903650295,51.87527581989341],[-7.901566244921674,51.875770951800554],[-7.903419304297532,51.87474458418123],[-7.911609066174689,51.87454204979486],[-7.916153748104908,51.872628245219836],[-7.920180777247791,51.87340234422029],[-7.924660703781467,51.87223772057698],[-7.929244646894919,51.873129128469515],[-7.935682101108638,51.87047782451441],[-7.964171596695967,51.86940974553178],[-7.993031173050221,51.8619136436801],[-8.002787510436962,51.85806065244532],[-8.011499378768436,51.85243653231669],[-8.013883462946636,51.849578695453935],[-8.0208434192066,51.846408215259004],[-8.022527274684641,51.84214343709916],[-8.021411408181907,51.83807714441967],[-8.022124293592146,51.835180241710404],[-8.020962087504806,51.83260547907279],[-8.009639932729208,51.83045732817999],[-8.003383346371836,51.82780830202303],[-8.003143029783471,51.828072259875775],[-8.002591132329773,51.82822245663062],[-8.001388388345456,51.8282520426004],[-8.003360148246568,51.827804617097705],[-8.001530813526475,51.827010976685706],[-8.000718562589967,51.82840632200304],[-8.001780920714483,51.82549986275417],[-8.006972531818935,51.824072320603],[-8.00814102658797,51.82460375291612],[-8.011512534810526,51.82286803340787],[-8.014753077800405,51.82323079241528],[-8.016560622467615,51.821707997078505],[-8.025568271563664,51.81871715939966],[-8.032677050405036,51.82018507990233],[-8.037312359183213,51.818871278067334],[-8.038826501211984,51.81496678747667],[-8.040783279410686,51.81602259746235],[-8.044110968276733,51.815702313552066],[-8.046150005765679,51.817350278753345],[-8.048748977930362,51.81766611965716],[-8.05209868162612,51.81316199685279],[-8.06165147581207,51.808773129471426],[-8.069009075998475,51.80878461163567],[-8.07058559322735,51.80986332382141],[-8.079934733873499,51.80851842427557],[-8.08076956876277,51.80925455199875],[-8.08463286198537,51.8079962221011],[-8.087669015808318,51.8097467090354],[-8.105673684988863,51.80749626668046],[-8.112551314630021,51.8086010682858],[-8.13295721420861,51.8050845466532],[-8.143171694403152,51.799461493373705],[-8.145163296447526,51.79940636544543],[-8.149404424653593,51.79575416708632],[-8.149512682472524,51.79386634786246],[-8.156190569369514,51.791080771555],[-8.156652405397754,51.788928592643],[-8.162656920525048,51.78748134937544],[-8.162281052276072,51.78643009180432],[-8.166842507881949,51.78565358388104],[-8.167350260915738,51.78659929362255],[-8.16919300034509,51.78510982318702],[-8.17377255771353,51.78455315953438],[-8.17409934089798,51.7855973339933],[-8.176125097198648,51.785699599921266],[-8.173856324070858,51.786594653942835],[-8.174222949865598,51.788634308496576],[-8.17656382635075,51.78940859014772],[-8.178778974191609,51.792239465130486],[-8.178219912053004,51.79531120496612],[-8.180030038606793,51.79621945963524],[-8.181954489840097,51.79492888750906],[-8.194947524203297,51.79438098541782],[-8.196909142136066,51.793002388514076],[-8.197622540659754,51.79387974393912],[-8.203582656269585,51.7939718474519],[-8.20891800451583,51.79230613653134],[-8.222004114432876,51.795126592258555],[-8.229358489908169,51.79425250585522],[-8.231120376401472,51.79260397550478],[-8.236230888319799,51.794913314472765],[-8.243587639412347,51.79227972604053],[-8.244818583847623,51.79224245285548],[-8.24551315598307,51.79360834280896],[-8.254382045058428,51.79220758969335],[-8.253334358127594,51.79278313643188],[-8.255425534367022,51.79316986361294],[-8.252139316444715,51.79425846091057],[-8.252603748045646,51.79836433989609],[-8.249154326924671,51.801918331385075],[-8.248803068557288,51.80456651450762],[-8.251453371818707,51.80871769035455],[-8.259632872210123,51.809722574893364],[-8.26410172651623,51.815611243604145],[-8.257576312967647,51.8200036937628],[-8.249802410691721,51.8228308506802],[-8.251226435433868,51.826348662946685],[-8.253760711471362,51.82658579802677],[-8.25295560896987,51.82946807927104],[-8.247792757059727,51.829840068739514],[-8.245624288870212,51.8282854743966],[-8.247990021649183,51.82632534516891],[-8.250159029257416,51.82615947559061],[-8.249637048915996,51.82507371017547],[-8.241443078901419,51.823601626616075],[-8.234095447887716,51.8243753991823],[-8.23229804679553,51.826383847752346],[-8.232783201680949,51.83023708831847],[-8.235015591761947,51.832459818467335],[-8.241554715904025,51.834465657136825],[-8.239372523981762,51.83788535903231],[-8.230849473058079,51.837643063305705],[-8.222654883408836,51.84244674552951],[-8.214360206376423,51.84403631174429],[-8.211343368606666,51.84358714879769],[-8.209667607918457,51.845900038716024],[-8.209149342135095,51.84367947017328],[-8.198966920143686,51.84358280784448],[-8.191199510934496,51.84471189068296],[-8.190845560174063,51.846330985137186],[-8.191877451035902,51.84525478810943],[-8.195348223306944,51.84603735937899],[-8.193881291561425,51.848351806353506],[-8.193661773992817,51.851415191678846],[-8.188401410940363,51.855338186741974],[-8.188619740659767,51.85726863882768],[-8.186537407849414,51.85798530656205],[-8.18559552788505,51.85703903674419],[-8.186476097579588,51.856435834619006],[-8.177211359876745,51.85757196285371],[-8.175065925943947,51.85957123728568],[-8.172671343091324,51.86008542576304],[-8.171899940988006,51.861895857234096],[-8.167616472626259,51.861918919268724],[-8.171490214943532,51.86221443017046],[-8.175284749819125,51.86047771552108],[-8.174920807221575,51.859991240033075],[-8.17492863553929,51.85976367565166],[-8.175780136295407,51.86044660191955],[-8.184145286191114,51.858640864490546],[-8.20657273419749,51.85789970624207],[-8.209662690288834,51.86020999590582],[-8.20954288636954,51.86522876575493],[-8.204172550190854,51.86907260356668],[-8.20880626455509,51.86977166973567],[-8.214549659531738,51.867051534890415],[-8.213180376594543,51.86410028005089],[-8.213239095278183,51.86064601720508],[-8.215379430174247,51.857222928021706],[-8.219424390806468,51.85671900615406],[-8.224735559742197,51.85824715231393],[-8.230280430206273,51.85825531637748],[-8.243007114873238,51.85780994869052],[-8.249235228233381,51.85628115758098],[-8.256514341014938,51.85662562924984],[-8.260497461680172,51.85750506643906],[-8.261983066238912,51.858865702094455],[-8.264651345616851,51.85875513169718],[-8.269084097819556,51.85406061255736],[-8.273502786463878,51.85248262059881],[-8.293767408821505,51.85025028779099],[-8.311635061093131,51.84579598802886],[-8.313002446845648,51.84312244244841],[-8.318910148020361,51.84278802293748],[-8.320676548533356,51.84626035361871],[-8.326102267439211,51.84641108333091],[-8.325404203537564,51.84691287254948],[-8.327561609008333,51.84874816194876],[-8.326990458648357,51.85066437027612],[-8.32568467379378,51.850525063464985],[-8.3272054334391,51.851211595049634],[-8.325974984675131,51.85134406043671],[-8.327606173393546,51.854552257027855],[-8.3260235501347,51.85659253565033],[-8.32559999710091,51.866458711208175],[-8.330887037904539,51.86626668520996],[-8.332935742242928,51.86194150253872],[-8.331901995087854,51.859742026051194],[-8.332546496291151,51.85824758003637],[-8.33143450573045,51.85634838900938],[-8.331042053072487,51.850041329984634],[-8.333075177628569,51.847035276767585],[-8.341502448919822,51.84059463655441],[-8.35707353808011,51.83860214418976],[-8.355628509200228,51.83919184895516],[-8.355379763053506,51.83932018538513],[-8.355360961893608,51.83940017475176],[-8.360013429416275,51.837753900100466],[-8.353841616669433,51.83829632410572],[-8.350432685757127,51.836412310074905],[-8.344734392799841,51.83738340381609],[-8.337548428450802,51.83694135058023],[-8.334701080575677,51.837084658397785],[-8.33424083223484,51.838202299016935],[-8.331832257571927,51.83906043735525],[-8.330181746810887,51.83914787285459],[-8.334167920652181,51.83813265059069],[-8.334304871493217,51.83704449738899],[-8.330638835302844,51.83556695567736],[-8.324744843086744,51.83072670614085],[-8.321990742891915,51.83147778937933],[-8.323603811282897,51.832800556699056],[-8.324152094834005,51.8353836955478],[-8.322723382977081,51.83639149127797],[-8.317142269342282,51.83424762017383],[-8.303742157058421,51.83421153001746],[-8.298709784373125,51.83531662154654],[-8.301711531308449,51.83087149931395],[-8.299917889172633,51.828737817610005],[-8.299587148020258,51.8263475225943],[-8.304733572290742,51.82304120498834],[-8.304930742487903,51.82197782814979],[-8.302980451510317,51.82092441609789],[-8.30413467215983,51.81916842737853],[-8.307061216351817,51.818720518851904],[-8.309447911950311,51.819625921157765],[-8.309466506396692,51.82221297078449],[-8.310945618332001,51.823141537069766],[-8.318745412955439,51.82067719905756],[-8.321752052561083,51.82242238186325],[-8.325404785610777,51.822276576419505],[-8.324414592265072,51.82000258564745],[-8.322710988961383,51.819498685301056],[-8.323126464174367,51.8178123399148],[-8.31980055582357,51.817138747651846],[-8.3161826457342,51.81910078807867],[-8.314024787582206,51.81895323004939],[-8.311165099145379,51.81299838478307],[-8.3024416247734,51.81366404749923],[-8.294951548180151,51.812881980695494],[-8.293044070402622,51.81064316442217],[-8.293809491757395,51.80866362657393],[-8.29700997779279,51.807307757925656],[-8.304568747534931,51.808058089018274],[-8.313081728995664,51.80700981091886],[-8.320537973804557,51.808264749656],[-8.323565661586558,51.80700381604126],[-8.327023208234479,51.80306282954011],[-8.328983121811776,51.802817770592455],[-8.331285600445208,51.80366303554867],[-8.331517344509848,51.80511662905218],[-8.332985516292082,51.80594668939116],[-8.338035434006981,51.80547141771384],[-8.343648293982517,51.81000887514545],[-8.345814594969513,51.81313497526736],[-8.355951993137484,51.81440449372242],[-8.359537523820112,51.818325589429534],[-8.36352108799515,51.81734805491656],[-8.364563597529125,51.816038223606824],[-8.370963526130703,51.81587964979182],[-8.37190142939865,51.81425042286774],[-8.373812692152232,51.813599982687656],[-8.387041883340856,51.814089959160526],[-8.390385245972654,51.81389647052407],[-8.3923487935824,51.81313310778561],[-8.388852150558371,51.813791313556166],[-8.383904257592201,51.812232353525886],[-8.376665451176475,51.81239113088608],[-8.374839793109883,51.81198776138203],[-8.375969681265111,51.811121045588195],[-8.375152759870812,51.81054474243502],[-8.372999250483833,51.81248458264442],[-8.371717698420323,51.81140152663156],[-8.361004013775835,51.80998360436993],[-8.350782240461902,51.809894988965056],[-8.338021175660911,51.8043793196667],[-8.333163545837444,51.804351921131634],[-8.328043575119985,51.801276632608555],[-8.325495375352002,51.80193331766136],[-8.321859583772392,51.80556709772005],[-8.310402372642457,51.803487737288066],[-8.298191372324606,51.80459536423749],[-8.294887087857475,51.80252251840466],[-8.293150078707269,51.80424701972507],[-8.294045338548356,51.805261511265996],[-8.290023801538808,51.80677262209597],[-8.286475499251123,51.81001540011825],[-8.278142660530708,51.81069579292398],[-8.275722649635819,51.80977794923483],[-8.275467809070658,51.80721628167459],[-8.27555981669645,51.80800071515809],[-8.276648098732633,51.80735561390529],[-8.27766719995958,51.805210333196165],[-8.273748432568715,51.80107500085933],[-8.274511737781397,51.80020288541635],[-8.27368819965335,51.79809546277309],[-8.280077941129566,51.79523283522496],[-8.280315868255373,51.7933828502483],[-8.27897859434437,51.79242971041834],[-8.28226522724564,51.78820201558508],[-8.290895557307293,51.78602551833708],[-8.295087659580723,51.783168615962495],[-8.295092961379897,51.78208853321558],[-8.293107041150826,51.78115985858445],[-8.293564878273695,51.77957132381896],[-8.2982819035106,51.77877582291728],[-8.301263075752567,51.77650174579495],[-8.310595111289677,51.77550842826872],[-8.312272904991513,51.77352394297116],[-8.319558508254095,51.77157798126189],[-8.319781072652114,51.76943974993378],[-8.32007643106335,51.771467576288124],[-8.320933924158835,51.77142971261319],[-8.321546590575503,51.76958618938726],[-8.326683163537165,51.766836032276565],[-8.344716344005242,51.76390111312101],[-8.343679095105834,51.7643758948133],[-8.344028223973275,51.7649890909463],[-8.345842893033469,51.765014411170235],[-8.344248673278976,51.764734558563816],[-8.345370590417707,51.763764450990955],[-8.346872498737175,51.76479479653669],[-8.346008432596966,51.763500714650675],[-8.344324840738645,51.763286173249035],[-8.344725092519544,51.762255491178024],[-8.339902435640575,51.76295985609541],[-8.340333483705175,51.7616056439928],[-8.341124275139524,51.76183045968106],[-8.339630415929252,51.761359606328725],[-8.323553376900456,51.76558204058763],[-8.321018890551626,51.765110044040895],[-8.321794683513621,51.766101347640245],[-8.3174495292218,51.76958320162785],[-8.31072904162043,51.770204531754295],[-8.308134187874437,51.771665067286605],[-8.305710568034407,51.77110046224402],[-8.306170967993738,51.770210773520795],[-8.305107757200332,51.76952517713511],[-8.299852151911278,51.76903593332931],[-8.2968376525565,51.76708000053991],[-8.298990675687325,51.7656442551661],[-8.297446252457801,51.76566766195306],[-8.300012110090625,51.76379280907092],[-8.298991308051189,51.76344161507852],[-8.300276798595954,51.76208828747932],[-8.298728202523582,51.76160579989925],[-8.298367209243795,51.75921191078683],[-8.297480269536097,51.759171531009976],[-8.29826434153795,51.75861544787182],[-8.296968284180785,51.75870772407326],[-8.29825769426819,51.75836284519165],[-8.296077271043796,51.75779916770513],[-8.298056250580112,51.756944670023664],[-8.296682249838964,51.75480835800948],[-8.301901601392874,51.7520924812595],[-8.301185270888496,51.75181509944382],[-8.30279105103124,51.751098816425674],[-8.301607296635668,51.75046379274117],[-8.304960914317983,51.74791054764088],[-8.303946415992343,51.74752736843786],[-8.304782752937468,51.74643189416153],[-8.30017129704869,51.74464549481139],[-8.309049026082697,51.741704876964924],[-8.31118305933519,51.74464135291214],[-8.312829642410923,51.745112062993776],[-8.310677821573252,51.741273064605714],[-8.31235564029601,51.740523620356974],[-8.312899424055322,51.73820848812438],[-8.310877386777982,51.73730858400207],[-8.312551082953997,51.73470719237298],[-8.310714702223168,51.73362016184522],[-8.311371702024072,51.73151637257824],[-8.313875436192147,51.73190415938932],[-8.316945704839478,51.73058636699323],[-8.317799292644205,51.73167868623146],[-8.31704699327718,51.732261731562694],[-8.318337682736981,51.732015402290386],[-8.320526215180415,51.73481756067463],[-8.321075049766478,51.733845492764495],[-8.330400449104065,51.73410511456207],[-8.330908213430321,51.7322515947722],[-8.333029096372394,51.73151976166622],[-8.333039677755664,51.73024906691083],[-8.337840620793806,51.727845729866715],[-8.338513139587246,51.72516976978426],[-8.337814102763241,51.72495417394943],[-8.338885616923697,51.72379254784097],[-8.336302183250151,51.721683351274],[-8.339889131242806,51.71982174492876],[-8.337925376411876,51.718532199763864],[-8.342850273426405,51.715653220438654],[-8.34645164394256,51.715909177020926],[-8.34701544452009,51.71682085993894],[-8.349244227520517,51.715785575730415],[-8.35274612157974,51.71635593339412],[-8.352799546470798,51.71524108940762],[-8.353726375543438,51.71518554396527],[-8.35313008804634,51.71405090808451],[-8.354928212542417,51.71293052785094],[-8.356460760768682,51.71358724341603],[-8.355364842720748,51.71417462601041],[-8.355595934879494,51.71576133939117],[-8.357780453455101,51.71471208409873],[-8.358503927551972,51.71664626223008],[-8.371654125492991,51.715169628387166],[-8.37326729016411,51.715813176754196],[-8.375874815480643,51.71536296100044],[-8.376811241490158,51.714615904039135],[-8.376305037400977,51.71385519266646],[-8.37806959360645,51.713575421784356],[-8.377927533171354,51.7144248708075],[-8.379482083439772,51.71354226420324],[-8.38180758227579,51.71458768517158],[-8.383358803141034,51.713391422503705],[-8.383143282429911,51.71423896913498],[-8.385798085502667,51.714349995596926],[-8.38653988513315,51.71387205094153],[-8.385996642658741,51.712564340878885],[-8.387395608263537,51.71201959575081],[-8.386271608824236,51.710312267043726],[-8.387462685247424,51.70811303493444],[-8.392810676259321,51.704948654368536],[-8.39199250994505,51.70430373948439],[-8.392865041330046,51.702089609732916],[-8.390025094580835,51.701356710502345],[-8.397316099548718,51.70140212086317],[-8.396520242255217,51.70206813478188],[-8.39953486047293,51.702613373860764],[-8.399715967317618,51.70372980949762],[-8.400070571308902,51.70243289390265],[-8.402686665762568,51.70241566865263],[-8.401986619742294,51.70294801412425],[-8.402954217379195,51.70280014872983],[-8.403033538703799,51.70381234466816],[-8.406832873593496,51.70396968251548],[-8.407698253017648,51.705179598430966],[-8.41233031840938,51.704059264755315],[-8.415103825212768,51.70485728542387],[-8.41364971142423,51.70404598829735],[-8.414758087435581,51.703123139355235],[-8.419106870477457,51.703643769053485],[-8.421442468933828,51.70178641086069],[-8.4246359210926,51.7011684723893],[-8.42479994401567,51.69958567394257],[-8.42775208518335,51.6962047448241],[-8.427494242582982,51.69482231520544],[-8.423394914119257,51.692834414337284],[-8.426326091047127,51.69289066932593],[-8.425347613889137,51.69199851911985],[-8.428946001331218,51.689703421228614],[-8.428934305257897,51.6885194907304],[-8.427824977419338,51.688662540655876],[-8.42884160492154,51.68742143593285],[-8.431561951554121,51.68903881972587],[-8.440219741383546,51.68545289592968],[-8.443407269902675,51.68608493573416],[-8.443843514477877,51.68765392894503],[-8.44720805385278,51.68924370453458],[-8.442135939678074,51.69361867385898],[-8.44369503408218,51.695124301696936],[-8.44188726434742,51.69932420761021],[-8.438045398047647,51.70175405508329],[-8.439289883775821,51.70377620793638],[-8.441862706756813,51.70501198335634],[-8.440949460549723,51.712606929958284],[-8.44321672641815,51.71683394661204],[-8.442812085072516,51.71572151395882],[-8.444025930104683,51.716748260408266],[-8.442023898884127,51.711011089035004],[-8.44418500707123,51.71038252102641],[-8.44586128066013,51.70841756034171],[-8.443787998169032,51.70457672837062],[-8.44967363898017,51.70191970798539],[-8.450093938923414,51.70009888379814],[-8.449006546061051,51.69932867941699],[-8.45197896053293,51.697375449702534],[-8.456205314448743,51.69787041138358],[-8.46100164887925,51.702987719022424],[-8.460378955668299,51.70724742614703],[-8.459100140196453,51.708568617813924],[-8.466760791920215,51.710162406583336],[-8.466933074420256,51.71192898454708],[-8.473114444264294,51.710663411630954],[-8.470049139066933,51.70883765856871],[-8.465306316022463,51.70189142536789],[-8.465745896721021,51.701258665216464],[-8.46194001659265,51.69802464783902],[-8.45732096927876,51.69469473568244],[-8.451261788996806,51.69371738034923],[-8.450846097496095,51.69269550192077],[-8.454281697746017,51.688935848972356],[-8.458923548078728,51.686691389864244],[-8.455543447764803,51.6870806042781],[-8.457720740498038,51.68278433302624],[-8.46145905082173,51.68327655578275],[-8.460845986329216,51.68252928914423],[-8.461644490265249,51.682219853499205],[-8.46691811969693,51.682136794478176],[-8.47276923455059,51.68016205999562],[-8.472756474191328,51.67915610058463],[-8.474530880462932,51.678664868182445],[-8.473959631199458,51.67761475929718],[-8.476996214438406,51.67553617542948],[-8.47558970952901,51.67431380679817],[-8.477062211637802,51.6737366485974],[-8.479622599263449,51.673994695240346],[-8.478700860503299,51.67411126506117],[-8.481875039200078,51.67617457667068],[-8.485090951031566,51.676581485074166],[-8.493895140569041,51.674550653672455],[-8.493882337831216,51.676329992312695],[-8.497287104967844,51.67819128945373],[-8.495302721666837,51.67919639870886],[-8.492775331155475,51.683284614418284],[-8.490667824348153,51.68397746818647],[-8.493279164134607,51.686964615836196],[-8.491664855939177,51.68913133479057],[-8.49539853878346,51.69093413358752],[-8.496809072995775,51.69514598371172],[-8.500560281061555,51.69616203203512],[-8.499874522280319,51.70009726578022],[-8.507384477220464,51.70469833519257],[-8.512679006364765,51.705342509426224],[-8.518928419864706,51.703909329731744],[-8.516205362386899,51.706669519176586],[-8.521850530856357,51.70526097880279],[-8.517470375202759,51.70147454777697],[-8.518312577976035,51.701148803737546],[-8.517609679651013,51.69989830417656],[-8.518257342166045,51.69856546651265],[-8.528454566210268,51.69431597022484],[-8.534217988626585,51.69632362600787],[-8.534869418960836,51.69769485657407],[-8.53904239826013,51.699762912203276],[-8.544757583936965,51.700450608877325],[-8.54815549643733,51.6959864485674],[-8.549753507959268,51.69548631896217],[-8.546816433660215,51.69519281706241],[-8.546371773399834,51.696573665780974],[-8.541099028047324,51.694546232549555],[-8.538855872573748,51.69119620591533],[-8.532955627575953,51.689732024498426],[-8.52847767949276,51.69030413964506],[-8.524521365662526,51.69250423405426],[-8.517125641911392,51.694394833860144],[-8.513587660442239,51.699898415871345],[-8.51001030510838,51.70077172540474],[-8.508264676049528,51.70006385875014],[-8.511440829933841,51.696184822049496],[-8.513445903529309,51.69524591178335],[-8.512344213830024,51.690886140332275],[-8.508036267917486,51.687952854664054],[-8.502988980355704,51.687333295263386],[-8.502293798694764,51.686162981696555],[-8.502840123685717,51.684607134552394],[-8.505477764043034,51.6829756378637],[-8.509075238676674,51.68232166547982],[-8.50945204557114,51.679713825931934],[-8.508212598073541,51.67904245201889],[-8.50998071745332,51.67823958215982],[-8.517728233961444,51.679264095379324],[-8.519107392844049,51.683560292973695],[-8.522023970040083,51.68412839047611],[-8.525044824349598,51.68694479343306],[-8.529936597060619,51.68574757086747],[-8.525645353607889,51.68556406394552],[-8.520239723211155,51.68245681447836],[-8.520892323968676,51.68087416111747],[-8.519883050234945,51.678805154698416],[-8.523668102259105,51.67716356001871],[-8.524276042940263,51.675893625409095],[-8.523079525691173,51.67414040272328],[-8.528590472137433,51.67100722903098],[-8.52731894985352,51.67032660811843],[-8.527696073364377,51.66886708400481],[-8.52654101092166,51.668801986992314],[-8.527893862660923,51.66835610866944],[-8.527050836366733,51.66645605445568],[-8.52896319494023,51.66630305821306],[-8.527745182178073,51.66538328447407],[-8.530061861157249,51.66452982739294],[-8.532902810191084,51.660996505812086],[-8.531472360571058,51.661065707676684],[-8.53159429005526,51.65971724761905],[-8.530040093110628,51.65908396110706],[-8.532880667158754,51.657434021493266],[-8.530148705622677,51.657013383132934],[-8.535474427131179,51.65572161740801],[-8.536914909148921,51.65484906380325],[-8.534878002248353,51.65497769495973],[-8.538433868287669,51.65396539896507],[-8.537659742096727,51.65316875385778],[-8.542082358639359,51.652486708002016],[-8.542094713566076,51.65071176075981],[-8.54634373540801,51.648591378450924],[-8.545085773160196,51.64734959124868],[-8.55016360576631,51.64618343141658],[-8.549837701616866,51.6447282797158],[-8.551348970386035,51.64320775526134],[-8.551749267854866,51.6415487276721],[-8.547688816259042,51.64101265273926],[-8.54569970286078,51.638819346339176],[-8.54293510485635,51.639048127698594],[-8.544825506094549,51.6370379391576],[-8.544094086710581,51.63538873036274],[-8.538575623511276,51.63344602497347],[-8.541623095581121,51.631567683233676],[-8.53101375286955,51.629398414858656],[-8.529680467306411,51.627640813452345],[-8.528124959719419,51.62777041176037],[-8.538789343055903,51.623659324790914],[-8.538980251955644,51.62209097714471],[-8.53782458104933,51.6220853989913],[-8.539633179361815,51.62150750726109],[-8.539397769892801,51.61902585305769],[-8.540618775596958,51.618361232460856],[-8.539327435802603,51.617781540072954],[-8.539022077939178,51.6144335744243],[-8.531209189184791,51.61335683016002],[-8.529717139122562,51.611720791462744],[-8.530773064579892,51.611056855247305],[-8.528010607957775,51.609332535032],[-8.530660777213097,51.60735691848905],[-8.5305456630611,51.605649724535645],[-8.532995005446654,51.60410831734185],[-8.53477200522918,51.60416614842012],[-8.53339847249467,51.60545589822929],[-8.53408204403552,51.60600706683644],[-8.542715523950788,51.60817906817588],[-8.54501733929121,51.60988419199339],[-8.545279557687232,51.611651233766175],[-8.542766248524147,51.61303309406378],[-8.541854778402167,51.615385341816484],[-8.54317990593303,51.61854318385426],[-8.546529422330856,51.618723623694024],[-8.547673869358347,51.62093132902123],[-8.549524220895908,51.621184345405595],[-8.549198179344435,51.622421220428954],[-8.552339183730886,51.62235301609307],[-8.551245527322036,51.62270687349205],[-8.554720723919269,51.623653163766356],[-8.557997477252426,51.623226791989126],[-8.559188289159312,51.62454817084284],[-8.559659293484051,51.62412125543695],[-8.561329478487572,51.623345395150565],[-8.560716068497861,51.623703570376925],[-8.5629767308884,51.62418824478424],[-8.55855706432298,51.62643286260957],[-8.558519421302371,51.62760534611432],[-8.560436480660679,51.627589127890985],[-8.559039884551693,51.62814044139374],[-8.56011157607353,51.62877235868461],[-8.558422303310623,51.630811372578144],[-8.560447361606387,51.632410637296715],[-8.562121635446776,51.632331274503294],[-8.562618925946133,51.63573293761903],[-8.563749639215564,51.636357373756226],[-8.562860281728057,51.63736660960053],[-8.566252513517625,51.63988224095441],[-8.571240905148457,51.641172356663795],[-8.574201907636438,51.640637496777984],[-8.577649808281935,51.642102798289585],[-8.577801954649631,51.64319774235644],[-8.582896481079382,51.64438333458112],[-8.584286038359373,51.644041511415914],[-8.584463279536891,51.64341390804874],[-8.585811835954681,51.6427314646315],[-8.593304254382259,51.64254767854258],[-8.597772138760714,51.640935606827],[-8.597594787195737,51.64191273080318],[-8.607671454787132,51.64002687119604],[-8.610458029558753,51.64073101503369],[-8.61367873227739,51.63827964166447],[-8.627710330577592,51.6355735804754],[-8.633011031029845,51.637349198376455],[-8.63577786043769,51.63647495569537],[-8.639440278406934,51.63693173744221],[-8.641049024069291,51.63941388547208],[-8.642360333070222,51.639699423156294],[-8.6442912965119,51.636157406832766],[-8.65190247213722,51.63629951690062],[-8.65932575046687,51.63454605030928],[-8.662817303655961,51.637260001820195],[-8.663721625576079,51.63892118400567],[-8.663043027811632,51.64119214072266],[-8.666763984278363,51.644014028218145],[-8.666282564997822,51.644571953417184],[-8.66734647335932,51.644311109241414],[-8.665520901774835,51.64545080492764],[-8.668051773332817,51.64732149543683],[-8.669763546973764,51.65085123534374],[-8.67110021066155,51.651254189383714],[-8.670191153401793,51.65133168436402],[-8.669493934585264,51.654329117125556],[-8.664459428393643,51.65473477048767],[-8.67387403707275,51.65801747568422],[-8.678172209100207,51.65338662571339],[-8.676447606535788,51.655058902849895],[-8.673472921124713,51.65190083433467],[-8.672589781917745,51.65315299446877],[-8.671708274669509,51.652318055088706],[-8.679068138612168,51.64851774527239],[-8.680530284427807,51.64466502951364],[-8.690113534119405,51.64450949799621],[-8.696201227830144,51.64701647503],[-8.695317459500805,51.64697526132752],[-8.698889659988101,51.65106871089118],[-8.70244512835646,51.65150152172249],[-8.700558118442013,51.650069771311735],[-8.70051612396342,51.647513151769985],[-8.698297321704079,51.64853023400257],[-8.701001810751508,51.6447770857928],[-8.702113383549554,51.63797900715916],[-8.70394137168992,51.638927802578756],[-8.700451255321902,51.647293678189506],[-8.702034181223652,51.64546180259385],[-8.70721083123111,51.64365271751228],[-8.709668078755508,51.64009494050237],[-8.711612492930358,51.639252355183515],[-8.709660708861017,51.635638110214934],[-8.710524126515779,51.6353609595594],[-8.702360937086297,51.633105354834065],[-8.699743796825196,51.63370525640848],[-8.699283034074787,51.635118448490644],[-8.697252737074715,51.6361143446563],[-8.69282073266755,51.635698455528484],[-8.687732911797196,51.63713166310204],[-8.682788237506324,51.636415830959415],[-8.68311684481694,51.635359052035966],[-8.685041327669325,51.6352302555268],[-8.684206213374358,51.634590240246496],[-8.685505411044728,51.63413728673238],[-8.684614324693381,51.634216380645135],[-8.684850607923908,51.6320401448578],[-8.686132407259066,51.63154988838561],[-8.685269189480204,51.63123370954878],[-8.68654214642281,51.6308742911571],[-8.68568744571503,51.6309450989175],[-8.686680303120948,51.62938024080069],[-8.68812503658082,51.62908340241853],[-8.687173363114589,51.62883111527276],[-8.68847292049063,51.627907056682005],[-8.687577040835338,51.627861325621645],[-8.688622084130223,51.627339372340344],[-8.687873332667703,51.62708678159352],[-8.689609909822131,51.6271215527135],[-8.693770375096843,51.624031392202276],[-8.692798579469706,51.62245299067358],[-8.696781396425399,51.6208800091661],[-8.700518613915467,51.62157520417613],[-8.70183976320181,51.620471467818824],[-8.702007113342077,51.61841142610023],[-8.696982576155332,51.61410791985204],[-8.691190402800268,51.61464752907067],[-8.686692014070783,51.61346497938393],[-8.691743453691243,51.61172105623667],[-8.691084849464739,51.60990691539159],[-8.67848964064871,51.609011775565556],[-8.682146704314983,51.60662021663102],[-8.687768230488205,51.60616036033509],[-8.688572333206901,51.60504044322366],[-8.69108334188312,51.605682721078686],[-8.690423535094238,51.60468588395296],[-8.693487184151904,51.60313924676722],[-8.692612602990998,51.60215693193949],[-8.690949156342397,51.6024817349472],[-8.69227809441364,51.60140134850956],[-8.691271238035155,51.6003654065725],[-8.699149460252634,51.599117980595224],[-8.704535209305607,51.59455426996651],[-8.705681004945198,51.589965431553225],[-8.699625921748408,51.58776222879041],[-8.69973964599208,51.58606507388084],[-8.701692052641933,51.58551795172702],[-8.701346005818086,51.58446545685421],[-8.697325222242997,51.5825037254468],[-8.698838454422857,51.58087838186388],[-8.698676430642138,51.57867111539019],[-8.70176503632744,51.57824932642044],[-8.701544349754556,51.5762380131135],[-8.704075375524582,51.576426412702396],[-8.704352581428,51.57727794294822],[-8.705849166794877,51.57690571978745],[-8.705364791851585,51.576201117704834],[-8.708315468164638,51.57674990168193],[-8.70639099970752,51.573371298080644],[-8.70769983146575,51.57134330779918],[-8.711923997607627,51.571813619026365],[-8.711177031771687,51.57100848177706],[-8.713452125489189,51.56925929153953],[-8.71565361164011,51.56964915217462],[-8.715836932513724,51.57070170164451],[-8.716345724313646,51.56952789147194],[-8.718374823532141,51.56971128657043],[-8.717583824038481,51.57124623464871],[-8.71861206713281,51.571048838016274],[-8.71980095623674,51.57265307276322],[-8.7211050985235,51.571778126800766],[-8.722217481228098,51.57276380559367],[-8.726910499564742,51.57279180075368],[-8.726228084924143,51.573865191311185],[-8.728793551715384,51.57523001393089],[-8.730462066706913,51.57361692171755],[-8.736737925040677,51.57146089097496],[-8.739087103078463,51.573069670730426],[-8.739092799971662,51.57252427723265],[-8.73982643358938,51.572601489095035],[-8.740612375722026,51.57234461069938],[-8.741847696055146,51.572333410609204],[-8.740425147147116,51.57299363352254],[-8.742323275186417,51.572839658176704],[-8.742383683449273,51.573835292776884],[-8.74085376502479,51.57410908974352],[-8.743724577686287,51.57724153560669],[-8.747685180179484,51.57483884663174],[-8.746969228778168,51.57355940019997],[-8.74908898041195,51.57240375226395],[-8.747748295652478,51.57203294972221],[-8.748912874926724,51.569841134154586],[-8.751532743379189,51.57078386973868],[-8.749545565040945,51.57242471407731],[-8.7513580338732,51.57249132698124],[-8.751433100525814,51.5737637857374],[-8.752892653338403,51.57269950423777],[-8.754060314600848,51.57354677717206],[-8.756049448268785,51.57244979058339],[-8.75780790820894,51.57248562795585],[-8.758807477879108,51.57311606197144],[-8.758385916862844,51.57401009093357],[-8.759282991865994,51.573920883262666],[-8.757996260846728,51.574792717167625],[-8.758438780028742,51.575400626165326],[-8.757354390085398,51.57535960513603],[-8.758056001490495,51.57643425737862],[-8.752396169099844,51.578358653178256],[-8.751057585698028,51.579811708077536],[-8.752116962201331,51.579833943346664],[-8.750709156639841,51.580094562813066],[-8.750578868223588,51.58243772416277],[-8.752471840760315,51.58364113206573],[-8.752326891676478,51.58468360994097],[-8.75551222575744,51.584686217708736],[-8.754946347727227,51.58591639043271],[-8.756533630938721,51.58687598945199],[-8.75405385276709,51.58903419540585],[-8.758973773873413,51.59259496743707],[-8.760971082092142,51.592247058713994],[-8.75973292739286,51.591046878512984],[-8.762877106506513,51.58621365616192],[-8.767344684164318,51.58386663996405],[-8.774417099896297,51.583111163874065],[-8.774915422908604,51.581969261711635],[-8.779386745660693,51.58360755323002],[-8.779200748670055,51.585141676253116],[-8.781585743487152,51.58714520820427],[-8.780746832568559,51.587385533118784],[-8.781261619911596,51.58837455515444],[-8.783094104151052,51.587607236274415],[-8.786497496721884,51.58817092175692],[-8.785895471508349,51.58863107887128],[-8.7879924146302,51.58858430626821],[-8.788632207688329,51.589948230757784],[-8.789421008997525,51.588690837289896],[-8.792597032985283,51.588393968324965],[-8.800873313464036,51.59259266717672],[-8.804720927884938,51.59311591736744],[-8.80534814704275,51.59470555334841],[-8.807201497449082,51.59552522520841],[-8.813947892502155,51.593426058741095],[-8.823871153979415,51.59402586949587],[-8.825645492471121,51.59297607649191],[-8.826053282752024,51.59367129375072],[-8.832857445457812,51.59315144559243],[-8.835256490226262,51.59427367021069],[-8.835835135784386,51.59316988030273],[-8.842047107024436,51.59429105815783],[-8.848694792778652,51.59277102585456],[-8.84960575344346,51.59378609404043],[-8.847874915427914,51.59492260720833],[-8.849724699531242,51.59783676798827],[-8.84912958854726,51.600735437049686],[-8.86028874417973,51.59785256999644],[-8.861524115494344,51.595060770278835],[-8.863442607046487,51.59668844225328],[-8.871634168591237,51.594431531228025],[-8.870873972548642,51.59696849629208],[-8.88024793506111,51.59909737424817],[-8.885028342835154,51.60116840532749],[-8.885639789698836,51.602769225792755],[-8.89219296184766,51.604249960769415],[-8.894691433351976,51.59655568628456],[-8.87915733525328,51.59390416906766],[-8.879310120596601,51.59258375572952],[-8.874129227515471,51.59351437962079],[-8.866740024439231,51.592124614716575],[-8.866342252652995,51.58884626743123],[-8.868000048622674,51.58519208788387],[-8.870430377887583,51.58329034665215],[-8.8692716221204,51.58284472187611],[-8.870899886041709,51.581656741886924],[-8.87006818255377,51.58168487254949],[-8.873029128877544,51.57959576563503],[-8.87030060174262,51.57838182964902],[-8.868794521332468,51.57701602851675],[-8.869040593375622,51.5759895148384],[-8.873012972347267,51.57479088288885],[-8.878236351613188,51.57564904733124],[-8.87785589301765,51.5744717571628],[-8.880772800871286,51.573794378985625],[-8.884383886227004,51.574394042188864],[-8.883508930470478,51.57269383191449],[-8.88531339549233,51.57235345154021],[-8.883813260664535,51.572004884440396],[-8.886078136590577,51.57209591853192],[-8.890732529916455,51.57005607533905],[-8.892150546337897,51.57064000320467],[-8.893474208875872,51.569312959536234],[-8.892530655866292,51.56738307854279],[-8.895266461865859,51.567886979830874],[-8.893788712382285,51.56592954698637],[-8.89567306687099,51.56462031137409],[-8.89584225718121,51.56243643404672],[-8.894451319109184,51.562306756728056],[-8.896071581298322,51.56057645222725],[-8.894423103479054,51.56049955192174],[-8.893456052907661,51.55912134078438],[-8.889622621084445,51.55930997300751],[-8.891962239817659,51.55675527923792],[-8.89089181248358,51.55631146128002],[-8.891501798235481,51.55489721979464],[-8.89014956409571,51.5551029351079],[-8.89055909992542,51.55325625765319],[-8.889066682369872,51.552691905817255],[-8.889668790209335,51.55154970460833],[-8.891813968332363,51.55093788325899],[-8.894606936811453,51.55225205677194],[-8.896706704794964,51.55162863444354],[-8.899021072745013,51.55239006355609],[-8.899133916111772,51.55126463194305],[-8.897415744843158,51.54981727373823],[-8.898650038549942,51.548306572940966],[-8.898122853318819,51.5470458077986],[-8.899131443345459,51.54660645001036],[-8.898087117163545,51.54695685631419],[-8.898914385840632,51.54656907885071],[-8.899823517018906,51.54652527863136],[-8.900625261368985,51.54719950312076],[-8.90302095538527,51.54619135284738],[-8.902940182575765,51.54791609893371],[-8.906007776827446,51.54731403155661],[-8.907019435146575,51.545700452007914],[-8.90896509241162,51.54526642852814],[-8.908072430586524,51.544772780915316],[-8.909027827390336,51.543618329975445],[-8.916225344969316,51.54212729975512],[-8.91676358020785,51.54083880992806],[-8.918710123315769,51.539466281864605],[-8.918207034765118,51.540584299408316],[-8.920839858714706,51.540593620001786],[-8.920697108872993,51.5415217926645],[-8.922801101673379,51.54032294136259],[-8.922472811378992,51.53961793295367],[-8.92428240770256,51.53994531840613],[-8.923991646819442,51.54160981438385],[-8.925716081910595,51.54195337414467],[-8.923979700135693,51.543137660151594],[-8.925917832052752,51.54349114898507],[-8.924601899673338,51.544511276956946],[-8.92464901919743,51.54619215092121],[-8.926050103919245,51.547087934756554],[-8.932451913949027,51.547654043580046],[-8.933366242171557,51.5466893177267],[-8.94013464783113,51.546356691678255],[-8.944495998265127,51.54212661889518],[-8.943331863316766,51.54137110960086],[-8.944202030473873,51.5408628838644],[-8.943248713437775,51.53960654522673],[-8.941086383337487,51.53892889536725],[-8.94201885857549,51.53702182368243],[-8.945749410619374,51.534777419695885],[-8.946723375898273,51.53461756194114],[-8.94599530425065,51.53553838913304],[-8.946867804957392,51.536046215369566],[-8.950956215834376,51.535088565463845],[-8.950093481750157,51.53431725715843],[-8.951183654795162,51.533787076983344],[-8.949269575297945,51.53407302522319],[-8.950739003795915,51.53309003835629],[-8.949443750685031,51.5330789966572],[-8.95106616337484,51.53213616610348],[-8.950273035224896,51.532307927705006],[-8.951478769510441,51.531120818530354],[-8.950779001244548,51.53131529028095],[-8.95132439848005,51.529629248046014],[-8.95310024786811,51.5289569202362],[-8.9536217785922,51.530292270566605],[-8.957231949866312,51.529597484786976],[-8.954677362138343,51.5304501979322],[-8.956634497416422,51.53010307330906],[-8.954888822133253,51.53132304047562],[-8.958035275471794,51.5308598279059],[-8.951907686662002,51.53460964890963],[-8.953579960290345,51.53459176256119],[-8.95225860923243,51.53501488307191],[-8.952414632205448,51.53584347214084],[-8.954791376228505,51.5375933268613],[-8.953192708529697,51.53901793114418],[-8.953828022846158,51.54000511669253],[-8.95511456023597,51.53975770191347],[-8.95427897327222,51.54107703648133],[-8.956328483248114,51.54120565389727],[-8.954210158989829,51.54369341528081],[-8.955496059778442,51.54426842180377],[-8.957155706593847,51.543433337680106],[-8.95570442160807,51.54473478721803],[-8.957195465712857,51.54482865133045],[-8.955208285616282,51.54620416403801],[-8.956177916537365,51.54745486060188],[-8.957737346308589,51.54743579524374],[-8.955237261699898,51.550674237997455],[-8.95664902346841,51.552111674116915],[-8.95525952259965,51.55313453455393],[-8.955420069609174,51.55424004296647],[-8.956520984057445,51.55292837621402],[-8.958581396684096,51.55327489106244],[-8.976101907212863,51.560404118720236],[-8.9806471950846,51.55879054392347],[-8.985166248289998,51.56036217236771],[-8.984963658578645,51.561041544893484],[-8.985698577623923,51.560559292837056],[-8.987465489828901,51.56296210648593],[-8.992838094611372,51.56510353583022],[-8.998398938121168,51.56525622149853],[-8.998957835770828,51.56634774546818],[-9.002124578894083,51.566941996766346],[-9.004698516524064,51.566260925528226],[-9.00565555187698,51.564508963079575],[-9.00874310367741,51.56410180980132],[-9.011948324988047,51.56627261096206],[-9.013259942955704,51.5661121317072],[-9.01706048065858,51.56365583744894],[-9.012063937602694,51.561522699272224],[-9.014878821912818,51.55909413630665],[-9.018278084220922,51.558641664217745],[-9.017937077265808,51.559826894998146],[-9.019402316244522,51.55928426092743],[-9.018075237626164,51.55987035861896],[-9.020928537388391,51.559788689273994],[-9.023040195658488,51.56103693256061],[-9.02668910964092,51.559461519872706],[-9.029218525270469,51.56018493718498],[-9.031503885178802,51.55702758911006],[-9.033906853469821,51.557424403659795],[-9.033560809902747,51.55585544408741],[-9.032052367270227,51.555199622861764],[-9.034370141993103,51.553636395955735],[-9.033334310012568,51.55351887145633],[-9.0353757351192,51.55295475151788],[-9.040051763567172,51.553424542031124],[-9.039341402490814,51.55458339030781],[-9.041236010267319,51.55527101379212],[-9.042609953244801,51.55800711023826],[-9.045618424534808,51.557886431269296],[-9.045841332550568,51.556978432633066],[-9.042653357592283,51.55530435804278],[-9.045444913593135,51.55477930697556],[-9.046249942759841,51.553315733005526],[-9.045499980447927,51.55318700125189],[-9.049345390312482,51.55137161921939],[-9.053847310290505,51.55179781742495],[-9.052812364944874,51.552293162142966],[-9.053817035415635,51.552966970686604],[-9.058157062965787,51.5529766380436],[-9.065477078264314,51.55937549367975],[-9.069671664550878,51.56002760283337],[-9.070997546947243,51.55885664238045],[-9.07070837539831,51.557001971238485],[-9.064625526051685,51.55476133164151],[-9.061571003912906,51.55258643419417],[-9.062937243023566,51.55184920938514],[-9.062268693273428,51.55157211420331],[-9.064656757848226,51.55035584916118],[-9.06381976583708,51.55039703649918],[-9.065162310787388,51.550203644666574],[-9.066047792858715,51.55043578035555],[-9.067025662853798,51.54960371124133],[-9.065816992435927,51.549399358555064],[-9.06645591269201,51.54859908656599],[-9.067872551382562,51.54953205158181],[-9.07686089107926,51.547114399994435],[-9.077981453401573,51.54813267802314],[-9.07791781970313,51.54716128703659],[-9.08582281911499,51.54588434323852],[-9.084792342448994,51.54643350248332],[-9.085678343151285,51.54747496670635],[-9.087348133265126,51.54817053537854],[-9.088389555141699,51.5473002179344],[-9.090986274261898,51.54964273005202],[-9.09339751605683,51.54861478468799],[-9.094138720886457,51.549888731609784],[-9.093929659061214,51.548835294830006],[-9.097345604942173,51.5483516651392],[-9.096895832397655,51.55045459679407],[-9.099733475889451,51.55000860411623],[-9.098342098838678,51.55079249724432],[-9.100123584540807,51.551171099816024],[-9.100944681218078,51.55306990794423],[-9.105558338195026,51.553256978854826],[-9.105010916650652,51.55367326818121],[-9.108666193135383,51.556517768727645],[-9.108134066128102,51.55716977260103],[-9.110897862088368,51.557927777778936],[-9.110480015539174,51.56115710728022],[-9.112965993402334,51.56202383837404],[-9.113785929721475,51.5636017214038],[-9.12150537107388,51.56579502792948],[-9.1206478418109,51.56622436755102],[-9.123491805625193,51.56574736630392],[-9.125792340850513,51.562871420244846],[-9.131834529650169,51.56278622757418],[-9.135720237084191,51.566204315252286],[-9.138192283756595,51.57472126404681],[-9.145373881634924,51.57743430418686],[-9.14449136495788,51.577934174420434],[-9.145334677449044,51.57816258309208],[-9.144560900977337,51.58012084353097],[-9.151694661436446,51.57806342007979],[-9.146621657792155,51.57443912547436],[-9.147873034217616,51.57149990420659],[-9.145797500541422,51.57190150925873],[-9.138474042044576,51.56939070955148],[-9.137848400163152,51.56557181836835],[-9.139565806171047,51.56366757479731],[-9.138113281729458,51.562025793615724],[-9.142633687524157,51.55852446570868],[-9.135376675453113,51.558456758219506],[-9.131741031423857,51.55946227561865],[-9.13018244298343,51.55858952083327],[-9.123707764223356,51.558671526970755],[-9.117244898174233,51.55624475921714],[-9.117628071374922,51.55386774575829],[-9.116011342154348,51.554125173100246],[-9.116727333046914,51.55303800841077],[-9.113459437345517,51.55231666031122],[-9.117490583796446,51.55067538319998],[-9.115795444529494,51.549953063337604],[-9.11894591759949,51.54969006567467],[-9.11679054063431,51.54881421995223],[-9.118654343438847,51.54809070023822],[-9.117336267016091,51.54726363282814],[-9.118594278503691,51.54669046826585],[-9.11549548532744,51.54497305749355],[-9.116118436302495,51.54375612633229],[-9.114626225916924,51.54300996828224],[-9.114537050079694,51.541682676800384],[-9.110331968524404,51.54052420808753],[-9.11173872782411,51.53979399124945],[-9.10883753295073,51.53970428819721],[-9.110041769185798,51.53817468461541],[-9.109266434847637,51.53803968712056],[-9.11298818300051,51.53700576782433],[-9.114052871446953,51.5380196140473],[-9.115114378781753,51.53701443599585],[-9.119010377481994,51.53723175949473],[-9.120986167635474,51.53950688679721],[-9.123848932948691,51.53999652722397],[-9.124576600637782,51.53875958589694],[-9.119857043918659,51.535836745285366],[-9.126253683313042,51.532788870338095],[-9.12923865531405,51.53340045037328],[-9.136361712380408,51.53148523926127],[-9.135953957009399,51.5301997472861],[-9.132008707407902,51.52962751844339],[-9.132528139790821,51.528734867547286],[-9.12995012362086,51.52790926402991],[-9.130823107424744,51.52660376031807],[-9.136123426233308,51.52693215459685],[-9.137562989237518,51.52506231299013],[-9.136596638648202,51.52511670239437],[-9.140742272382296,51.52372692040418],[-9.141461545473627,51.524541026674044],[-9.14316411983187,51.522519103264244],[-9.147806514198686,51.52104197666022],[-9.1468453769505,51.52139184223677],[-9.150009746392573,51.5210858456649],[-9.14976855827237,51.52184587954207],[-9.152415741705964,51.52227488431937],[-9.152754198468074,51.5242773899872],[-9.153798710565642,51.524528589794386],[-9.151457987359148,51.5278901590558],[-9.1496088241214,51.528410572521786],[-9.148854009799278,51.530439654121956],[-9.150781466581522,51.530800504814884],[-9.149854010855307,51.530426890038385],[-9.15957332245377,51.528132338343745],[-9.160928111347884,51.52711863499351],[-9.160635636757462,51.525254460123044],[-9.162061581438783,51.52505814033474],[-9.161461688604243,51.52422517672967],[-9.156871662746711,51.52413773997859],[-9.158003883457795,51.52307350123821],[-9.155187854213805,51.522065118483866],[-9.155532443952687,51.5203978137575],[-9.157789277075526,51.51982918516278],[-9.156933569519301,51.51908845337753],[-9.16306257391774,51.51999876019691],[-9.166592270721152,51.51858051415742],[-9.167508931116007,51.516453217871984],[-9.168906384538799,51.51755133608624],[-9.174891684967534,51.51604012473409],[-9.174454536254407,51.51686291166628],[-9.176258968898573,51.51767005463958],[-9.171879218230934,51.521035479844286],[-9.169827439161992,51.52504143024091],[-9.165185062347689,51.52987065004595],[-9.165883853933781,51.531806876956644],[-9.171283137646395,51.53256393081907],[-9.169335782565414,51.52996088462384],[-9.172547102107947,51.529289830745725],[-9.173429379921208,51.52585701860786],[-9.181072229360542,51.523945601293654],[-9.184104944460634,51.521955454677276],[-9.183401382612388,51.52175971887473],[-9.188117644878506,51.519756893419334],[-9.188664048602073,51.517814410872525],[-9.18650597208867,51.51659818971295],[-9.184000576065296,51.51672148039916],[-9.185044161972867,51.51542902651932],[-9.183220549095832,51.51535062111953],[-9.184554664445429,51.51416331989749],[-9.187484759269488,51.51434662472648],[-9.19055999304817,51.51123905274039],[-9.188349439467848,51.50991173093443],[-9.189480373523175,51.50721143316697],[-9.192816743854584,51.50684226160253],[-9.192761744394145,51.50777253088493],[-9.193670425190621,51.506656290365086],[-9.197265984787753,51.506239699566294],[-9.197970248717063,51.50645149121275],[-9.197146686548749,51.50782156150362],[-9.199649123251074,51.50929316341774],[-9.205428150692853,51.50792193106096],[-9.208089797526174,51.5056389711355],[-9.206140116869518,51.50471039248969],[-9.209095504220599,51.50410155198708],[-9.210306835559752,51.50212493449086],[-9.212194655482653,51.50135998881422],[-9.211595616796417,51.50082186717969],[-9.21419172329817,51.500006839292254],[-9.21426243317492,51.49886979058476],[-9.216310732923734,51.4977696690807],[-9.213474759038101,51.49701921840217],[-9.214937766071511,51.49610224600717],[-9.212630283166709,51.494758681112415],[-9.213091844163142,51.49413115593607],[-9.212061749488273,51.49437874353552],[-9.214365538896793,51.49275185750084],[-9.213984941000712,51.49144635540693],[-9.211701018769947,51.490894530166344],[-9.211906663312151,51.48881535990854],[-9.208964252441941,51.488518891270544],[-9.20942731169414,51.4872202447306],[-9.212049100164815,51.48617018825414],[-9.211619785864075,51.487617411020516],[-9.213664584589822,51.48582049119338],[-9.214869940121751,51.4873695937597],[-9.214350532494995,51.48588520388556],[-9.216370027218478,51.48541266803883],[-9.220101319191995,51.486704602889475],[-9.225386386775476,51.48348802729466],[-9.225959257986752,51.481849152025205],[-9.228813233918165,51.481362980248605],[-9.228150358017041,51.48088619585382],[-9.229746305302998,51.48072031280515],[-9.229087189004956,51.48104589124019],[-9.230025678862349,51.48191828106554],[-9.231680224381314,51.482332113184086],[-9.232778020789024,51.48158743214507],[-9.232650798130404,51.482647487393244],[-9.235063524966524,51.483549129527795],[-9.242821192106629,51.482341129908136],[-9.240815849736489,51.48325175348784],[-9.242898308166218,51.48375770610551],[-9.238219911321634,51.4870172546517],[-9.239662304848116,51.48744718548464],[-9.231410133249614,51.49135193857912],[-9.232244611989467,51.492833123561624],[-9.236350420024902,51.49241631249408],[-9.236331209826218,51.49441849493246],[-9.234972068757726,51.49594043988342],[-9.235843714697486,51.49646650883528],[-9.237925014759776,51.496245973070906],[-9.238980676864617,51.493407155851585],[-9.240639529076638,51.492332061773354],[-9.245348295701971,51.49214178855229],[-9.24449655598426,51.49294582777251],[-9.246490385725899,51.493056017916466],[-9.251346460409511,51.4923896041314],[-9.25203696154458,51.491222906516704],[-9.261622457951045,51.48772183407325],[-9.264921492920699,51.48803224045908],[-9.27089795215552,51.48393333124946],[-9.271425492162734,51.484602682922386],[-9.269877478465764,51.485633217077805],[-9.271454945517961,51.484836919661234],[-9.271115790017687,51.486343571187994],[-9.267368103012716,51.4889184796826],[-9.265145226337065,51.488903958651285],[-9.265496305831716,51.48981898374147],[-9.270081048114024,51.489711737458585],[-9.266801319468772,51.493051454356966],[-9.26805293737337,51.493526772551796],[-9.265249148691684,51.49492422976832],[-9.267253488612699,51.49469634310113],[-9.264913018758099,51.4968887542518],[-9.266233853942191,51.49763675666141],[-9.264583728242993,51.499666523416806],[-9.266102135279175,51.50152519965563],[-9.277673085406207,51.49785020288889],[-9.278419782036341,51.498825806167666],[-9.278974433905612,51.4974386939386],[-9.275609081696338,51.49684238789112],[-9.2765439182398,51.49522343686619],[-9.275676045570922,51.49492079271674],[-9.277440737289325,51.49335967350095],[-9.277913374176123,51.49465861522608],[-9.280353925572017,51.49332009190907],[-9.281530132429534,51.49366267459615],[-9.280302994577552,51.49428426011484],[-9.281703234997865,51.49382399208401],[-9.281362590056673,51.49567907894336],[-9.28178915354323,51.49471206406466],[-9.284173070139014,51.493917424441506],[-9.28272906137187,51.49511011598601],[-9.286893074471799,51.4945336757629],[-9.287044277246807,51.49540213026418],[-9.284485433700562,51.4970855792604],[-9.28550084026431,51.49732731360164],[-9.28530236073451,51.49843784413598],[-9.293691058013495,51.49551101331415],[-9.295437644727217,51.50110317904355],[-9.297895713224746,51.50195442304009],[-9.297947336168406,51.50381240860151],[-9.299670770172586,51.50451705706107],[-9.299798436365757,51.50581621824693],[-9.30656284825322,51.50646321805784],[-9.308307990593091,51.50467347277319],[-9.30671837690957,51.501113103194555],[-9.30076449527096,51.495146619589384],[-9.300303584318973,51.49579563238508],[-9.302305422812774,51.4981775088537],[-9.295900904044991,51.49993295890266],[-9.296294237101563,51.49794179011862],[-9.294859526639348,51.49647150330576],[-9.29663327365905,51.49420636053323],[-9.294059761662089,51.49320889725872],[-9.29327375652333,51.490667548499985],[-9.29213235992429,51.49103399661859],[-9.291783707813673,51.49020320750991],[-9.295843587867425,51.49032295585701],[-9.298582649421641,51.487575344010516],[-9.305001175093631,51.48530212633433],[-9.30547040718812,51.48657038743844],[-9.308639932427912,51.486372578136084],[-9.315659618994783,51.48261919974179],[-9.315558715737128,51.481594600778415],[-9.317653942370589,51.48142746439989],[-9.317103992019554,51.480855116476945],[-9.320766233774865,51.47849155486899],[-9.325676643375404,51.47815595000351],[-9.338495760840695,51.473067380099465],[-9.341768270994441,51.47077700611776],[-9.342573532608068,51.47169693130982],[-9.342573487590675,51.47035917753775],[-9.344168544231088,51.469708575293],[-9.34317011323416,51.46997238531104],[-9.3440065371232,51.46950450855058],[-9.343359217821448,51.468904979522115],[-9.344678970878945,51.468186509099546],[-9.349571260109604,51.46859307712189],[-9.348341952990454,51.46968498394146],[-9.349706194335646,51.47152315178049],[-9.351712986621413,51.471578079029875],[-9.352004486076925,51.47105733237225],[-9.35291621563253,51.47039930347032],[-9.352644963495898,51.471503868200685],[-9.354263901048657,51.4711308704856],[-9.35352669224212,51.47170816677733],[-9.356284031836175,51.47034768214381],[-9.358395567581535,51.47085058528866],[-9.35803047627929,51.47145454323648],[-9.362483248427512,51.47086881273512],[-9.361921568366983,51.47261202406589],[-9.363509340469196,51.47205918365562],[-9.362887859627625,51.474753600244334],[-9.367092909916702,51.469728652316036],[-9.368070719842752,51.470508255601516],[-9.368503928383863,51.46941156267127],[-9.371601825872682,51.4686532297766],[-9.372579474440542,51.46954461095714],[-9.374482192364805,51.46905341013247],[-9.375685114351525,51.470398961398466],[-9.376685080224203,51.468843882744174],[-9.380691093860635,51.46958306621666],[-9.382170908300774,51.47157464768204],[-9.381138353131682,51.4723967850824],[-9.38269010427631,51.472709629623324],[-9.380869857009676,51.47564276574266],[-9.386398413781789,51.472659547013976],[-9.388333152232759,51.47305056230392],[-9.387340135881926,51.47431214951024],[-9.388998217730128,51.474632292500104],[-9.382573492520683,51.478001209111525],[-9.384914294088018,51.47825448018583],[-9.384463796973817,51.479844442410986],[-9.379324413457852,51.48121198453179],[-9.378568883032743,51.479958514944634],[-9.379573979890667,51.479165485348766],[-9.376721134023441,51.47956667633739],[-9.375243923905174,51.48308559313767],[-9.373911972511602,51.48289969704302],[-9.375119859678945,51.48370011830686],[-9.37144892705714,51.4859298502031],[-9.378900618144499,51.48795424214958],[-9.37917865865811,51.48705115511657],[-9.380707381071407,51.486855875645176],[-9.379956363349889,51.48733079382684],[-9.385176574703355,51.4881631757681],[-9.384362017349689,51.48863002620371],[-9.386314785553655,51.489909353538124],[-9.391094486706216,51.487822206425754],[-9.394435437113383,51.49014302602337],[-9.396604650299757,51.490093854572066],[-9.39752966001344,51.490802261166905],[-9.39659500354392,51.49200673165426],[-9.398059203263836,51.49286561115189],[-9.392546923556676,51.49678580211328],[-9.393502237665897,51.4964641165588],[-9.393627822012935,51.49752715354722],[-9.398226867991319,51.50020029863869],[-9.400068569278469,51.50013946119222],[-9.399825767074999,51.49969422654545],[-9.400369617523781,51.49925587323938],[-9.40195641122419,51.50035488313507],[-9.403237133409174,51.497656133831164],[-9.404712385765356,51.49706968839662],[-9.413585041808517,51.496626340502495],[-9.414117944627103,51.49875055165056],[-9.418218768216112,51.50021883909572],[-9.416492935079242,51.50398622352477],[-9.417190558826436,51.50438093229976],[-9.413439940776353,51.50719873847298],[-9.415466417360033,51.50812448910934],[-9.412456752727996,51.510023429786436],[-9.414271866571461,51.51094343025719],[-9.413937150486838,51.51200415521834],[-9.409598862446414,51.51316355298547],[-9.412896310046177,51.513562956442826],[-9.411576196605337,51.51456907457968],[-9.412336070745704,51.51551572602547],[-9.414000762787307,51.51416922510842],[-9.4152141657388,51.51514237735862],[-9.416196370679605,51.51465934712523],[-9.417612076004763,51.513358126788475],[-9.416994842272954,51.5122846849847],[-9.41905431215744,51.51099416002938],[-9.418381698345794,51.50895407812067],[-9.4216801989307,51.508299047815484],[-9.42129423162854,51.507349893767866],[-9.424286717814626,51.5059018433261],[-9.425062564834056,51.50395781792621],[-9.429286147895645,51.506114788120016],[-9.425490030982075,51.50958811519879],[-9.42594635319428,51.510813519005055],[-9.431169352824968,51.51057739482786],[-9.425394061590207,51.51381949574026],[-9.418674054220695,51.51518694075872],[-9.419929676084168,51.515943747698586],[-9.419105981841511,51.516790501730746],[-9.420298399529083,51.51702074984158],[-9.40546688049264,51.52271126050875],[-9.404863784929878,51.527162912307034],[-9.402478709185445,51.52829400680904],[-9.395150153460428,51.535525459302846],[-9.39734099537222,51.53925822558289],[-9.391847063520343,51.54415472521891],[-9.395274890365872,51.54851987432302],[-9.394493383430744,51.54971380539039],[-9.395782684500608,51.55053839028181],[-9.397548263456354,51.54933747951211],[-9.397850593847963,51.54760393241689],[-9.400407378215885,51.545930529980076],[-9.399143745414257,51.545266183960116],[-9.401840101377164,51.54454256243882],[-9.4024267655537,51.54254554131244],[-9.40466206911101,51.54268256596434],[-9.406139071904809,51.544353033428834],[-9.413789737326432,51.53988564956974],[-9.41561650003058,51.54232106626535],[-9.418888244145322,51.54273479679022],[-9.418155738381584,51.54380125517921],[-9.41944667710622,51.54458573504321],[-9.414891673996074,51.54627604827784],[-9.414753525940077,51.55127246028145],[-9.413282431972943,51.5527639498823],[-9.417294284941375,51.55205550643025],[-9.418911621588812,51.55282099005762],[-9.422118637893496,51.551020818817285],[-9.4256133334239,51.55153460946669],[-9.425324792807048,51.54908992164022],[-9.426860334445825,51.54829886367137],[-9.424354185286568,51.544601136125216],[-9.42639853022767,51.54330801697011],[-9.429186400448543,51.54352533074679],[-9.430931992851923,51.547518712185145],[-9.433049423150477,51.54833035963562],[-9.431932263652289,51.549899763840116],[-9.43460722707465,51.55095010273052],[-9.43549383332161,51.55275464384588],[-9.446182898260634,51.5528867458417],[-9.44557023395463,51.5551985491665],[-9.447956433296723,51.55557181908976],[-9.44879557212602,51.559329497112294],[-9.45172443249641,51.558675085571664],[-9.452367776655354,51.56026116880173],[-9.453287783822178,51.560079006167534],[-9.452568431684861,51.560964891653164],[-9.45559578642211,51.56056712348618],[-9.455591430561567,51.56232197832321],[-9.458261366207946,51.563257460113995],[-9.45726117512935,51.56082424298103],[-9.456114818890923,51.56045603611704],[-9.458169372506651,51.55811685385024],[-9.452774980726398,51.556554878807724],[-9.454172589944157,51.55593225608667],[-9.452980557346073,51.55600325860024],[-9.452619321357359,51.55496832507081],[-9.455334893857867,51.551409800578476],[-9.450222922152172,51.553520573560036],[-9.447676854013952,51.55128323859925],[-9.445569856856117,51.5511431850805],[-9.44719458590944,51.55101200789196],[-9.447146783376729,51.55075713762947],[-9.444971344080294,51.550941560070434],[-9.442622896156678,51.549607079014365],[-9.442272479716548,51.54664538244678],[-9.444149386381016,51.54702266856886],[-9.446499866804986,51.54555942232193],[-9.448164096086723,51.54358788187249],[-9.44680738543861,51.54316374464757],[-9.447433188928008,51.54271079708579],[-9.441932778675152,51.54245758624005],[-9.436006260646558,51.54380646461037],[-9.43437560759564,51.54218729824605],[-9.438316831614287,51.54034743415071],[-9.43914846337121,51.538824450558565],[-9.43774479185349,51.53454878809364],[-9.442644257951128,51.533650503765685],[-9.447801345950344,51.52897371538385],[-9.447035212714937,51.528287954054505],[-9.451853836461064,51.528747488500635],[-9.452278226899457,51.52698323584273],[-9.455205164267579,51.52519527922456],[-9.464781290308517,51.52388807173132],[-9.46994360718248,51.527298388985265],[-9.467204768619947,51.53113719563531],[-9.476271141786864,51.53063262457761],[-9.477106829928681,51.52943826068195],[-9.473446526662945,51.52953027223224],[-9.471836077600752,51.527398599513184],[-9.472241971671048,51.5253720646014],[-9.475315273735545,51.52313988696945],[-9.481946538075464,51.522260904177855],[-9.485948926849074,51.524027999805355],[-9.48934744543213,51.524200891153676],[-9.497653338752327,51.52165422140743],[-9.499043171095224,51.522065048904444],[-9.500770965797294,51.518755152156714],[-9.50325434593957,51.51772629499673],[-9.504891677452761,51.51746171209068],[-9.503998417119481,51.51803526868048],[-9.505119427178359,51.518483184982685],[-9.50823339353389,51.51758124511771],[-9.507111759565841,51.5184404028732],[-9.508167424237604,51.51881441943503],[-9.50758771267746,51.519300315324884],[-9.516580503302322,51.51850345623836],[-9.524164535772805,51.5157105067748],[-9.526362631642847,51.513760007454884],[-9.527152078369907,51.51372073662777],[-9.52768548012239,51.513301676982785],[-9.529733344131618,51.51293454334253],[-9.529615818396838,51.514040984256326],[-9.530748897669964,51.51413638823436],[-9.529463953649918,51.51520904362281],[-9.53114360132197,51.515109549648955],[-9.527178987002685,51.51748137614057],[-9.52984264787987,51.519379589967734],[-9.526864657808295,51.52288899917331],[-9.52867697516236,51.523539873672036],[-9.52618400486379,51.52605058528285],[-9.525959661346157,51.52876994290632],[-9.524995958014802,51.529383494532595],[-9.528525563767245,51.530707766027994],[-9.528048295235173,51.529174931710436],[-9.53169787995458,51.52752640651786],[-9.532591017187828,51.53036140678074],[-9.535235560630966,51.5303432321854],[-9.53602378580616,51.52911341518934],[-9.540672691490322,51.52897143313907],[-9.541155344054053,51.52742749406729],[-9.544616053909628,51.525488684610075],[-9.544429147927861,51.52471468592827],[-9.542675271896641,51.524846307878256],[-9.544364770054429,51.52462785875007],[-9.544306125023487,51.52180618761057],[-9.542636916905838,51.517724155900694],[-9.54291631675554,51.51516538404455],[-9.541184166677732,51.51367339180206],[-9.543137802581093,51.51115721063623],[-9.546502819180676,51.50948492891726],[-9.558369115790368,51.50649756017351],[-9.560924831986318,51.50704316177164],[-9.560893253543973,51.50599145225619],[-9.56378562709105,51.505169138243524],[-9.566038256027532,51.50574173011237],[-9.571480456250695,51.50472507279074],[-9.57307162773721,51.50356018424765],[-9.576654965286274,51.505338700615596],[-9.578074846149002,51.504990379643054],[-9.57717424769993,51.50604896266025],[-9.57798041962682,51.506441234369944],[-9.580623545878037,51.50542613372032],[-9.581296219583027,51.50383736096729],[-9.585342615432374,51.50347526342561],[-9.586363294606628,51.50469567003737],[-9.589468678334239,51.5051468601626],[-9.583981503827875,51.51034214027101],[-9.583038839428818,51.512746926070704],[-9.58420010526039,51.512837037077],[-9.583291239235642,51.514006513352115],[-9.584670411791954,51.51433269039147],[-9.5844144805894,51.51552079914385],[-9.58603879019586,51.514977233997435],[-9.58540547803184,51.515844766861065],[-9.587220454196775,51.51684354430057],[-9.586712901275721,51.51442279714897],[-9.588168220817307,51.51277004608966],[-9.587110963153181,51.510557005315405],[-9.589217918345055,51.50967530109104],[-9.586990885590968,51.5089525028738],[-9.590638689844743,51.505092013752325],[-9.594097504443846,51.503552820278166],[-9.597047778301473,51.50399529122923],[-9.597387477702412,51.50277950569839],[-9.600108221102285,51.50165101750926],[-9.61164847774877,51.49914269650963],[-9.60721695990494,51.49913120564287],[-9.593143915941198,51.50257069844846],[-9.588461738191707,51.50149906053356],[-9.588014569110419,51.50050689905554],[-9.584246424068137,51.50045976944129],[-9.58553893146497,51.49940627862042],[-9.584659921448681,51.49880727208022],[-9.585939950536314,51.497929934419474],[-9.585166820777207,51.497617879713125],[-9.58695340672716,51.49650860419885],[-9.59629794512565,51.49564092534603],[-9.603564927815121,51.49271780957343],[-9.604722695755173,51.49261006986848],[-9.60373429526826,51.49319410519764],[-9.605118802358904,51.493795761471105],[-9.614984148288038,51.49175739207756],[-9.615862660796157,51.4926875991236],[-9.632997536807887,51.49165420141971],[-9.619993462212815,51.49571751360735],[-9.618890146818108,51.497027103415164],[-9.620427393581648,51.497672961565854],[-9.61805370123256,51.49835726576886],[-9.62053015407307,51.4984677183877],[-9.62034254438641,51.49947137337165],[-9.62570486902496,51.49747193572606],[-9.627164846972985,51.49774282776173],[-9.626098778251574,51.49890263572086],[-9.630328871855053,51.49856499673027],[-9.628620552026952,51.49966876223435],[-9.630890700276966,51.49930552325397],[-9.629596417167713,51.50003005787036],[-9.630111788665433,51.50311686223773],[-9.632096130146559,51.50208393747152],[-9.631725845729814,51.50283859758806],[-9.635330598867958,51.503246400191166],[-9.636337739158428,51.50482606394757],[-9.63414409143805,51.508700008384345],[-9.636012988946044,51.509210472463025],[-9.633538649247283,51.51060640320243],[-9.636109642290606,51.5109342231274],[-9.633113535464885,51.51219600945448],[-9.643830209406277,51.511036325991086],[-9.642478218705158,51.511783108320905],[-9.644101489731947,51.511579428198715],[-9.643421552560152,51.51312176784261],[-9.645770576408534,51.51332570216069],[-9.644296907025712,51.514129675194134],[-9.646474386479985,51.514274055653544],[-9.644771786435372,51.51542312305839],[-9.646410487446712,51.51567758796814],[-9.644550015231802,51.51649582155681],[-9.646660928333066,51.517991226438525],[-9.643261139228668,51.518759151973526],[-9.642895101800693,51.52010678481447],[-9.646233544413684,51.52097991416629],[-9.646913979618972,51.522004535800534],[-9.647498978388269,51.521988552182584],[-9.64638000850056,51.52093120634426],[-9.649252565331205,51.51968632989684],[-9.647550714764515,51.516055020756276],[-9.649998824615558,51.51462755299949],[-9.650033290422964,51.516359118064265],[-9.651308766874964,51.51378694710001],[-9.65985300440623,51.51422209379033],[-9.656878538005474,51.516455344104806],[-9.66040343244808,51.51614481236818],[-9.65831607822845,51.51738215632263],[-9.660831911255329,51.516091778701366],[-9.662738141521709,51.51639076727946],[-9.661056735432407,51.51723920823758],[-9.660364006845818,51.518405636063484],[-9.66677984207763,51.516871501498805],[-9.661722133800957,51.514793516619946],[-9.66341849782514,51.51305126142272],[-9.661853065946383,51.51117690033861],[-9.65896356151006,51.51177075738218],[-9.656216947677374,51.51017624177272],[-9.658476792920968,51.50786611947184],[-9.656678434201911,51.506983534097614],[-9.658032977412066,51.506919662970795],[-9.657921092994705,51.50556793707542],[-9.659501760238497,51.50551476913708],[-9.659445183380312,51.50426926750274],[-9.661300046202879,51.50358061469426],[-9.662199182435193,51.5009855052964],[-9.664169085959067,51.50051838472147],[-9.663434095658314,51.49960596390551],[-9.669483081735336,51.500110837680936],[-9.66762506516867,51.50168963718974],[-9.670055789114505,51.50229603051331],[-9.668742844015583,51.502973093904984],[-9.669849419887283,51.50375135593328],[-9.668545781034318,51.50551920323783],[-9.666593380095676,51.50598898839789],[-9.669825941103987,51.50692582076006],[-9.672034258063887,51.50527510430961],[-9.671787064010596,51.50354429662222],[-9.673899897611843,51.50315059505592],[-9.674957705993062,51.50386534845953],[-9.674284404871074,51.50475763375906],[-9.676911448898199,51.50329914128442],[-9.676517673315718,51.50403249819007],[-9.680535898329982,51.50398548476397],[-9.682448350130437,51.5024802934964],[-9.681917192447852,51.50150275722013],[-9.684668840789547,51.5024736426651],[-9.68764942237611,51.50012277627549],[-9.687265424085075,51.4990785298309],[-9.690300612906906,51.49965074847916],[-9.691352928141756,51.49790293720172],[-9.696394632350303,51.496305252477725],[-9.69715717953835,51.49717387142605],[-9.698790709033293,51.49512646045179],[-9.707587996124538,51.494590738987945],[-9.707894641132633,51.496153990909555],[-9.709876462780002,51.495618198117015],[-9.707915332416205,51.49446194565188],[-9.704524124524836,51.49418320373138],[-9.703990611759199,51.493304300018444],[-9.705892651004058,51.49241280437602],[-9.704448372729487,51.49178303685081],[-9.705255204745106,51.491227793943786],[-9.703739775352007,51.4897336751114],[-9.705609154036852,51.48792961103262],[-9.704104458366364,51.48783720001263],[-9.706315211968112,51.48398038508669],[-9.700536895120777,51.484301992827106],[-9.705066162009329,51.48217042074528],[-9.703671650554211,51.48150732951113],[-9.709532510805719,51.4796111914242],[-9.708142442187173,51.47964773367633],[-9.709000516087903,51.47835787006848],[-9.70732825802683,51.478931914567475],[-9.707325776566522,51.477760933323324],[-9.703148874102299,51.47873582830812],[-9.704406646597617,51.476332801598915],[-9.706771011907522,51.476816403608986],[-9.711018820052724,51.47459900853399],[-9.720306921352584,51.472854644231006],[-9.717843326081027,51.47496068615406],[-9.713067901404964,51.4758618656249],[-9.711233996717413,51.47808289483562],[-9.714534592113177,51.47760024451348],[-9.71411603141072,51.47828715714699],[-9.718621745319489,51.475519988976174],[-9.72400563859944,51.47527698889363],[-9.732077132609717,51.471388774040804],[-9.73910051506907,51.47064112579374],[-9.741344572250908,51.46775835840491],[-9.740126232537179,51.46710051736742],[-9.744711429376965,51.465197808714294],[-9.751704647216103,51.464230994362204],[-9.748832135706442,51.46243264153449],[-9.744050136698533,51.462296296303585],[-9.723440059887595,51.46994673480922],[-9.714459310782614,51.471319812767575],[-9.7106820426121,51.470919746722544],[-9.704200778001306,51.47244511478707],[-9.705609933415154,51.47137455586106],[-9.700633208857182,51.47195307336437],[-9.701208965549991,51.47134488010367],[-9.700326557869925,51.47118413417692],[-9.702043299454784,51.47028659681826],[-9.700488746983053,51.47041200892669],[-9.700722960280727,51.469605312262246],[-9.70685723930743,51.46925589116805],[-9.704758551621076,51.46996629423282],[-9.709295216929704,51.46944615384987],[-9.708663423786202,51.469748550056906],[-9.709852357645643,51.47018119976203],[-9.715262011359325,51.46767506629802],[-9.719695170750272,51.46790562649293],[-9.730328998670304,51.461570869847094],[-9.734796748909375,51.46131212215011],[-9.73429932409791,51.46193131024446],[-9.736557599404678,51.461643980580114],[-9.735573650902214,51.46206962636793],[-9.73677280432847,51.462424595127565],[-9.74098449726952,51.46113576746028],[-9.739995569515463,51.46162288639287],[-9.742799408868569,51.46169972432044],[-9.743574502564238,51.460008728748285],[-9.740602189622345,51.458528584066514],[-9.746263401990987,51.45688914939485],[-9.745451268476026,51.45775102317931],[-9.746901795165645,51.457775088772806],[-9.746545743336931,51.45966248954319],[-9.749371122526087,51.45836338145584],[-9.75007309969701,51.4592189641387],[-9.756420973559777,51.455078461028705],[-9.755576053089033,51.454554639711084],[-9.75819009182936,51.45205145177494],[-9.764347480414388,51.449261241571506],[-9.767759533707787,51.44955327110819],[-9.769154763700872,51.448394113611336],[-9.769590037542438,51.44934303834336],[-9.771937105679477,51.44754348089226],[-9.77160326602448,51.44857903303113],[-9.773258685345613,51.448259129815916],[-9.770791118030012,51.44927468579514],[-9.771526958514016,51.449664304045555],[-9.770127270830878,51.45008866859113],[-9.769333882362996,51.45305818174972],[-9.774816051506216,51.45232637520392],[-9.7698947357975,51.45391933842002],[-9.769583816475098,51.45516731283513],[-9.761156283573477,51.459404567943274],[-9.760397879305987,51.46082884805886],[-9.76260460784707,51.4633392360825],[-9.770751965649175,51.4633930023907],[-9.770743891530193,51.464275648596875],[-9.772623044967823,51.464899942088856],[-9.771388002954568,51.46719624900111],[-9.772680753131494,51.46781305600621],[-9.770850898304133,51.46883606003743],[-9.770854944144132,51.47016132605753],[-9.771507459592932,51.47069478800589],[-9.777157376090718,51.47224198934468],[-9.774029602186483,51.47482423193867],[-9.768367643225387,51.47677576403431],[-9.764061734736151,51.47623850467395],[-9.757905084376558,51.47927810483097],[-9.763862087418326,51.48032510025532],[-9.767187071914506,51.47829630418751],[-9.774707929055866,51.47646389413619],[-9.777790733822327,51.474365749361006],[-9.777629182554259,51.471535427227515],[-9.774757755213425,51.471060560513955],[-9.7732830194123,51.46957349051897],[-9.771823618396684,51.47051348567611],[-9.771429429116642,51.468881156257936],[-9.779753809052524,51.46818123983687],[-9.78128108494082,51.46274806241736],[-9.786239631555013,51.458674301572145],[-9.785765939554606,51.4572140335558],[-9.795491617672267,51.45045440273503],[-9.802105459009557,51.44923261274896],[-9.804293560634793,51.449261634831736],[-9.804447419978409,51.45039791753448],[-9.809950688206937,51.44820061933618],[-9.808374547397909,51.45069953654592],[-9.812818280859643,51.44979511570305],[-9.81214241797116,51.45049272662233],[-9.816724935063492,51.451381480332195],[-9.81716587655981,51.45018781952159],[-9.821530097687631,51.449072754157086],[-9.818063444529482,51.45081412913493],[-9.821192217806171,51.45072116091834],[-9.81531551650249,51.453305596021806],[-9.817343157902837,51.453568329315864],[-9.815679488731918,51.45470169121986],[-9.817475938735665,51.455134459572434],[-9.817024356476747,51.45603139936859],[-9.818316878844303,51.45571982002499],[-9.816479669459325,51.45691701306537],[-9.81986203283578,51.45650955571898],[-9.8147025809923,51.45915184709624],[-9.816852424865445,51.46043539480768],[-9.819660061646502,51.45929550419344],[-9.817550530655136,51.46051639586168],[-9.81927073741836,51.46025956411392],[-9.818392984407627,51.462601059070316],[-9.814210139844317,51.464717131402935],[-9.816046870428965,51.46470905571834],[-9.812932226799823,51.4675024553382],[-9.814831079491686,51.46725817620572],[-9.812725671899894,51.46913327239287],[-9.814062035814576,51.46900132154863],[-9.806632619895947,51.47332998104563],[-9.80884894846334,51.47323171929652],[-9.80687792909936,51.474703166602076],[-9.80909706874377,51.47391819464239],[-9.808354494705426,51.47471603953483],[-9.809907033818845,51.47417899507675],[-9.809386421807327,51.474691414549284],[-9.810679219986511,51.474422077186084],[-9.811455304675897,51.47563289874002],[-9.81304859039949,51.4751733760382],[-9.81084504262514,51.47627150189851],[-9.815689042286373,51.47558751815853],[-9.815509323235121,51.4781994206306],[-9.818263879234365,51.47793845400886],[-9.818336528780012,51.47924584743669],[-9.820746309175055,51.477401603575856],[-9.820880793595204,51.478468161148186],[-9.822321607966757,51.47732018935829],[-9.822968890112243,51.47851160296286],[-9.826427460772583,51.47771962908925],[-9.82437374678742,51.478622445448636],[-9.825354466660482,51.47910655633421],[-9.829293339959518,51.47781090616073],[-9.828337249943884,51.47887359084398],[-9.83262161387552,51.47800495165337],[-9.830785653944188,51.47918566444892],[-9.833840522851636,51.47871147729987],[-9.83005882823572,51.48171102992899],[-9.83288349669439,51.48091535438584],[-9.83397824346143,51.482045506594666],[-9.83904851493888,51.481407305275525],[-9.837030884736482,51.48299342057309],[-9.828236915721542,51.48680670378171],[-9.825744844785794,51.48725014882543],[-9.824551130440582,51.48599167014994],[-9.823079734991028,51.48616899310804],[-9.823729743475925,51.48667180877341],[-9.822511653213553,51.48804701850306],[-9.82119254403694,51.48784981250244],[-9.819568345890785,51.489585858414756],[-9.813832816015687,51.492067745937064],[-9.813089488492869,51.491542205781414],[-9.806100696553285,51.4940371401932],[-9.80511867944069,51.493379187154595],[-9.803494686755526,51.49420659316622],[-9.803425917926205,51.49347769136636],[-9.799261457901391,51.495466039993076],[-9.79904327234555,51.494686922820264],[-9.796848228846745,51.49476111090231],[-9.792517529375674,51.49734689760467],[-9.786725676850825,51.49887446727179],[-9.78761072519463,51.49901359588031],[-9.786729048349601,51.5002312249473],[-9.787979201920816,51.50070919506656],[-9.779615042436053,51.5035262652147],[-9.778502580919877,51.50498808533563],[-9.77446485309435,51.506620829046604],[-9.77636148374767,51.50707864667015],[-9.775526178409711,51.50740201557512],[-9.776738857936385,51.50736691684276],[-9.775976025810161,51.50788013549391],[-9.776857528301115,51.508293670105225],[-9.77243432983387,51.51223868169381],[-9.757811522131362,51.51640929522041],[-9.755838666301422,51.518359130080604],[-9.75907932919294,51.51756167211015],[-9.759345471741407,51.51869863244152],[-9.751025245222475,51.522702431999456],[-9.750755977615176,51.52137555546787],[-9.747946488743722,51.5232630355423],[-9.745144891694602,51.52113335073883],[-9.741950995588981,51.52106567028711],[-9.740390873556398,51.522602497197134],[-9.73846162158127,51.52229789817015],[-9.738565959676054,51.52334206250417],[-9.736309217312217,51.52507986699521],[-9.732915052287698,51.52546533442583],[-9.735765151636688,51.526498389294716],[-9.730402298237097,51.52633037142569],[-9.731552225352173,51.52505661782537],[-9.72780766422147,51.52572581018047],[-9.720774878601054,51.52495758709736],[-9.71626165226709,51.52768124270956],[-9.717677634934695,51.52789812773735],[-9.715314764698928,51.52804090919874],[-9.715302936776327,51.52710808122819],[-9.710615857427669,51.52746806281321],[-9.711581232162601,51.52699576398683],[-9.709808861149261,51.52685143999007],[-9.710583481394185,51.526141341162436],[-9.70994557493625,51.52554016239104],[-9.706042126708713,51.52767457244495],[-9.692219115941745,51.529763839171565],[-9.682943755124091,51.53379145761653],[-9.683849899079977,51.53380283557021],[-9.680148394318577,51.5367708167153],[-9.675379563060954,51.53817419530584],[-9.673461400696022,51.539694268537865],[-9.672502890570856,51.54244783581165],[-9.670804737355398,51.54316988110287],[-9.672339236698049,51.543265180088866],[-9.669221386157728,51.54440752979623],[-9.666400334966509,51.544333781208394],[-9.667614839414908,51.54198531101321],[-9.662888043603028,51.53925438412799],[-9.66191917777279,51.54072122874607],[-9.659118795087332,51.54063905674644],[-9.657100909304956,51.54339091973008],[-9.654557494471234,51.542657635790874],[-9.653669821054592,51.54128081907202],[-9.652725388565239,51.54448491195845],[-9.657017050316805,51.54489701108347],[-9.656362633267126,51.54418000708505],[-9.657769386535788,51.544612961831234],[-9.660433889714529,51.54291547251866],[-9.663344484969604,51.54367767771633],[-9.66292712417103,51.54541528879493],[-9.657392060615338,51.54823429234018],[-9.65888284554676,51.54889198782031],[-9.653537649414796,51.55064963902896],[-9.654319358350397,51.55080871899293],[-9.651989340605525,51.55215632523462],[-9.648937110107543,51.552671734479105],[-9.647046433569074,51.55182365172016],[-9.645314387845966,51.55271811975116],[-9.646687726526627,51.554062297644165],[-9.645297681294544,51.554676998331104],[-9.646710513371744,51.554505928935775],[-9.64526344389936,51.55563376222357],[-9.646699729590075,51.55620264221784],[-9.64595378901823,51.55711518061857],[-9.647414067037943,51.55685534860718],[-9.647917974480537,51.55781630603056],[-9.647171205096457,51.56028661118827],[-9.648049168611198,51.56015899668604],[-9.64808486411891,51.5614095499074],[-9.645786718531289,51.56351268851454],[-9.647253489812265,51.56335579979313],[-9.646900845722051,51.56445953218874],[-9.620597719411501,51.571122147916064],[-9.614719417306013,51.57418868237829],[-9.621792953419424,51.57762674966866],[-9.62008045272139,51.578639992757736],[-9.60271685457703,51.58183134705486],[-9.588299066690979,51.5890080910458],[-9.585494579328454,51.5895260108846],[-9.582747128537795,51.58826385971821],[-9.58290419932581,51.59116361453661],[-9.58411638699233,51.591526823684006],[-9.582312713534725,51.59248598550915],[-9.58484745322493,51.593025999105265],[-9.58393027850798,51.59396476863726],[-9.584960152133535,51.594926186629955],[-9.581284198561049,51.59624420753437],[-9.583334876329797,51.59593213108606],[-9.582257232138447,51.59683046399893],[-9.58320281456303,51.596916390518984],[-9.574744634463094,51.600867858550515],[-9.568544482121034,51.60140886151336],[-9.560447850652691,51.60485253131294],[-9.553526519252232,51.601800593759044],[-9.543055912375367,51.605200275664444],[-9.541947065371664,51.60510723379547],[-9.542422912075725,51.60440787207443],[-9.539218848945785,51.605222032176016],[-9.541832181763434,51.606523317090996],[-9.541509332600222,51.60811207544469],[-9.53707965147874,51.61029957818759],[-9.534518664643828,51.60990258550097],[-9.53432760713017,51.608349947297796],[-9.534393925962553,51.609596073146996],[-9.532500324377251,51.611165769793196],[-9.535612989957563,51.61033761885365],[-9.540355213305121,51.61344046957476],[-9.543892481588077,51.61376223213503],[-9.543878408012933,51.61471946351221],[-9.53737504995463,51.617927620874504],[-9.523665220820591,51.61960726818467],[-9.525037817332183,51.62020230330602],[-9.53136732229821,51.619157033364985],[-9.535244512527862,51.62018108110842],[-9.544607158498994,51.6164171553338],[-9.54880327266767,51.61749367434196],[-9.552269054025343,51.61613555039653],[-9.553511228089024,51.61252862359878],[-9.555693434480467,51.61093905411846],[-9.562188562276488,51.60884758387645],[-9.563043079097483,51.60922168668769],[-9.559878799549498,51.61096985996651],[-9.566660783762533,51.61305097295297],[-9.571939404156307,51.61281209229412],[-9.579551353695653,51.609923875567794],[-9.58214317070589,51.61153136324982],[-9.584984071298459,51.61145515963893],[-9.598027472480025,51.60781339558673],[-9.599701930080625,51.60698391498918],[-9.598250366679112,51.606747068348234],[-9.59905284505741,51.60613823288727],[-9.601530404398478,51.60692469059222],[-9.60473327281088,51.60596628892082],[-9.605431941570243,51.60444307624976],[-9.603479423358442,51.60452940962752],[-9.606251895098113,51.603009856099746],[-9.604055759961767,51.601474609433495],[-9.605340555888679,51.60050109414862],[-9.60807380167182,51.599857588828925],[-9.607543459989024,51.60127937659835],[-9.608845869902737,51.60188429550731],[-9.616063354471514,51.601037126573516],[-9.616926573058835,51.60054804443716],[-9.616325142051585,51.59924894339063],[-9.618680377387939,51.599258325094844],[-9.621552899413178,51.59768795485843],[-9.61548228645236,51.59810498366518],[-9.620895303778262,51.59598894918511],[-9.623960096644465,51.59552676382138],[-9.621726741972232,51.597178457253555],[-9.624592178653039,51.598824764749196],[-9.628277653072503,51.598348551852474],[-9.632309426597738,51.59930483233126],[-9.631119710920801,51.59989004437588],[-9.634128194219567,51.59996397280804],[-9.639218942692803,51.597159475225446],[-9.6351343792079,51.59689283480353],[-9.638946376545158,51.59355776533204],[-9.637727445867576,51.593449140440484],[-9.640380028619557,51.592104478494115],[-9.63864606583665,51.592295538280844],[-9.643241849985776,51.590309299209544],[-9.644591125747253,51.58850284456736],[-9.647712005721115,51.588319885425314],[-9.646653632138422,51.589286641478594],[-9.650654469039825,51.58803086494267],[-9.653452157033168,51.58409416625138],[-9.65694761714739,51.58250511792644],[-9.661867183359233,51.58099041965011],[-9.658466562097631,51.583857243262685],[-9.66027834088341,51.58470292651478],[-9.665118899324936,51.58350691654245],[-9.664572556955116,51.5846628420535],[-9.66865450377911,51.58414445719248],[-9.67270832000256,51.582378909096725],[-9.675912797874552,51.58301294921879],[-9.680399531547588,51.5797267687982],[-9.680643660977754,51.57804902466568],[-9.683124670563261,51.576911173134185],[-9.68915713431527,51.5798684067464],[-9.6918369155044,51.57984555175235],[-9.695227002217727,51.577441287933084],[-9.695759400422924,51.57526128654447],[-9.696882348218667,51.57474484637858],[-9.696113247013464,51.57331612420271],[-9.698084473205235,51.57248074886049],[-9.711930681147907,51.570313062472806],[-9.711989705935142,51.57122357327586],[-9.71441290338524,51.57216237185446],[-9.71945682417018,51.56967832200944],[-9.725596941447916,51.56970126286461],[-9.726657109864673,51.56697505457438],[-9.731142728148155,51.564833175999496],[-9.730234755355452,51.5645228368711],[-9.731367679874472,51.56383573230416],[-9.728882792504816,51.56414264120861],[-9.730690865103105,51.56335239601307],[-9.729810558939391,51.56261057425299],[-9.730888973419676,51.562038484928124],[-9.729625221982971,51.562152692294205],[-9.730709786584487,51.56175988497161],[-9.729352506129532,51.56144694206113],[-9.731050091158322,51.56062856908389],[-9.727684563503065,51.56100389782016],[-9.729965068934737,51.559736155662655],[-9.735344532635223,51.55943247479958],[-9.734743153581766,51.56030307155918],[-9.736379665747505,51.560760847833215],[-9.732833502806944,51.562700356606534],[-9.733713164457443,51.56271135688351],[-9.732632841761662,51.56314698740314],[-9.733157458443937,51.56357713407202],[-9.736578485258292,51.562435288256815],[-9.735862347537703,51.562799674640516],[-9.737847853363848,51.562507198733734],[-9.735621549346098,51.56369383552123],[-9.743666608848343,51.56253044175297],[-9.74341447255476,51.563198836420185],[-9.74522928634249,51.56117530360791],[-9.750956836675469,51.560077027610106],[-9.750312731298141,51.55954160129829],[-9.751195672069432,51.558848708345344],[-9.756846613217844,51.55736957979128],[-9.75800569679022,51.5579732975109],[-9.755495245970096,51.55918491980152],[-9.756012935528352,51.55989883078921],[-9.759970752923776,51.55958684332878],[-9.760191678630457,51.55881320378608],[-9.760500468096817,51.55959923239789],[-9.76053882493449,51.55873368741269],[-9.764128467728193,51.556949483173014],[-9.763264894635247,51.556540805479884],[-9.764057426300377,51.55556201215157],[-9.76956820159239,51.55357626707173],[-9.768845437752317,51.553184917057386],[-9.774926308436589,51.55011813980169],[-9.776467160092329,51.5498617426806],[-9.775228916641419,51.55044859733216],[-9.77671077931827,51.55077020841791],[-9.786590413607508,51.54958333161296],[-9.788598360643478,51.550771939464084],[-9.792012578776355,51.54991031448449],[-9.792726743925417,51.55117036818365],[-9.805350381807914,51.54423168519637],[-9.811756839694057,51.544106469982665],[-9.816283466104599,51.541827551420724],[-9.823175195589796,51.54360887491557],[-9.826191517588601,51.541917633879265],[-9.828729539662119,51.54234517879495],[-9.832632749281442,51.54091439062285],[-9.832930971786121,51.54169368605693],[-9.83875618001756,51.53986029218822],[-9.837982547334386,51.54021391205736],[-9.839774399059024,51.54093730253659],[-9.842530771098943,51.54011021628573],[-9.843427585505436,51.54023119336496],[-9.842375189490149,51.54043433063298],[-9.84339757469451,51.54088207286956],[-9.84235819820832,51.54113983975883],[-9.843015988714384,51.541928629747794],[-9.851363371669636,51.540931710517214],[-9.848789518348362,51.54360889505082],[-9.836299835307084,51.548380557790786],[-9.837580131284966,51.54855695629369],[-9.828812797801351,51.553174818283715],[-9.820235801367762,51.55500856194659],[-9.812044915997689,51.5581672478819],[-9.813922985553065,51.55827194288085],[-9.811926474148507,51.55860964736016],[-9.80956158251683,51.56045913564509],[-9.810850879925432,51.56059520317594],[-9.807253893528893,51.56218338851454],[-9.808267389217415,51.561954441251174],[-9.80666383609596,51.563702575429694],[-9.805923681795674,51.56309063027413],[-9.793145451977255,51.567564225072864],[-9.791183887901443,51.56712271889168],[-9.79135342066101,51.56814207866457],[-9.786685433884152,51.56975184193342],[-9.786242281804359,51.57059172425786],[-9.787421006890142,51.570805416846724],[-9.785609197710256,51.57167552513271],[-9.789371879708197,51.57185435880499],[-9.787207930683232,51.5732186279529],[-9.79067131535508,51.57293263223042],[-9.788001954103835,51.57439689878532],[-9.79206202534603,51.574125971034256],[-9.78475646354908,51.57610758014068],[-9.785821705571237,51.576885037241674],[-9.783719342285584,51.578061224925925],[-9.785471664416798,51.57794266242593],[-9.784566428599744,51.57974462242117],[-9.778451190426274,51.581695961404684],[-9.773169975740952,51.582052383221914],[-9.772272898797887,51.583135412376556],[-9.76955507664327,51.582672596468456],[-9.765658646263423,51.586036258593154],[-9.75647127592873,51.59046373844342],[-9.754832430531366,51.59033331346066],[-9.749035563805426,51.594010154661],[-9.745094600671045,51.59457685355646],[-9.745026381475185,51.593841757513516],[-9.741487652172308,51.593589967266354],[-9.74197299952436,51.595326831417026],[-9.73709840638417,51.59703238911774],[-9.72709563642508,51.59991837427199],[-9.719410133847207,51.60098392162176],[-9.718474351556193,51.60023861237512],[-9.719438661569805,51.6018273443826],[-9.715417847503007,51.60451890039934],[-9.716576869164792,51.604873415123095],[-9.703748311665462,51.60921593573748],[-9.698527176159416,51.61205832162656],[-9.701929055689975,51.61198938999785],[-9.69955123482108,51.61338839237028],[-9.69114962555045,51.613658626504275],[-9.684200754762841,51.615689475117534],[-9.682807454001845,51.61669376070657],[-9.683153257131348,51.61767760863755],[-9.68218475764982,51.61703710428496],[-9.679524884826966,51.61948088457745],[-9.674558573237166,51.6208377504889],[-9.672202239370753,51.622920298022],[-9.666200562319204,51.62505456822362],[-9.664101254578025,51.62469318277314],[-9.659622067110398,51.626904909142986],[-9.650125533998114,51.62877896695896],[-9.642898395395022,51.62819112945595],[-9.634614277084255,51.62967297078541],[-9.626363448426591,51.632805438564205],[-9.61044337260585,51.63670012926713],[-9.609455062011328,51.63730293671902],[-9.611998020128764,51.636850122296615],[-9.600225154151254,51.64180004614497],[-9.596766875673339,51.642569458863925],[-9.596273710024438,51.64179248699153],[-9.588502140149675,51.64491912576425],[-9.581034977990473,51.645614399691624],[-9.57353989815293,51.64915563035167],[-9.568965773270975,51.6499506652154],[-9.57274294671775,51.65002317308926],[-9.569666951637823,51.650787486792524],[-9.57050506979612,51.652108164066846],[-9.574113938489761,51.65205688975811],[-9.567523012730838,51.65410604247386],[-9.568729788344443,51.65403906807571],[-9.568970937945684,51.65414687608142],[-9.564618222941244,51.65487584735163],[-9.56534104371029,51.65464239157625],[-9.564443626166433,51.65333937030071],[-9.562689163759083,51.65278669869518],[-9.539411849280512,51.65793204343786],[-9.52976876330643,51.65866905195385],[-9.52415819100901,51.66023358860088],[-9.522320095562423,51.65967980057442],[-9.519206112755912,51.661788025019405],[-9.509079126065714,51.66339901292938],[-9.508323885698815,51.664416275998164],[-9.509186271390345,51.66673331912423],[-9.507565364005881,51.669636461572125],[-9.503297887061631,51.67122830158538],[-9.49738401940549,51.671050996007104],[-9.493302753765924,51.67232142951246],[-9.491617730860925,51.67547558906852],[-9.486891153827276,51.678367816080396],[-9.484704262280598,51.67885307270831],[-9.48035117458019,51.677529199757174],[-9.472677473616399,51.67818139002645],[-9.471519284988018,51.67717069630078],[-9.463093845465272,51.67869759846562],[-9.461636993397807,51.679503832282364],[-9.462127775193165,51.68012176553358],[-9.46199316880181,51.68068932587288],[-9.461427242625033,51.679787600248346],[-9.455139204879293,51.68064571292521],[-9.455933520815874,51.68156154772698],[-9.460875773729734,51.68171664357859],[-9.459170409432366,51.685492547060164],[-9.455134853031117,51.68679833601592],[-9.456381997788409,51.6882485306902],[-9.459072810635552,51.68771965369008],[-9.459423188242965,51.6893728651372],[-9.45645920949365,51.69008939872068],[-9.452719768401925,51.68935331468341],[-9.448617095081191,51.690465313119745],[-9.439657428765779,51.695045296903295],[-9.444197887021117,51.69476113116967],[-9.444542719072674,51.69374941442077],[-9.447289407945487,51.69328531918184],[-9.447661728622155,51.694316248285595],[-9.451823446963473,51.695812999856045],[-9.450856156103782,51.69676922765938],[-9.452668112058554,51.69817270143395],[-9.458210241934863,51.69595424453674],[-9.460126349134455,51.69799621901773],[-9.453391755491865,51.704055408225614],[-9.45343999944761,51.707329491593946],[-9.456015830290326,51.70836550170511],[-9.451232511937937,51.711101210354656],[-9.451882825102683,51.71192400350339],[-9.449659766232106,51.713658197132126],[-9.449913852268333,51.715082570273886],[-9.44452436557,51.71862469463012],[-9.445386722730515,51.719154140461875],[-9.438137400819121,51.7205884820538],[-9.438385677399728,51.721868145209925],[-9.439900068427864,51.721968929655986],[-9.438788190575709,51.72322129167942],[-9.446376499055335,51.72096755599575],[-9.445687074517418,51.720534628672745],[-9.446605142877637,51.71870967976315],[-9.45037373236512,51.71944750287696],[-9.458591371093908,51.71635062326634],[-9.457287358029587,51.71725192467022],[-9.458218495452924,51.71900490065585],[-9.459796999232898,51.71845802951826],[-9.45858185832825,51.72020292200461],[-9.454249280640122,51.72154043980686],[-9.449247602105332,51.72627618889639],[-9.449851808707717,51.72762116448036],[-9.453466630567473,51.72731975627301],[-9.456480943099615,51.72883679494509],[-9.463045167460136,51.726029603399255],[-9.464907318949116,51.72371276992637],[-9.469640706604862,51.72095926451566],[-9.473635258554639,51.7204150711072],[-9.475503624048255,51.717970245601855],[-9.482875461502202,51.71524648404491],[-9.486382225935927,51.71472884846],[-9.48637994680022,51.715633930461784],[-9.489852085050934,51.714034362466826],[-9.491137564833204,51.71502507322631],[-9.491863472101553,51.714477052377035],[-9.490951378764803,51.716133257171855],[-9.492375927655452,51.71637564081299],[-9.490607101552401,51.718067885312706],[-9.492010388733984,51.71900761016107],[-9.496393783248408,51.718593164907794],[-9.497343906853013,51.717109160379735],[-9.501831297461607,51.71642441651891],[-9.503383247830644,51.71804261404767],[-9.505848488795477,51.71822961014526],[-9.50426131681167,51.719609771766414],[-9.506052038673994,51.72074403078925],[-9.504617534252333,51.72165745867445],[-9.505076840477503,51.723062791643244],[-9.503105653733067,51.72401787478648],[-9.505269210386455,51.72450245089864],[-9.504512866941875,51.72508982575211],[-9.507613193068456,51.72567433168079],[-9.509625165285268,51.724669733716446],[-9.509222001645432,51.72684610020837],[-9.5145302143923,51.72640067764252],[-9.512800096270738,51.72782859096484],[-9.515225701852634,51.728795886414645],[-9.522377930450642,51.726743817614945],[-9.52341714833797,51.72781053053769],[-9.522457941542426,51.72844222200239],[-9.524662798614264,51.729765945565916],[-9.53047066431161,51.72910535909367],[-9.532118030542504,51.72997812063246],[-9.528657241907966,51.73263987523364],[-9.528211643182475,51.734191965332414],[-9.526315140027323,51.73465533425067],[-9.529544566307184,51.73674146579004],[-9.528039346453088,51.73782589421629],[-9.529149256232843,51.738075414640306],[-9.527183335252317,51.740477565698924],[-9.528594869881383,51.74109726802586],[-9.527181173007284,51.74183360055988],[-9.528656760871822,51.74165066790189],[-9.527126817184852,51.74349405352048],[-9.530807721133826,51.74637876319714],[-9.534386381846844,51.745334114989994],[-9.53044513401045,51.74902008855878],[-9.536328072153198,51.749455510340916],[-9.535687651276486,51.75030256899326],[-9.538037145942832,51.74972446125248],[-9.538438099649852,51.75253835167135],[-9.542994221591655,51.75003129216315],[-9.541925958001663,51.74924976883112],[-9.545750546113046,51.749691103799115],[-9.547660630341829,51.74891837162596],[-9.545519879046138,51.748493425370114],[-9.548584130742091,51.74730646565161],[-9.548546292611814,51.7489454875562],[-9.550109363552767,51.74920585732541],[-9.548742533676243,51.74810929156964],[-9.554303962015133,51.746916142650875],[-9.549034168505624,51.74584896024155],[-9.550914040500631,51.74413065649249],[-9.549399528366788,51.74434104668337],[-9.547925727660093,51.74271613793864],[-9.546164031422176,51.742565147525205],[-9.546428493136704,51.74090563010557],[-9.544978500602838,51.74014663411311],[-9.547024209154744,51.73851100508886],[-9.548085992092632,51.73950143594208],[-9.555782066798004,51.73889549713658],[-9.555881720469417,51.73805409290827],[-9.55359967618533,51.73871411063448],[-9.55225820773863,51.73810263693543],[-9.556092859821295,51.734650689880084],[-9.5585194768644,51.73446857235195],[-9.559174739897651,51.73309757288027],[-9.553625899522007,51.73462383798196],[-9.554825474805085,51.73339699644913],[-9.55044996766194,51.73374776791604],[-9.551575526264575,51.73271599789158],[-9.550228521176976,51.73262041167992],[-9.551197527326227,51.732055681301674],[-9.550628951868482,51.73160648630907],[-9.553387664695979,51.73123970324777],[-9.554201458497046,51.72972202857201],[-9.549494587329196,51.72853226228463],[-9.550677335351535,51.727455100103555],[-9.54837606326886,51.72687780492252],[-9.550356372459323,51.725931574377014],[-9.548818939938798,51.7260449626135],[-9.549670020924209,51.7253105894291],[-9.543161230646184,51.72394830313426],[-9.544859028157749,51.7228447893222],[-9.542908953416429,51.721681016249406],[-9.546978397474682,51.71934990720614],[-9.549879011645714,51.71904799584914],[-9.550462837104593,51.71768207475645],[-9.548479762802305,51.71675786890259],[-9.550098107264114,51.714982462363096],[-9.549244907445441,51.71455099545055],[-9.549756677609249,51.71278866084979],[-9.556171603701902,51.713762895985475],[-9.560028543636538,51.71291391654922],[-9.561820613868875,51.70977991994519],[-9.56385279635755,51.709619074470694],[-9.564485739730655,51.70820715036876],[-9.57415646584766,51.7049224114266],[-9.572884556634817,51.706229436882104],[-9.573248750932397,51.707154399815884],[-9.575073124686952,51.70685554424039],[-9.57737576488976,51.70835595126037],[-9.576775372565075,51.708933910270865],[-9.580643934424444,51.70995761871418],[-9.582052073150706,51.7090464021555],[-9.581622965390405,51.707921354437],[-9.582534095909967,51.70722778658093],[-9.581444918250048,51.70630821757964],[-9.58391751570326,51.70327841638214],[-9.584115891005178,51.70123265726406],[-9.589678593905841,51.698283750547205],[-9.595079963438625,51.69789519381701],[-9.598182822159721,51.69504507331227],[-9.596392393155186,51.693331874131474],[-9.60893412217994,51.68875037004577],[-9.614464137642111,51.6885003983479],[-9.622968329955796,51.681152064933286],[-9.634648332254544,51.67990862320039],[-9.638477200288245,51.6780898207051],[-9.637594049539901,51.67704389699046],[-9.64522960525265,51.67529521021349],[-9.644256121935515,51.67481174169042],[-9.648010494254846,51.674935434517415],[-9.647978268884783,51.6741592835184],[-9.650759108701951,51.67343280778778],[-9.650348271134396,51.67532787484042],[-9.653162018400822,51.67419892186339],[-9.656962757220457,51.674666122656475],[-9.6686558256712,51.67276415947086],[-9.672817191140012,51.67040081461949],[-9.675398262132957,51.6702452829663],[-9.672403034118865,51.67218994373618],[-9.673397102499013,51.67256773569037],[-9.66838590268776,51.67492402638684],[-9.67299495083114,51.67553312003618],[-9.672255155450854,51.6760924912732],[-9.673769501127094,51.676504298220955],[-9.668221931096907,51.67931380121594],[-9.668372596036905,51.68163034391694],[-9.66517900316673,51.6836867447945],[-9.665745520830608,51.68499569718203],[-9.664174503804029,51.685283650934416],[-9.665209977205834,51.685643898199196],[-9.667566227433532,51.68399376042549],[-9.66653441693759,51.683104571097765],[-9.6707793235857,51.68292358171855],[-9.675315515015868,51.67860280995727],[-9.678640100062186,51.67756634262646],[-9.682318488723114,51.67861643835484],[-9.684316979516478,51.677230435943684],[-9.687718529453699,51.678292694243915],[-9.69101940322948,51.67734556177076],[-9.698726569882707,51.67749828870994],[-9.699409532590508,51.6788557554238],[-9.702431074648159,51.67820275039573],[-9.703077434973556,51.67914689932736],[-9.703706435821102,51.67777281908779],[-9.70548609137564,51.677600057559346],[-9.70562207392422,51.676332504945805],[-9.707030924882364,51.6759709928854],[-9.70953577108423,51.67694673106944],[-9.718347360303374,51.67633074106999],[-9.717557970537667,51.677295191174096],[-9.7202165887764,51.6779055020664],[-9.716802837671173,51.67840497718177],[-9.716905807222533,51.68035939684671],[-9.71433202007564,51.68155839356171],[-9.716880885739945,51.68242483801148],[-9.715588507185984,51.68323001525177],[-9.716869538482124,51.68313184694742],[-9.715960672205746,51.68442271011258],[-9.719741288727725,51.686448004599676],[-9.719354173773352,51.688172563864086],[-9.725084770745424,51.68831526947457],[-9.723229943506032,51.68891998796971],[-9.722292306571152,51.69112128405236],[-9.725206488160723,51.691513253732694],[-9.725602107044221,51.692472722551],[-9.721536181812356,51.6943149940905],[-9.726769947603522,51.69232010046404],[-9.730269548127996,51.68985207620405],[-9.73228788055736,51.68941380045455],[-9.735780604497975,51.68546263272691],[-9.737669351566275,51.68541738695346],[-9.730087374227889,51.68470931687367],[-9.733557734279373,51.68229865339107],[-9.729114164947012,51.6825990897122],[-9.727918548101705,51.681709680376194],[-9.727399450259849,51.68062310279859],[-9.728526967272948,51.67985388938919],[-9.72739779142222,51.67896843262763],[-9.728255825447432,51.67811913354545],[-9.72434558850278,51.67497174619539],[-9.725633223114679,51.67404088897779],[-9.723931665824937,51.67334980255052],[-9.726178731928673,51.67225025092321],[-9.725248491117755,51.67179507079006],[-9.72562650375236,51.67081785858477],[-9.727631322826015,51.6694355821695],[-9.731164644145727,51.66945726756287],[-9.730654504740183,51.66897297450987],[-9.732147365964542,51.66826078553594],[-9.73124998378092,51.66791941854206],[-9.731701183175279,51.66681979830005],[-9.734679015285362,51.66720530110288],[-9.734590082909566,51.66798034093645],[-9.737284692640486,51.667038369226475],[-9.738097683960559,51.66758182188182],[-9.736806140268516,51.668418045845094],[-9.738527073385919,51.66831778826177],[-9.737758865465858,51.67063088244456],[-9.741901090766236,51.67032861230862],[-9.742756765574585,51.66982944346244],[-9.740016947809648,51.669953126915146],[-9.74247985163515,51.66872936440351],[-9.744855454286679,51.6684288080621],[-9.74353712885859,51.66926118906625],[-9.744968281046633,51.671024426603886],[-9.746525725953942,51.67103630881646],[-9.74912386423633,51.668205518367785],[-9.754508296608575,51.667130810153644],[-9.754296369346907,51.66631232024822],[-9.757058793563413,51.66572465806305],[-9.756317952269026,51.66528626294489],[-9.764775462159308,51.662697190899415],[-9.762374931515359,51.66261042638438],[-9.764766418446111,51.66166797989548],[-9.7736060872204,51.662218363901154],[-9.78017831623429,51.65889577734577],[-9.785663731913278,51.660701981666264],[-9.789434532789185,51.65978082116371],[-9.794052896589982,51.660629275518],[-9.791567774864609,51.65917203506809],[-9.800452966742482,51.658248231740394],[-9.80067769286169,51.65580616812396],[-9.806143784905847,51.65626039291686],[-9.812498999868598,51.654560766801055],[-9.820202629137498,51.657819483973206],[-9.820565863286104,51.659471700237404],[-9.823719063036553,51.65845188559233],[-9.838660203165114,51.65876982167467],[-9.843231451017248,51.657445572298286],[-9.842198272799454,51.65583479014335],[-9.848148975345868,51.653632151849635],[-9.852679375554775,51.65352956166467],[-9.853938455944283,51.6544485832466],[-9.85282892228114,51.65480229223667],[-9.855072132023157,51.655907183331074],[-9.855929701870656,51.65560961779675],[-9.854996131508024,51.65502341324431],[-9.85699208428455,51.6549405969093],[-9.855048271315457,51.65428836372922],[-9.859836667965125,51.654004593811194],[-9.859365040092818,51.6533983655785],[-9.860763485910143,51.65254067761518],[-9.863578573092413,51.65388521090249],[-9.861150351119216,51.655518256139615],[-9.862856304318633,51.654990667498645],[-9.863821410649273,51.65633449587025],[-9.86711922554676,51.65694838297799],[-9.866638717865237,51.6561454035098],[-9.870427183225047,51.65530781014573],[-9.868013496022396,51.65361579736278],[-9.87417008702456,51.653189181563086],[-9.875342707857666,51.65110755930024],[-9.877577066524573,51.6515920901225],[-9.880194422598924,51.64944680982779],[-9.88128935187372,51.65032199403321],[-9.883012225137305,51.64941606089687],[-9.884053811622229,51.65010633769863],[-9.88350030097367,51.65057137670506],[-9.88646074168411,51.65044193127642],[-9.885239479529844,51.65109118950468],[-9.887665652879878,51.65057185377507],[-9.896772798574824,51.652275858254654],[-9.90271338844245,51.65099235457576],[-9.90310325733746,51.652229182072595],[-9.904741456088619,51.65257362396494],[-9.903318887441705,51.654623223496706],[-9.904064159159622,51.65483560880117],[-9.90848965527919,51.65206144094165],[-9.907804233748873,51.651522865174115],[-9.908801197341294,51.65054170156591],[-9.9147647207217,51.64919588577734],[-9.909038070620392,51.64861672513489],[-9.910414444881049,51.64518428314508],[-9.913685509934817,51.64366464567959],[-9.913796397828236,51.64216673522037],[-9.915889705204984,51.64175680706285],[-9.915278369670657,51.640066941242516],[-9.913759400449555,51.64028964373808],[-9.915649630297697,51.63921592086954],[-9.914544776261183,51.63881353194462],[-9.915688318826323,51.63768169416614],[-9.920436147654843,51.636961858356756],[-9.919385094040594,51.63770731266198],[-9.92212295317357,51.63831627330131],[-9.917477954690762,51.63947949998719],[-9.9222236935779,51.63929203804805],[-9.92068566331783,51.6401619060329],[-9.922382361292959,51.64056245895586],[-9.92615456881289,51.63987810946757],[-9.92657921326799,51.63712698177565],[-9.928987407048156,51.63649622284686],[-9.93731106259368,51.6363344949254],[-9.938302382479586,51.63723060710553],[-9.939649778260417,51.63642837044316],[-9.93331114131649,51.635053136979344],[-9.926510378341726,51.63635585513303],[-9.925437321964546,51.63572006153616],[-9.926580922643968,51.63422754174651],[-9.929689607127951,51.63413507711758],[-9.922982313917608,51.63336876878729],[-9.924736018905842,51.63134663430509],[-9.923798059323833,51.63083114515851],[-9.925869827254022,51.62895101969649],[-9.929668655901576,51.62765390807957],[-9.928270406627453,51.62494976790848],[-9.924296950814998,51.62400745949357],[-9.924640854617236,51.6226299092415],[-9.927028490458039,51.62198677285863],[-9.925139235430187,51.62118464121071],[-9.927201064892879,51.62050068572956],[-9.92937477801988,51.62149850301002],[-9.931294278815056,51.62025306911419],[-9.931249755866888,51.61859096594551],[-9.933969556848195,51.61560612045434],[-9.936660270886588,51.61446695803154],[-9.93822902384272,51.61500998678161],[-9.93742645878976,51.615712576288686],[-9.939156266736491,51.61571160134846],[-9.938567909548219,51.61663920395185],[-9.940135063268032,51.61685293001512],[-9.941873454966071,51.6158490352066],[-9.945520054654445,51.616506996286525],[-9.953785354505449,51.61489358351142],[-9.953785682374876,51.61564562852621],[-9.956189804639797,51.61513067217468],[-9.955116190940439,51.61601131565047],[-9.955951750712087,51.61650809614882],[-9.964890237547921,51.61498728536062],[-9.965859220184448,51.6159811189447],[-9.96507890823578,51.617291321766935],[-9.966553806403919,51.618250155213886],[-9.9653127603735,51.61932451782608],[-9.96686209619154,51.61975693199616],[-9.965129967572265,51.620557264373694],[-9.965959545336966,51.62147413242302],[-9.969159497083071,51.61988975606184],[-9.968081817433227,51.61775642880622],[-9.969458083252972,51.6165253593065],[-9.973889763588552,51.616328688945536],[-9.97343307079455,51.61576173166887],[-9.979586852290643,51.61162112098628],[-9.982626586716583,51.61126030918775],[-9.981800871578308,51.61222618384353],[-9.982976164679677,51.612282699425286],[-9.984513187292944,51.611405271840795],[-9.984937995794864,51.61243610341256],[-9.991464668749085,51.60604510672457],[-9.999898436969259,51.604172594859804],[-10.00212094513064,51.60124336050699],[-10.00642755248629,51.5986388631302],[-10.011431904673696,51.59693535713853],[-10.012217627704862,51.59856275428533],[-10.022077747808785,51.59438957075833],[-10.028324687806384,51.59558875055524],[-10.035469667135935,51.591729841635335],[-10.03489550393051,51.59120759303028],[-10.038320797471123,51.588974796719214],[-10.041831667242157,51.58908414107768],[-10.041944804575154,51.59008257273921],[-10.043505170075724,51.58990980935244],[-10.042919474788809,51.590539391999265],[-10.04808777109927,51.591520624852194],[-10.045295670615081,51.592649153007514],[-10.046997974385016,51.59271100482527],[-10.044713160430202,51.59423265099158],[-10.040476683523279,51.59441305608497],[-10.042488116964003,51.593476534443305],[-10.037290383040373,51.594713224470496],[-10.034592954705303,51.59755496178461],[-10.053640317397404,51.59317541150643],[-10.050792608491617,51.596678563722115],[-10.052363578091903,51.596863453777765],[-10.044715704000094,51.59891418803904],[-10.041965680448174,51.60090224670874],[-10.04237649757129,51.6021655825405],[-10.044323530184842,51.60231394287702],[-10.045502995079186,51.6037293344576],[-10.05225221080037,51.601972085152156],[-10.0518974459686,51.60341650100292],[-10.053590781540397,51.602330484570885],[-10.055210130280193,51.602536293989736],[-10.054756327902707,51.60327964321916],[-10.05650253752718,51.60291317199306],[-10.056282306969488,51.60394153636176],[-10.057296376115998,51.60239400421706],[-10.061669245952872,51.60122866579827],[-10.063325645633048,51.601733910068106],[-10.062409262773276,51.602491302624315],[-10.063929783047152,51.60263843571709],[-10.062479978566898,51.6037196216566],[-10.068119675191108,51.60332496794932],[-10.066795977846203,51.60423503670345],[-10.069690175451052,51.6036801308832],[-10.068788437315124,51.60412904340015],[-10.070368584496395,51.603832661725974],[-10.069805803967961,51.604317337293615],[-10.070899352652214,51.60415020634623],[-10.071141621395942,51.60515748184731],[-10.071346834054632,51.60424386114474],[-10.073491530559206,51.60448687074656],[-10.0745637993023,51.60281695052751],[-10.076938512500492,51.60345240237433],[-10.083001509507241,51.599131779146916],[-10.084333622347186,51.599118626225795],[-10.083646574827895,51.6003624082661],[-10.08563469704266,51.59947409943351],[-10.087419005151764,51.599826771277506],[-10.087042619023372,51.600664284180766],[-10.090632576813382,51.59990139569948],[-10.089911065473398,51.6006163249909],[-10.091431053527154,51.60032864113726],[-10.090893567844127,51.60095241882677],[-10.091859226385854,51.60143780293314],[-10.096579588017535,51.599935001638585],[-10.097243565648647,51.600813367978326],[-10.097963004826923,51.599327139708045],[-10.100224735144609,51.59961993992887],[-10.10002003382236,51.60057424578427],[-10.101561140847009,51.59956253970019],[-10.10248002329156,51.60031702832118],[-10.105895854289368,51.59751182799946],[-10.10872948742906,51.597807271673794],[-10.107911940537932,51.598091438700614],[-10.10962580157632,51.59905851187518],[-10.108866378504327,51.60007739047273],[-10.11074652253904,51.59953590984082],[-10.109120460226029,51.601156488906824],[-10.109715829339478,51.601482975111516],[-10.116067554067202,51.60124402714114],[-10.116768262869357,51.602217215223526],[-10.118469989826469,51.60055602500829],[-10.12060182759543,51.60105494597012],[-10.12086140593671,51.60242584998542],[-10.121979685552382,51.601444558498436],[-10.121753533812374,51.59966464501717],[-10.125088764988304,51.596797864986975],[-10.130000245615328,51.5951768327048],[-10.135395136905817,51.595893164929834],[-10.137803629394773,51.593783233543135],[-10.141714625423324,51.5948288226099],[-10.142062520237788,51.593135754049655],[-10.144716109764818,51.59223452487993],[-10.148429864050977,51.58797505550034],[-10.151570751046505,51.58692367390962],[-10.150797546111864,51.58639530319471],[-10.153072016602126,51.584100651555666],[-10.156151957206703,51.583368573296376],[-10.158365519787548,51.58142658428749],[-10.161401388769763,51.58174298792559],[-10.162033385401891,51.58332836500925],[-10.160906549085952,51.58379894819403],[-10.162185920778276,51.5840967814169],[-10.160775205615499,51.58602376222329],[-10.1582608360108,51.58666964693871],[-10.154947419135747,51.59053097253109],[-10.155704861682068,51.5913488212629],[-10.152637407844828,51.592455347148004],[-10.152686470351776,51.593570353156494],[-10.150956427751408,51.59363234462849],[-10.149806873894793,51.59617900542825],[-10.147373518674195,51.59669696830972],[-10.145583165182815,51.59560349337518],[-10.14500864062924,51.59694020217004],[-10.14287498064617,51.59686669150742],[-10.144883321439417,51.60260509774371],[-10.142606170286628,51.60426745650298],[-10.142457235771,51.60574397480056],[-10.140828078389264,51.605775505991836],[-10.14413254579466,51.60741618518825],[-10.14923666528182,51.60724093276055],[-10.148345260245344,51.60828790562002],[-10.150326648498247,51.607872894949246],[-10.155920998670506,51.60958559252843],[-10.15671859844038,51.61033214431174],[-10.155554214545013,51.611419982096216],[-10.158149142799617,51.61211643164724],[-10.157241015995167,51.61280388671258],[-10.158624507435814,51.61346432730496],[-10.15275157913226,51.61573066444109],[-10.14727296016558,51.61514895871428],[-10.145289040002869,51.61919764094509],[-10.142708806561549,51.62092373957053],[-10.136200987191332,51.62061794556305],[-10.13344890937239,51.61903134964984],[-10.134913676047102,51.617744544574556],[-10.1345007743286,51.617077218125395],[-10.13176369980382,51.61658500891859],[-10.132425031945393,51.614664188517516],[-10.130205239239203,51.61497425906892],[-10.130767197544415,51.61343195626574],[-10.126583747983132,51.61265957510893],[-10.121428375265944,51.614869817753785],[-10.120145749140088,51.61481520650376],[-10.11916528852166,51.61322077012017],[-10.116189724062968,51.61611161935601],[-10.115932632444888,51.615377970379235],[-10.114214970083616,51.616678856121624],[-10.108518615168483,51.61729700470481],[-10.104373123167369,51.61919434388642],[-10.10094312676431,51.619287632662484],[-10.100042872050576,51.61779782454224],[-10.096293073520576,51.61870884277826],[-10.091790934186097,51.62109744181838],[-10.091699321443866,51.62243778817071],[-10.088767380414495,51.62335566001189],[-10.090158213692105,51.62345912778762],[-10.086700972075889,51.62474681881781],[-10.085082099110926,51.623610888186334],[-10.08599894205438,51.622760931289086],[-10.083735612748207,51.62288253130334],[-10.084103197773299,51.6217999982952],[-10.081345093967617,51.62127013428803],[-10.08231039573012,51.619983412936904],[-10.081146181713116,51.62069245273838],[-10.081406836671723,51.619915240769],[-10.079491793207426,51.62059799928989],[-10.07945500035364,51.61982052333259],[-10.078062455259767,51.62053127593555],[-10.078511663072852,51.62000118296861],[-10.076454447042842,51.619848824935836],[-10.069784732975169,51.623359193752925],[-10.065833175909841,51.62290778171507],[-10.062167005442271,51.62495068133156],[-10.062068062610965,51.625981219910585],[-10.063195633482696,51.62614880142055],[-10.061607031699753,51.628871894979866],[-10.05895312249655,51.62946764236396],[-10.058905509569538,51.63228879833295],[-10.060759411968778,51.63345927949921],[-10.067745389974265,51.632997743690424],[-10.066542081889335,51.63420201843621],[-10.069225228612586,51.63458199558973],[-10.068427753571468,51.63560920680785],[-10.064494219206129,51.63607245446594],[-10.06554127869781,51.63626315284376],[-10.063693713269721,51.63662085874961],[-10.065060011963151,51.63673962275603],[-10.058512173600537,51.64092070809561],[-10.060300178127772,51.640645992659095],[-10.060432786758886,51.642180545282685],[-10.062211512726925,51.64236857982958],[-10.061682953698387,51.643270279280834],[-10.062774238774159,51.64254090155687],[-10.061427672417393,51.64505170728337],[-10.058957262672493,51.64647235432898],[-10.059443931195384,51.647788485008924],[-10.055843702375203,51.64848389797665],[-10.057237595279053,51.64885322441399],[-10.055583895577739,51.64982081011239],[-10.056551196354443,51.6515641233831],[-10.057335366643196,51.65134985178235],[-10.056765664418105,51.65188445010958],[-10.057666687459127,51.6515219288806],[-10.056739219783257,51.652251362242865],[-10.059042188333908,51.65147384199703],[-10.05821516790192,51.65277140113149],[-10.058979895365683,51.653437519496386],[-10.057689958734985,51.654050303900554],[-10.064683886936173,51.65324034796163],[-10.067950313743943,51.65423263669551],[-10.06969968540283,51.651676114315386],[-10.07173085610798,51.65108997402233],[-10.07295277935792,51.653095241431735],[-10.075452219547469,51.65292477677142],[-10.073341177144536,51.654423381971284],[-10.077318065519865,51.653100354795235],[-10.07823033695637,51.654169802321405],[-10.078303752534772,51.656076283978905],[-10.07419446049423,51.657410537777444],[-10.07479466652053,51.65829972830127],[-10.078850307591793,51.65838948729109],[-10.081442369916601,51.65688659021615],[-10.081147768578704,51.658390303065396],[-10.083214149578364,51.65796839580847],[-10.08402721023726,51.660542131528224],[-10.087758995122995,51.65919812712761],[-10.0898015558113,51.659140873689296],[-10.089636235939825,51.66013863890288],[-10.092825096736403,51.65943057396409],[-10.097024630602382,51.66023395691223],[-10.100276982554492,51.6591361930806],[-10.100257146986122,51.66005668472325],[-10.09790499189939,51.6612070734078],[-10.099375861648209,51.6609991919488],[-10.098278983223592,51.662294194061964],[-10.100802927908028,51.66187966772711],[-10.101215184647224,51.66367365057076],[-10.106033292867885,51.66402851376997],[-10.104162445560993,51.664645180396164],[-10.104968937523907,51.6656310950253],[-10.102025968640714,51.667360055366615],[-10.097621076645144,51.66825115194487],[-10.096124629865342,51.66750760230541],[-10.096069724278921,51.66913967091763],[-10.094824281041607,51.66979770582465],[-10.097018106604093,51.67087225220445],[-10.093202228336315,51.67358956372988],[-10.087259909015307,51.67482152488428],[-10.086226982874885,51.674586384980266],[-10.086696592873611,51.67383003710627],[-10.083481663734062,51.67357546019029],[-10.082441222923999,51.67215486910824],[-10.079076310229205,51.67260201451666],[-10.077288694603483,51.671287697814],[-10.075814485115387,51.67170575296235],[-10.077404866177607,51.671816327085004],[-10.076060142705131,51.67284197891423],[-10.07658142204188,51.673456401642014],[-10.072654971106196,51.675292593508715],[-10.073613651388365,51.67583657831055],[-10.07215018191249,51.676903983846074],[-10.070198169194054,51.67516064965545],[-10.070603403404313,51.67308069478547],[-10.067862205001305,51.6733420047125],[-10.060286793158472,51.67104373995631],[-10.055977558348484,51.66897231252088],[-10.056198955840967,51.66804429593457],[-10.050264842570712,51.66952145955893],[-10.048872898957786,51.67093020703847],[-10.045428542571747,51.6710873783883],[-10.039186930223613,51.674340258010275],[-10.039877264819149,51.675048303705424],[-10.038619742641151,51.675716140485655],[-10.039866208870368,51.675525628075555],[-10.039494051558675,51.676114875738605],[-10.035027955227237,51.67761405719721],[-10.030314719802977,51.67840999966309],[-10.027715471008053,51.675594183981836],[-10.022765264932994,51.67538021578213],[-10.021445296780808,51.67366692838732],[-10.01681400185157,51.673181911490225],[-10.017178973749647,51.67242163154332],[-10.010698474192033,51.67293424795531],[-10.005456148234176,51.67642842747483],[-10.00334684317331,51.67543466932594],[-9.998870224277276,51.67572147799007],[-9.999735971729724,51.677587824482536],[-10.00241912060202,51.67736846161057],[-10.003764599427582,51.678347770496664],[-10.000785656116925,51.680662073626664],[-10.00144977629284,51.681099699479276],[-9.998106334922147,51.68431172695402],[-9.998976865442483,51.68415928147291],[-9.998582045188583,51.68492631141123],[-9.997358039555525,51.68441404949276],[-9.997715717323798,51.68513482043184],[-9.993406896148327,51.68593231592835],[-9.986409596012173,51.682660497302685],[-9.981780759188991,51.68241629019178],[-9.978782426115197,51.684238227813154],[-9.972556265672466,51.684998523698205],[-9.97124862432906,51.68791569893747],[-9.968520009498695,51.68800421073868],[-9.96863738686112,51.686933673314066],[-9.96840166410873,51.68666811986732],[-9.967780586185713,51.68670014212337],[-9.968590390189156,51.6884111090957],[-9.974680155098074,51.68875611908632],[-9.973291678859724,51.69025021752016],[-9.970493761626898,51.69020640914448],[-9.966303686181405,51.69300353852596],[-9.968262354310705,51.69480379226775],[-9.970446726202079,51.694465310349585],[-9.972012614479414,51.69538583582064],[-9.968711435896507,51.69621317730312],[-9.968203893807475,51.69723722539825],[-9.969115639281924,51.69726637428821],[-9.963271006415448,51.70034879749823],[-9.963852511595256,51.70118173426153],[-9.96286478803788,51.70142004522167],[-9.964077526378297,51.70164586353236],[-9.9629637142781,51.7016583705387],[-9.963949916693323,51.702017252804545],[-9.96310922091364,51.70265276874915],[-9.965336899256004,51.70336434552694],[-9.964245421818932,51.7033649736638],[-9.963929748249667,51.70467992141385],[-9.957765347924166,51.70843037510975],[-9.953463950483314,51.708095120474766],[-9.9529783917512,51.70958459105756],[-9.948677080636077,51.710790224946955],[-9.94802206189435,51.71201691938367],[-9.951666055900201,51.711691502305804],[-9.950372101489046,51.71241203425025],[-9.951216731722077,51.71296583675054],[-9.945421611725742,51.713895839454366],[-9.944795869460112,51.714941318198036],[-9.94898270396143,51.71480214778133],[-9.94842851644212,51.715665450740424],[-9.951704903088066,51.71470429074725],[-9.949601499104382,51.71659515508738],[-9.955217618483777,51.715350675353754],[-9.957894144530432,51.7160116781812],[-9.95795763413959,51.71699149784823],[-9.958342663502027,51.7152463089967],[-9.960857888866425,51.713145555118984],[-9.970027918821305,51.71411574017522],[-9.972467668296286,51.71241054519409],[-9.980037121844493,51.7117735898439],[-9.984001839194567,51.71038113095958],[-9.983395020060707,51.7116442652863],[-9.98415736768788,51.711553162071176],[-9.9828140339142,51.71244757276729],[-9.983930637703073,51.71286650094736],[-9.981928069391357,51.714270098629726],[-9.983751185202195,51.714049664900806],[-9.982919962801855,51.71497253953884],[-9.985774765689984,51.71410108123335],[-9.986227076782182,51.715499916037444],[-9.99300000192323,51.714531349402236],[-9.994423899232999,51.71564859278234],[-9.999989594439496,51.71422758127092],[-10.00673473190634,51.71582470863863],[-10.004724703487815,51.71683960072933],[-10.005715323641917,51.7174048190307],[-10.002616928494886,51.72008844823192],[-9.999689371774975,51.72027267869979],[-10.000089224186622,51.7211404664216],[-9.996221878668056,51.723354482204215],[-9.989370039377855,51.72541342069465],[-9.991675579041962,51.7252875762862],[-9.989530280543326,51.72644356278276],[-9.99142951979489,51.72602743567307],[-9.980684311829071,51.729697136892646],[-9.981989991885278,51.72997306552984],[-9.981093401647522,51.730700706104976],[-9.98282670673695,51.73067449347809],[-9.981199855315166,51.73120437371347],[-9.983221468479698,51.73095299514707],[-9.979449152910204,51.73261317487004],[-9.981288930849818,51.732433501317814],[-9.981798248168205,51.73245198141046],[-9.981857350927022,51.73261807541696],[-9.974098677624008,51.73479528778554],[-9.974990906459235,51.73478013010535],[-9.974320246671162,51.73576916026692],[-9.972954746322637,51.735555088884574],[-9.973835497062106,51.73479244538608],[-9.96668955369747,51.73378589815493],[-9.957944805066905,51.73702927168302],[-9.959528639381384,51.73749823905396],[-9.954625613697688,51.73970479637509],[-9.952796994423904,51.73974736877822],[-9.955629492513308,51.73853840902293],[-9.955953808153568,51.73801799266159],[-9.950936056993612,51.740602551429966],[-9.94761921018669,51.741230272938104],[-9.947018673254313,51.74001202257965],[-9.942541618970138,51.74177077653659],[-9.943073536157376,51.741109741275125],[-9.941908252763707,51.74135120932329],[-9.943878404513931,51.74054589819013],[-9.943432417381084,51.73983404772226],[-9.939813420331246,51.740387986451715],[-9.940288315909633,51.73941593219092],[-9.939370099821435,51.73872446021803],[-9.93056379465435,51.739877310999276],[-9.923489368743008,51.743197469393806],[-9.925830375632756,51.74326378025239],[-9.924474449272202,51.74378342679635],[-9.925766668897845,51.74367380481204],[-9.925077028726148,51.744332138450275],[-9.92946223739436,51.743301256197384],[-9.925427036265686,51.74492847362167],[-9.93103711279448,51.743339270026475],[-9.93018302888447,51.74423846071848],[-9.91857578653686,51.74663131630643],[-9.917754295599963,51.747321751039856],[-9.918995922563768,51.747342296096136],[-9.916807665627308,51.74896246229543],[-9.914240486361212,51.748966121828396],[-9.915513994268293,51.747688985075406],[-9.906115979950867,51.75003385395114],[-9.90745851742323,51.75007607991978],[-9.903623671500137,51.751907820350766],[-9.906923182554417,51.751592884249376],[-9.901756596304622,51.75360413037102],[-9.902559439302435,51.7547688640971],[-9.892528059688367,51.75836649333227],[-9.886820043451745,51.76300773867019],[-9.881425775463757,51.763661155783026],[-9.881197632279171,51.76216334496994],[-9.882872836717931,51.760539761880516],[-9.88215596446153,51.760046709285376],[-9.878713951234571,51.758767440204196],[-9.871364697312783,51.75823139683134],[-9.870098035094728,51.75711754900281],[-9.872046140232088,51.75616841378374],[-9.871429147084624,51.757518019572444],[-9.877845731379072,51.75851281718552],[-9.881559378009396,51.75559614803114],[-9.879727933254452,51.7555008602496],[-9.882754665214778,51.750910453089936],[-9.881973168856545,51.750347598958605],[-9.885507156809991,51.74692054925389],[-9.883006460327485,51.74718978334126],[-9.887477503355573,51.74561205592987],[-9.889737134673004,51.74338508072347],[-9.889597994634594,51.742081095978016],[-9.893390051477926,51.741246621328166],[-9.894099111460164,51.74030560884246],[-9.895454111427236,51.7401684264174],[-9.897134599569153,51.739216412210276],[-9.898068181153663,51.73832659139332],[-9.889133673305388,51.74161949152666],[-9.88159423905619,51.740815836197655],[-9.877731711555011,51.74361789745869],[-9.878442773028485,51.745165007223555],[-9.875738088593268,51.7469743622661],[-9.869491094368056,51.74837541130878],[-9.866196985996213,51.74768533336067],[-9.860795679790332,51.74920275474273],[-9.86010835316457,51.75072728147069],[-9.856114633079834,51.75119457433959],[-9.857353231493805,51.74989451801007],[-9.854386804870735,51.749864529082025],[-9.85413157415238,51.74705831814391],[-9.850878887448312,51.74471926097047],[-9.850942903863743,51.74348605546582],[-9.848007687417267,51.740733454502895],[-9.840399042860705,51.7355546767987],[-9.833374633028496,51.73302134149497],[-9.839890666715275,51.726136851011915],[-9.843089192484687,51.72488701549235],[-9.84418401156645,51.72369632419052],[-9.843546014573487,51.72286252698916],[-9.837466847307592,51.71918882520827],[-9.831780364709418,51.71830111459553],[-9.825441227215883,51.718766045165],[-9.823846720041445,51.717436415650404],[-9.823650228355422,51.70861859620114],[-9.825036311555845,51.70623684166511],[-9.827302554590679,51.70564123100053],[-9.826720559082029,51.700444149974246],[-9.833675769024689,51.694281743997536],[-9.821569260563782,51.68832083637736],[-9.818900402495414,51.69013156752767],[-9.809083375985603,51.69224226807563],[-9.798838799806271,51.69271390155997],[-9.791370970137976,51.68880923850563],[-9.791039725771059,51.6938279508402],[-9.787894086723927,51.697111283144345],[-9.781616931026345,51.701298066546734],[-9.777366684204882,51.70226800191117],[-9.775279709506385,51.70460416180854],[-9.771068125732766,51.70559534430021],[-9.765961752658816,51.70993291025084],[-9.76093174649135,51.71156610000019],[-9.76243064792912,51.71672044844191],[-9.758747395446772,51.720863896165895],[-9.748798257302484,51.72611880227293],[-9.730720665558902,51.73260274440963],[-9.727912589625957,51.73735053491867],[-9.723720383826741,51.739753345376535],[-9.716213537365835,51.73949503368632],[-9.70726268952572,51.7439090414903],[-9.698089946227588,51.744236086014894],[-9.691597459461796,51.742343678840406],[-9.685687554737719,51.74513034240807],[-9.668582316191848,51.74725522577104],[-9.664398102600549,51.749820229232185],[-9.663330699471231,51.753748786770295],[-9.659631522664185,51.75838191705579],[-9.657011109730583,51.76412040343262],[-9.65044833219401,51.764978383259326],[-9.646546369924913,51.76909744189158],[-9.640650058870543,51.771853752429266],[-9.622885349747069,51.78551325020958],[-9.615110402762985,51.78720037065055],[-9.599323984113088,51.787800377587246],[-9.593767996652248,51.78596056384115],[-9.581156214946173,51.78410797973272],[-9.566467300832834,51.789539943718],[-9.56065308002764,51.78951313598387],[-9.554986000059575,51.78772590450601],[-9.539792710656739,51.79037207672387],[-9.535846142257668,51.78758008509738],[-9.524293476438375,51.786998294887674],[-9.496900031489327,51.79003712831608],[-9.481024871473698,51.78959186342915],[-9.471462863697992,51.793376773520514],[-9.461322295957252,51.794901418386175],[-9.463596988901022,51.79802188918994],[-9.460766747393892,51.79928656687746],[-9.451774302663754,51.799250058865766],[-9.443416105831453,51.80252941022473],[-9.446094629686744,51.80732347030992],[-9.440982542550309,51.81392630581263],[-9.438171487344745,51.82343748608705],[-9.434553492357443,51.82631354590837],[-9.428603204643865,51.82484086978237],[-9.412402944056808,51.82594140398967],[-9.407825176056797,51.825190568983466],[-9.399403776348105,51.82828491276482],[-9.388276505828724,51.83640407179344],[-9.383056170136838,51.83681599348549],[-9.370121576361333,51.83538827170915],[-9.356907344552898,51.83628201112251],[-9.349095390122468,51.843638329766236],[-9.343494419495022,51.84313637117693],[-9.329804813987225,51.8463743744426],[-9.325795396750879,51.8492491162164],[-9.325055478526123,51.8516696628801],[-9.327001818491963,51.85724257837496],[-9.324363429298083,51.85706609633065],[-9.305534789959562,51.865449806733984],[-9.307500744106054,51.867893687223365],[-9.29997794603425,51.87214253650731],[-9.301515600353499,51.87909830454184],[-9.29478059671338,51.88180001076494],[-9.290675709144883,51.882199908786816],[-9.285144441754113,51.88502751056352],[-9.279033081875596,51.89416959073472],[-9.273853326285337,51.895724042044165],[-9.276461590637204,51.89843492935125],[-9.282753890445239,51.90198584562054],[-9.289042219110502,51.90277458412338],[-9.290656018405745,51.90693802652933],[-9.287582366981306,51.90850331851654],[-9.287728526935906,51.9124885157917],[-9.285659257432638,51.91317856698628],[-9.285802620172117,51.91429527749705],[-9.293969779093043,51.917283931374264],[-9.301668238659294,51.92385308326624],[-9.30279416512858,51.92826676017626],[-9.301487776518153,51.932965237662984],[-9.305068905592876,51.93855878984825],[-9.304603560046985,51.94115324007391],[-9.307456740493045,51.94204921599004],[-9.303309148528017,51.94620721480109],[-9.29090144821491,51.949500995178944],[-9.281232964439573,51.95534383555958],[-9.26208169469528,51.959750941569304],[-9.260434871410501,51.96515686202567],[-9.255328207144473,51.969669145686474],[-9.23712903348454,51.970363269865096],[-9.23376986191054,51.972153216130344],[-9.212898087042333,51.975295787491646],[-9.203141270650464,51.97811410437012],[-9.19419538548608,51.982632186700606],[-9.183952398623077,51.98365353478819],[-9.176611707003643,51.98252895427975],[-9.165118815062753,51.98306279559594],[-9.156274853647412,51.98608354127084],[-9.143914583361468,51.983045792437544],[-9.13789613671811,51.982600025329056],[-9.133261736272136,51.98426616381186],[-9.12932240512623,51.98715620557685],[-9.126821029043393,51.99181422650983],[-9.124187893093199,51.99185051868177],[-9.118783600849978,51.99816582106451],[-9.125369898352993,52.00775434895037],[-9.136342625499237,52.00483122478493],[-9.150873687387161,52.00650314410605],[-9.154669255859854,52.00582328205398],[-9.15480558192856,52.00685669870616],[-9.156263495780342,52.005830602076315],[-9.158582024672844,52.00732232003216],[-9.159170892465493,52.00607499852888],[-9.160719397776152,52.0064901895565],[-9.160379999882382,52.00513216741077],[-9.161993412590256,52.00450279701851],[-9.162136362160657,52.0066498215841],[-9.178961666808299,52.014488552905874],[-9.182866000009746,52.023827770826344],[-9.182373235432697,52.02795275892231],[-9.18463908487164,52.02652011659615],[-9.192589760206344,52.02478758293323],[-9.211577862323002,52.023277671101],[-9.214832282911424,52.034187774139895],[-9.217917275850626,52.04065305931416],[-9.217767571716006,52.04564974114646],[-9.221341300632295,52.04899946484339],[-9.220273993363968,52.051962605013344],[-9.221450631781815,52.05258473287495],[-9.2198620874377,52.05295434589329],[-9.220940851875884,52.05499834640584],[-9.218924551850511,52.05744115930607],[-9.219716884103171,52.05816249455802],[-9.218103381177649,52.058918623812275],[-9.218384977041064,52.06070947205801],[-9.216881109815732,52.061097099259975],[-9.217691515192074,52.06215464375729],[-9.213474061241628,52.063731149769595],[-9.213330303300273,52.06538717770291],[-9.210739745186512,52.06578224983382],[-9.20986261289478,52.06831095888629],[-9.210780277196548,52.069882646695866],[-9.209552178675194,52.069991011898956],[-9.209851805076354,52.07119485684939],[-9.208104972283627,52.072388871606286],[-9.206077032930608,52.07191004942187],[-9.205976716320146,52.07332630587201],[-9.204023500544723,52.07236254416916],[-9.200807531166653,52.07270747376035],[-9.198135431473121,52.0741049775235],[-9.195170674776442,52.07359924271474],[-9.193924715450034,52.07579156151775],[-9.191798933398472,52.07497817365253],[-9.191223422617743,52.07692060063136],[-9.188665485324668,52.079182764768966],[-9.186325891489547,52.07899470961414],[-9.18444331540176,52.082864309992445],[-9.187500429208557,52.08467719697202],[-9.191623293352306,52.084270648861434],[-9.191489867123295,52.082516337311134],[-9.1887744061466,52.08217308991118],[-9.188238918196452,52.081020313635946],[-9.18929448846453,52.08090158876625],[-9.192897700189297,52.082290794391824],[-9.19324406480832,52.08332280515774],[-9.195593833687214,52.08318966560946],[-9.198026230217325,52.08557805436999],[-9.205114634712082,52.08764127431668],[-9.202308479521193,52.088580153996816],[-9.202034307744311,52.08967812882764],[-9.206822710970389,52.092784572363115],[-9.208387093593807,52.09534437395282],[-9.207858855243533,52.09702442621527],[-9.21146144069822,52.098817980472724],[-9.209477892995645,52.10064823012964],[-9.210992552266855,52.10198848502033],[-9.209201865525367,52.10284694431338],[-9.210571502210872,52.104149462457286],[-9.208231202786036,52.105324605785235],[-9.210401462738602,52.10595875183631],[-9.209558303088386,52.10840529633587],[-9.2124626547461,52.10875310366611],[-9.210499674079161,52.110247862451985],[-9.217823723119475,52.11151541095362],[-9.216501443805315,52.11190032929285],[-9.219809606154824,52.11358467905232],[-9.221669351200742,52.1183872223257],[-9.222406249141626,52.11685544866498],[-9.224169515424276,52.118385417682624],[-9.223826909186888,52.11924382088199],[-9.226624333385947,52.11954936002381],[-9.226077265209407,52.12065378535955],[-9.227707304677066,52.12173431852437],[-9.22669097850484,52.122920175296045],[-9.229207115554503,52.12413129433893],[-9.226513189662224,52.125316548262305],[-9.227371985762314,52.12540514583388],[-9.225745033757661,52.12786670747491],[-9.227250941280055,52.12834376462983],[-9.22805691692896,52.13066160341837],[-9.226291040152677,52.130812186378115],[-9.231657403937707,52.13235614310714],[-9.23145490699393,52.13389351116114],[-9.228958737562403,52.13411984255464],[-9.230440050578851,52.13571627243825],[-9.23215809710708,52.13554688192027],[-9.231136987528254,52.13608613466789],[-9.231611563093125,52.13722180195171],[-9.23309856385378,52.137057076124826],[-9.233156353804592,52.13616568789047],[-9.234593982495797,52.136872251198675],[-9.233897945112004,52.13829626495769],[-9.236566969718771,52.14010531234677],[-9.236403733497523,52.14121997753876],[-9.234643024177881,52.14076904916444],[-9.236243781406053,52.14179454108269],[-9.23439830611012,52.143519830140484],[-9.240052892414695,52.146594447481114],[-9.239715075059358,52.14792056370581],[-9.238203159125376,52.14816537668754],[-9.237170229885226,52.14911357274287],[-9.23838439415541,52.1485997409902],[-9.239159159863302,52.149613098635164],[-9.23706701180578,52.15093788532601],[-9.23851840679761,52.15226468694161],[-9.236717849572887,52.15194489281773],[-9.236178417030604,52.15293361371052],[-9.238351067051573,52.15318164095679],[-9.238030729575753,52.154211568623055],[-9.235448229052674,52.15477269143957],[-9.236156715630234,52.15559141666928],[-9.233859610511963,52.157978286214316],[-9.235148430036144,52.16080104897041],[-9.232782606705157,52.16172572214972],[-9.231084320541068,52.16390654121232],[-9.232195419692609,52.16525225173129],[-9.231091450051418,52.16466591375192],[-9.230670145692981,52.16618637213398],[-9.234311322904626,52.16755172619246],[-9.233933414195336,52.16837450965958],[-9.235249562188176,52.16967061890317],[-9.232553703722797,52.17327993047772],[-9.233502673476915,52.17407751357266],[-9.231515951587172,52.176919763914434],[-9.242764968489627,52.1801946696631],[-9.242777825841907,52.181212950570576],[-9.245630836801574,52.18231848769974],[-9.244757681593478,52.18296713435465],[-9.246184723141894,52.18327473692165],[-9.245323151573754,52.18434099444443],[-9.247806890839401,52.185441810122704],[-9.248178846277508,52.187421814688456],[-9.249288309119352,52.18758146006292],[-9.247133329551616,52.189225150752236],[-9.248617116812685,52.18911871947727],[-9.246492418635446,52.19239179450669],[-9.244632480525636,52.19349141174317],[-9.246286521629386,52.19385847384515],[-9.246624150025065,52.19494065057675],[-9.248010925059702,52.19469888650197],[-9.249059415194518,52.19721515224644],[-9.247995153102298,52.19776172127239],[-9.248311280745963,52.19903618353068],[-9.25180100464106,52.201531497242314],[-9.251608439160615,52.20605444220244],[-9.256705986337135,52.21119224222031],[-9.261786162821606,52.21207939658025],[-9.26465493945151,52.21386901690892],[-9.262849085148085,52.2166815770368],[-9.265042146816324,52.21890495410215],[-9.265609587314946,52.221293122106],[-9.269929523322462,52.22607113907081],[-9.276051748351307,52.22963619390863],[-9.273664034085211,52.23146335432533],[-9.273611644352636,52.23576711863496],[-9.270273466964534,52.24936438065828],[-9.273713075764206,52.25455359849128],[-9.247623712235395,52.26458246982123],[-9.245712070499641,52.26697428720097],[-9.250029793209261,52.27514855364799],[-9.248231476035311,52.27864001928495],[-9.223579147215414,52.28224089066066],[-9.216280106360044,52.2818721143753],[-9.213929985997858,52.28317953053428],[-9.210890514096205,52.28997071551595],[-9.216858347816462,52.29536054006235],[-9.217490848152693,52.29822232317629],[-9.215286069980904,52.2990390690281],[-9.214148478440926,52.304090880245035],[-9.21168272418799,52.30461642412903],[-9.209425593585674,52.30672762660655],[-9.204429068123984,52.30775863134399],[-9.193341047240061,52.308058351257884],[-9.174676829244177,52.311915968962495],[-9.173520121771416,52.313877427461826],[-9.17524201962725,52.31921107328344],[-9.161230185323676,52.320299613011464],[-9.158689801185012,52.32178461666343],[-9.158459378263869,52.32663112771178],[-9.156108512064915,52.32851462611715],[-9.150609305092898,52.331361995297854],[-9.139371924359686,52.333674309264914],[-9.137983889153062,52.33610191247051],[-9.137664844069565,52.34212910860876],[-9.136026223150683,52.34442762503738],[-9.132985743085024,52.34238540072661],[-9.119606633980636,52.33777839363944],[-9.112542603526853,52.333426329499446],[-9.102324916063662,52.331926815470545],[-9.096727518727683,52.33251047804235],[-9.075064827427708,52.33108184505819],[-9.070624580410033,52.33180575376019],[-9.065688770715113,52.32694912029857],[-9.058203684942287,52.324274927833834],[-9.051307830343378,52.32350795934042],[-9.04578602020605,52.320788734690666],[-9.033521466463224,52.32242306521418],[-9.022248064151658,52.317784996974694],[-9.020837110837478,52.31473513662756],[-9.017615132175559,52.31247486954208],[-9.012942409775176,52.31157665990836],[-9.00522359102912,52.30764729017794],[-9.004750781040773,52.30640721937439],[-8.995042139772597,52.299629913967614],[-8.993459667123007,52.29496483781328],[-8.988273289937784,52.29341816760941],[-8.9879332605665,52.29243084396702],[-8.983083692353576,52.29267100052809],[-8.98285205624338,52.29191604818654],[-8.977153940914413,52.29334263722976],[-8.974828844982525,52.29284465138069],[-8.978478644472583,52.29644692839508],[-8.979107352348604,52.29913079624699],[-8.985003870932916,52.303695402185255],[-8.98586807084303,52.307375830092134],[-8.984998239355562,52.3091416012259],[-8.986403704523543,52.31072459145432],[-8.965134821672297,52.316797084992736],[-8.96127656110155,52.31918765032574],[-8.919856073910006,52.324745216705814],[-8.909789941892377,52.32470963078912],[-8.896244612350685,52.330858710693086],[-8.882724931407264,52.33197075346646]]]}}]}