{"type":"FeatureCollection","features":[{"type":"Feature","properties":{"name":"County Donegal","source":"Tailte \u00c9ireann Counties National Statutory Boundaries 2019 (CC BY 4.0)","simplify_tolerance_m":75},"geometry":{"type":"Polygon","coordinates":[[[-8.08145451489733,55.15957230840753],[-8.081805065006703,55.160729994568754],[-8.080798391935542,55.16126700507129],[-8.068359045878251,55.16288000133871],[-8.065886432394691,55.16484364715646],[-8.067020325943076,55.16532753817996],[-8.062635011182365,55.16562857633057],[-8.063286301586645,55.16608856348594],[-8.05937363692162,55.169930188243924],[-8.051572263401635,55.173816542414635],[-8.0479759229045,55.17450366542242],[-8.046736111548343,55.17340738428702],[-8.046915488909717,55.17151579322476],[-8.045702509625704,55.171211734710624],[-8.044401181539648,55.171586865205704],[-8.042326965733933,55.174849545753524],[-8.039939979888702,55.17513677567204],[-8.03714414753441,55.170753932563144],[-8.024231871423043,55.1737076344714],[-8.018021535473078,55.1791707248394],[-8.015661513025545,55.18414410578197],[-8.016064416046266,55.185689303614645],[-8.023767026108493,55.18686209694209],[-8.023065828012257,55.188282628187146],[-8.024129021257105,55.18799575575808],[-8.024196818005194,55.19057404448379],[-8.020337747535226,55.191168476231134],[-8.021841680136362,55.191842612176046],[-8.021105246064659,55.19300439353337],[-8.013082615671367,55.19626673919694],[-8.015386237335813,55.19774938549316],[-8.019624114662406,55.19753387647234],[-8.018715663607898,55.19789688908102],[-8.024532735843751,55.19895344508536],[-8.021503420243025,55.20136511921525],[-8.022356406928763,55.20132725043765],[-8.022037904398797,55.20310624978923],[-8.019489458544228,55.204826409930575],[-8.018940707112272,55.20719387973462],[-8.021184579358872,55.20772745593611],[-8.01615857281091,55.21143177228748],[-8.018188056292686,55.21187755767362],[-8.01680161077233,55.2139913534812],[-8.01272356632552,55.21525144825026],[-8.006553300956359,55.21483270045352],[-8.003706066684465,55.216384117843056],[-8.002820642031256,55.214274624173804],[-8.001312702203295,55.21471539295473],[-7.996560014677814,55.21768906934895],[-7.991783666733015,55.21848384602812],[-7.996285715283599,55.21908011752163],[-7.99388671611318,55.22243798716885],[-7.986129314914258,55.223484180846675],[-7.985025308171881,55.22566339801453],[-7.982435939012502,55.226785994487585],[-7.981231928922431,55.225904186740486],[-7.9814508219370355,55.22433156071315],[-7.975172659868698,55.22364790395484],[-7.975774770760268,55.21852450027901],[-7.972580341255702,55.217578434217444],[-7.973466308635899,55.216318490128465],[-7.971329850215952,55.216226063315425],[-7.970481382370155,55.21441821913516],[-7.967656035195392,55.212766903045434],[-7.962100437411703,55.21237272434303],[-7.955979421217379,55.214711466072124],[-7.9549633998862515,55.21393333042862],[-7.946125535892839,55.21405982040561],[-7.944763727182975,55.21270467440626],[-7.9449562733277945,55.21349781746169],[-7.9430906942635575,55.21447749829748],[-7.943780269814362,55.21279213492989],[-7.942227257401014,55.21225192142519],[-7.941412222933818,55.210651261245005],[-7.942135563726193,55.2102782258651],[-7.939582285482636,55.20861730404375],[-7.941665918785321,55.20795461499077],[-7.940289202721726,55.207279698428465],[-7.941369264285744,55.205147504296704],[-7.939701821316264,55.20394480200207],[-7.941390198905222,55.203643685724366],[-7.941211146287807,55.202771005593334],[-7.941978052523013,55.203614903019755],[-7.941496545536505,55.202552630419014],[-7.943808908812837,55.20156248763161],[-7.941663281684076,55.20100095954967],[-7.94522134239302,55.19720725496376],[-7.944242944411483,55.19720766518236],[-7.944806187693571,55.19652845879573],[-7.955596778101054,55.19449035219469],[-7.9594543888804035,55.19087759292032],[-7.964216027802006,55.18996575285538],[-7.9664579338717845,55.19089119263673],[-7.970415475613642,55.18974134555726],[-7.9720566178134105,55.19179517941878],[-7.97445675189667,55.191514348703585],[-7.984546646972589,55.18700228389334],[-7.984285925430002,55.18580413997504],[-7.986313794492134,55.18419673911656],[-7.9883494675845,55.185309729837904],[-7.99584730828861,55.18321052508038],[-8.003691928014012,55.172955565938906],[-8.00783137636956,55.17121152138303],[-7.994411042889304,55.16972508459297],[-7.9844137594804945,55.170383225021205],[-7.98939053091074,55.17256717817131],[-7.988870344808778,55.17374283846217],[-7.990092266471973,55.177505915167686],[-7.992838356344623,55.17851508464445],[-7.994725632000039,55.18099827269183],[-7.992787844831657,55.183078845272455],[-7.990236379843206,55.182451015427844],[-7.985958252389356,55.18349031823715],[-7.9842927643370105,55.182748597470486],[-7.982142067469028,55.18422510172767],[-7.9756305932493134,55.18497258051552],[-7.972303908995693,55.183583016476476],[-7.971276564342989,55.184384697008724],[-7.965198032682545,55.18398409104993],[-7.960504812646864,55.185568987587324],[-7.957507642891215,55.188795326634654],[-7.9457706441716045,55.181563141437145],[-7.943090143827082,55.18105699143615],[-7.942141791744153,55.18241693812216],[-7.941833809213584,55.18155479592505],[-7.9412408334042475,55.182532520038954],[-7.936358787802067,55.18228922250769],[-7.935290203763733,55.18022980131489],[-7.936265841768162,55.17858948941552],[-7.9306837393119585,55.17839302405526],[-7.926300381023534,55.18039176095983],[-7.92730972695136,55.18169852243079],[-7.929397646804511,55.18104883634944],[-7.927880442536922,55.18177100418458],[-7.928417928567256,55.18227810922998],[-7.926973164942307,55.18344737864341],[-7.927565280544454,55.184165432452915],[-7.925788050006876,55.183982820830195],[-7.926613883220615,55.18333439363677],[-7.922335476060414,55.18496501313616],[-7.91854237981404,55.18458327198838],[-7.915284091766337,55.18628965325252],[-7.918716062719881,55.186838621551935],[-7.914563845117852,55.1878416333864],[-7.91393216491694,55.191429159762855],[-7.912929597038694,55.19098360633987],[-7.914103797725053,55.189887894584906],[-7.912156333554079,55.190691812254364],[-7.9123415462999,55.189789773584074],[-7.908431784972529,55.18961484537056],[-7.907963038497222,55.18838192767779],[-7.907478597921687,55.19039697935692],[-7.905360984486529,55.19133784753679],[-7.9045371985109965,55.189675197853504],[-7.901474776674181,55.18944124063778],[-7.9040973995145425,55.18783539831123],[-7.900054930080236,55.188531157185224],[-7.8991759492677485,55.18755143778406],[-7.897296160520836,55.188504069138496],[-7.8964490718553995,55.1880712862437],[-7.897764328459087,55.18798898673179],[-7.895710664237991,55.18724150801107],[-7.89889697753922,55.18659627930175],[-7.896825769984873,55.185955051451394],[-7.897510811067954,55.18335660602079],[-7.896225071665408,55.18321973196268],[-7.896521116613919,55.18239988079586],[-7.901311396458762,55.1802556707862],[-7.902300929637311,55.17775439052998],[-7.89830087830484,55.17439956032174],[-7.898682546012549,55.173675132341614],[-7.889614334721041,55.172161932665176],[-7.88173642561053,55.17597592844937],[-7.877748044944116,55.17319447865626],[-7.881461882595015,55.17196080596992],[-7.88229579202104,55.169588752497624],[-7.884093753565812,55.168963988532376],[-7.886350371000228,55.169853472894935],[-7.894132141595533,55.164325768866675],[-7.911460318301309,55.157818430623465],[-7.9147866802929805,55.15620610388788],[-7.914051008512405,55.15596631087408],[-7.915062203773704,55.154971792926425],[-7.912095698871392,55.156487259096934],[-7.912456119653762,55.155241955661],[-7.911125389403567,55.155040869434075],[-7.903051262364224,55.156733065817455],[-7.891825686840079,55.1612424486796],[-7.890495801110957,55.16017108030664],[-7.886772707162398,55.16052687751701],[-7.8854999821243235,55.16301241950926],[-7.876514658334988,55.166201282801694],[-7.874629640315186,55.1678781206074],[-7.8720595629359265,55.16628423186542],[-7.8677042075341195,55.1670953770805],[-7.866610834341065,55.16627158314166],[-7.858637122349874,55.16897098722204],[-7.858846131696785,55.1678927655554],[-7.861361476199757,55.16659260916464],[-7.858144045904494,55.165034514967545],[-7.853424267727437,55.166106858117594],[-7.854566036934996,55.16528675417642],[-7.853277505238552,55.164659595109],[-7.857049984391028,55.16182844337681],[-7.857286839251936,55.16048140311033],[-7.864268898693965,55.15673330779892],[-7.8624716303270485,55.1548001622138],[-7.865422853963695,55.152375980953465],[-7.864050115539326,55.15102476639391],[-7.865496427454623,55.150018331152474],[-7.868677877983055,55.149707243837874],[-7.869633218694496,55.150783384918256],[-7.87253763246437,55.148803744525836],[-7.878272790297242,55.147274371565736],[-7.876655789399016,55.14979452097319],[-7.879444764000672,55.150412020691675],[-7.893693596874928,55.14641571560536],[-7.892981898595827,55.14508114991091],[-7.897498955542886,55.143164669419775],[-7.896959588881875,55.14169795118292],[-7.898429988782582,55.14007277729754],[-7.900558448943749,55.13971617783326],[-7.90231039375133,55.13617067792251],[-7.904887202529267,55.133960740176306],[-7.90757103682191,55.133485229176735],[-7.900696726748181,55.13346427062456],[-7.898407154994716,55.13542827226285],[-7.894530393389027,55.13504770382832],[-7.8926312473946405,55.138785926863456],[-7.889313570300165,55.14013581564615],[-7.8879623968964685,55.139844515998455],[-7.886364600037734,55.1367875671669],[-7.883254625042432,55.137688524231535],[-7.8827232435027845,55.13667015286318],[-7.8819525444410194,55.13700255378169],[-7.882384868363479,55.13816609020275],[-7.879731473663266,55.13902212535761],[-7.876767909777134,55.13848875342781],[-7.8761342433343815,55.13969837877241],[-7.877522083625759,55.1422604338156],[-7.8746205061942485,55.14475663852607],[-7.8737481070460635,55.14115526827265],[-7.866745108300625,55.13892077248033],[-7.864286860510028,55.13590248825722],[-7.8650210655422255,55.1353429018593],[-7.863289401089019,55.135338510234405],[-7.869453374478366,55.13085883668446],[-7.865410873245024,55.12995014712053],[-7.863407001523724,55.131278091262],[-7.860788630803879,55.13115910602182],[-7.8672061961000095,55.12810379343759],[-7.869649047318569,55.12616647660932],[-7.869593337106632,55.125927291816076],[-7.865474927906051,55.128149286784584],[-7.855738667793088,55.12865674088047],[-7.85237334893451,55.12987271997568],[-7.851628084092315,55.13085710092081],[-7.852712460612812,55.130979883353326],[-7.849911893123961,55.13350144772844],[-7.8574943027910065,55.13283807719106],[-7.858219535084135,55.134317021618834],[-7.856624944929099,55.13569460757938],[-7.859673783385275,55.13537473162823],[-7.858368954771719,55.13864339963973],[-7.859792304592742,55.140015906401175],[-7.857209630422208,55.14135203702988],[-7.857561359518889,55.14264095965763],[-7.854486018250824,55.142703379518],[-7.838362731471183,55.15068282139059],[-7.8384628828619265,55.15164229941093],[-7.839485884495832,55.150461631134284],[-7.845377188719258,55.15433698306968],[-7.849229956510599,55.1552450824345],[-7.8363695401292865,55.160039569812895],[-7.831672912296008,55.163295228919225],[-7.827038052245493,55.16968536598349],[-7.825196564698818,55.17719443966373],[-7.826548740992464,55.1826532782345],[-7.827569161872382,55.1833181174991],[-7.828489564617243,55.18242654884004],[-7.829591593841292,55.18231497368618],[-7.830479414430683,55.18313929717293],[-7.829690581326265,55.18375549261174],[-7.831707771570472,55.18426073319622],[-7.8314732343996125,55.18690378930729],[-7.832946939844433,55.18860556033341],[-7.830331479801431,55.189576742381774],[-7.83424363578257,55.19298076235697],[-7.839292593921658,55.1945421842732],[-7.843362719273205,55.192903708241516],[-7.843380446344468,55.19079508319138],[-7.842088601069079,55.18961133394879],[-7.843611164869896,55.190346799469985],[-7.845859407361959,55.18908000886759],[-7.848087484288743,55.19114834636986],[-7.849808912237873,55.189127601826705],[-7.851322160934615,55.19121267867662],[-7.8514702086013,55.193718346087515],[-7.85856096129426,55.1940776865342],[-7.86074902929757,55.19292697846833],[-7.864556557479365,55.19493565981762],[-7.863702758488603,55.19568569500396],[-7.865475963689659,55.19601491147502],[-7.864229271148586,55.1968470897295],[-7.866054511705999,55.19739885730033],[-7.8671279997490755,55.1994469728594],[-7.869623559810749,55.199599458328606],[-7.871009973906401,55.200749214968276],[-7.870147469844274,55.20085224660497],[-7.873429099412767,55.20249214090695],[-7.871528847929523,55.20306726949043],[-7.874439823562138,55.20476053308784],[-7.872289380556856,55.20715701403591],[-7.87339784692485,55.20767370645124],[-7.872248445522851,55.20887729981943],[-7.869637392059021,55.20918921641149],[-7.871818473684795,55.21183857829519],[-7.870759091544888,55.211971423205796],[-7.871650382141062,55.213338680490814],[-7.870428560600728,55.21357050943683],[-7.871415663500532,55.2141727270562],[-7.8685534994587405,55.21384282539577],[-7.868403511554355,55.215469304021575],[-7.865694242128628,55.214670330772236],[-7.8663306379712665,55.21537578996302],[-7.865176343639868,55.21539698928247],[-7.866307033415293,55.21645954691309],[-7.865113987195721,55.21682495712981],[-7.8673452354539934,55.21794908087072],[-7.866130337829376,55.21764162881647],[-7.866494214797833,55.21844632264982],[-7.869502546311519,55.219687401090155],[-7.868419027861001,55.22007785556212],[-7.870674662076676,55.220367561375696],[-7.868652347767673,55.22099596107925],[-7.867574123717776,55.222888136758876],[-7.866861551302539,55.222347370727604],[-7.868181371668402,55.22459203970268],[-7.867242457205456,55.224644513312725],[-7.867600592741826,55.22568003454252],[-7.865358448601942,55.22468757638444],[-7.866865260176511,55.226710916599174],[-7.865259217069904,55.22790859619076],[-7.865730285249933,55.22823501413356],[-7.866389895522422,55.2296530896889],[-7.866338309266991,55.229951925608],[-7.8643734441147215,55.2275219359199],[-7.860211188756724,55.22747537315217],[-7.8588001199840365,55.225963177162164],[-7.856543861880457,55.22583519924617],[-7.853475089566205,55.228728373872734],[-7.852507493132081,55.2283952631955],[-7.853962764584802,55.22711522252903],[-7.852294098084734,55.2276650726233],[-7.852114847939409,55.226054182891616],[-7.848924341976555,55.225781946082236],[-7.846747388559237,55.228410203686586],[-7.848034361511383,55.22864379192626],[-7.847652495334511,55.22989270073656],[-7.842227003301281,55.2320616156929],[-7.838640538298966,55.23031709905547],[-7.834745424569009,55.230163873525],[-7.834272978618754,55.229471914117035],[-7.8362926415323475,55.229067776398345],[-7.830424893804255,55.227121611015534],[-7.830478259366649,55.226052727429156],[-7.828127944644398,55.22441709642335],[-7.823257400976854,55.224604474994045],[-7.821493821897738,55.22597716188352],[-7.817144735216558,55.225508803874526],[-7.8137905407132155,55.23112347065999],[-7.820508454747284,55.23298200860591],[-7.8206073386647805,55.23475947196173],[-7.8192411012350265,55.23500614530685],[-7.822213859939497,55.23578779914074],[-7.822144292346798,55.23785216488514],[-7.818959624331157,55.23839165889841],[-7.8121862596777145,55.23644499825557],[-7.811599200717319,55.23725080360699],[-7.810463352955111,55.23656290159025],[-7.810356270886166,55.23745501005696],[-7.807480687709779,55.237164687621444],[-7.805970826118519,55.24056199079111],[-7.8080823135708215,55.24195365162165],[-7.805941066808865,55.24269504815902],[-7.806729253147134,55.2438125912404],[-7.803294838592436,55.24268148681342],[-7.809113876611017,55.24554046409394],[-7.803856650392923,55.24785344035938],[-7.803619054770189,55.249117093394155],[-7.806074544124841,55.25000420012621],[-7.8054718944114185,55.2511214011417],[-7.8023888890545035,55.248849646166924],[-7.798248175614518,55.25022178734551],[-7.795832301865958,55.249089943475],[-7.795745944604735,55.25059920753674],[-7.793285032981708,55.25033045658848],[-7.793166913341711,55.24735133714837],[-7.789235763077851,55.24723830397747],[-7.788490232820588,55.248764041489935],[-7.789423633151743,55.24959056589496],[-7.788299071367999,55.249892103528865],[-7.790012772309128,55.25059531968527],[-7.788756489137883,55.25216516171228],[-7.789938125005231,55.25363519205766],[-7.787439185943648,55.25745197815169],[-7.787207728748112,55.25507692841354],[-7.785994506349326,55.25383495853675],[-7.7844923946166364,55.25450964449361],[-7.78305153236134,55.25193516281362],[-7.785792723276651,55.24992461088942],[-7.785879718437147,55.24742147066533],[-7.787446580073771,55.24658494148379],[-7.788887208385525,55.24197369145524],[-7.790491338824511,55.241511303324],[-7.789632464481855,55.23936484322912],[-7.7871924811561195,55.23775833299941],[-7.788627667180825,55.231660656347024],[-7.791376604496163,55.23187705234567],[-7.79334882083616,55.22945877360666],[-7.788620571524704,55.22484917570731],[-7.794058149791336,55.22485107948697],[-7.797384264917055,55.223077861262155],[-7.796624527908528,55.22226369507519],[-7.800643906343534,55.22145509848188],[-7.806898045807268,55.217137308596755],[-7.8050611748841625,55.2164879250015],[-7.806587239402202,55.212981794071624],[-7.806369551502276,55.21616472848346],[-7.808273343966205,55.21600249846601],[-7.808838691423073,55.21392791382897],[-7.8079238915251805,55.214343440260855],[-7.807278772347322,55.213036056500634],[-7.808914679534045,55.208938848171705],[-7.807305364733109,55.20437242019582],[-7.809732474562629,55.20204585541575],[-7.813740165275341,55.20160196961352],[-7.816892862199687,55.198983870003424],[-7.816830635821399,55.19777121070975],[-7.813669894978639,55.198050943361594],[-7.810061975056852,55.19539154535685],[-7.804809256893013,55.18910842578124],[-7.80067993377189,55.186756381707426],[-7.801338257386548,55.18539833697945],[-7.804046148960178,55.18550133696537],[-7.80693648656719,55.177649045624094],[-7.800973869051299,55.17784634878553],[-7.799264359293735,55.17641359469928],[-7.7990075900367035,55.177472975039436],[-7.7965389406439325,55.17719052402882],[-7.794676673148437,55.17835958949537],[-7.796246727485122,55.18307762263429],[-7.794327310066493,55.1845751921387],[-7.788019470968508,55.179790199853436],[-7.785786957884175,55.18030607982732],[-7.787899336121487,55.18210229864347],[-7.786587597335257,55.18219845920362],[-7.786736688452849,55.183480486005905],[-7.784815944526622,55.18451916192087],[-7.7677735531062915,55.182953321808654],[-7.76540480122084,55.1850462571784],[-7.768865314800503,55.18607732280024],[-7.764551787626326,55.18847447298082],[-7.759781252536771,55.18762868873007],[-7.76056956026903,55.186093690011326],[-7.759128579361738,55.185779334785266],[-7.759508309405503,55.185198851537805],[-7.75580291981235,55.18603718050528],[-7.755183336256758,55.18331431928192],[-7.750243764781305,55.18154473901789],[-7.753346003337685,55.180140334658304],[-7.753414051985284,55.1778279013797],[-7.751279489502032,55.17582802975662],[-7.745032872085807,55.17497188944928],[-7.74266755241195,55.17314309822448],[-7.742170732960179,55.174528583129884],[-7.7431304083282,55.1743540235425],[-7.745223916368237,55.18024311881979],[-7.740856589612874,55.18135360997397],[-7.736335455942696,55.176663190448124],[-7.732085062207098,55.16962996410358],[-7.729056415875468,55.16720333438012],[-7.729216948123042,55.16597940075663],[-7.7272112112088145,55.16668858366164],[-7.722612809593171,55.16364676705959],[-7.72055236232508,55.15973754707453],[-7.7158983478607,55.15933042460847],[-7.713718743426592,55.16118385223332],[-7.714870558853156,55.16075027631343],[-7.715347623109417,55.16264831495945],[-7.720278641892159,55.16560422088403],[-7.723188301188143,55.165232022708494],[-7.727918863586429,55.16785400892851],[-7.727018673910975,55.169091236701796],[-7.729092385795769,55.17522203252319],[-7.725524801390225,55.17491965125117],[-7.719225204862065,55.16922361356795],[-7.712022498382495,55.166931406388734],[-7.707937071086275,55.16259130382243],[-7.707312864918041,55.15723531247525],[-7.6994975763874764,55.15587009092637],[-7.6998009766950855,55.15461665414382],[-7.697914658960008,55.152647065509385],[-7.694000936077669,55.15123151955609],[-7.696312866525893,55.14884854619715],[-7.695103296263229,55.145485464120085],[-7.696364878148844,55.14442237747786],[-7.696398153698888,55.14361368703823],[-7.693228341848229,55.14277283693797],[-7.692748574527776,55.14392334989569],[-7.689478836983976,55.14454712643906],[-7.688732564709024,55.14328835886597],[-7.696090585804648,55.136462368236856],[-7.695022908956098,55.13518775115347],[-7.695922583460307,55.13255397259279],[-7.697915544441185,55.12839078222754],[-7.700413279585832,55.12771611756348],[-7.699773920640982,55.125995362837784],[-7.701503280869165,55.12250920954186],[-7.703867689064127,55.12083100471256],[-7.7033757637814695,55.11920395416261],[-7.704541092035761,55.11829669258419],[-7.703132569383036,55.118037126708074],[-7.706532602322819,55.11308507800194],[-7.706400555694877,55.11585482181157],[-7.707747576553852,55.11593639406999],[-7.708843049789362,55.11346497901234],[-7.7055326298197455,55.111402535167535],[-7.70689059812275,55.106381560337795],[-7.710417611905766,55.104879477173974],[-7.717681928406291,55.09689443331309],[-7.705873501396078,55.10297372502432],[-7.702369568268305,55.10552361183827],[-7.702204862624816,55.107042189732084],[-7.699123008177954,55.106299349973085],[-7.7013315779468865,55.10426198980032],[-7.701374703476465,55.10347783521068],[-7.699094042107793,55.105449253053315],[-7.699719871839178,55.10284931185832],[-7.697424822068266,55.103597536229984],[-7.695981282352002,55.10587631349093],[-7.6929958858638665,55.10448665109016],[-7.697256096853541,55.0992223830197],[-7.695193481598056,55.09883731922413],[-7.686406685583658,55.10646358324713],[-7.686665042725197,55.108070960776104],[-7.691947770313033,55.11093344201427],[-7.691983621336404,55.11236063845586],[-7.688447604581026,55.1142374309403],[-7.6894515352296375,55.11603352416119],[-7.688730086481566,55.11759112716503],[-7.679577026927229,55.12696837084519],[-7.679322496119723,55.128531643926976],[-7.680259443852761,55.12918066081361],[-7.677613650969808,55.130446631590424],[-7.678990237968623,55.13046584382687],[-7.680573967525888,55.13227963991955],[-7.6836371312562015,55.13261704741532],[-7.67545568105018,55.135477545913986],[-7.674208554177215,55.13665778257786],[-7.674519976247783,55.14026265295273],[-7.669595434320715,55.14258119466422],[-7.6691863664358095,55.14169219529049],[-7.668261641464189,55.14442330326804],[-7.66912794427852,55.14914254739451],[-7.668367424614832,55.15040240302138],[-7.669190027630447,55.151437811247526],[-7.664570969712786,55.158720082473295],[-7.665919043959164,55.160238871410336],[-7.673290139307577,55.16125280066578],[-7.674884628212497,55.16331601995967],[-7.680155614749835,55.16515051062329],[-7.681835287564368,55.169233742704684],[-7.679488557379635,55.1740437955733],[-7.680607908243528,55.17977203168806],[-7.683435449349459,55.18232567638612],[-7.685607374481968,55.17973329997258],[-7.687193154854329,55.18064576341512],[-7.687386050551427,55.182115151230896],[-7.689031782790314,55.18182432568753],[-7.690130435040386,55.18088129920594],[-7.689414583298995,55.17833261272407],[-7.691619688037575,55.17727895939015],[-7.6944911584758895,55.17871705002251],[-7.697372145643767,55.178489241726176],[-7.697869584953566,55.18096124356597],[-7.701494827713634,55.18008681514933],[-7.701444418628556,55.18349077547684],[-7.697186638442711,55.18431891905596],[-7.695891592945265,55.18710779241455],[-7.693444153632761,55.18668491503165],[-7.693320278371979,55.19075104512757],[-7.695103739278521,55.19301918507435],[-7.696586275839512,55.19239478724061],[-7.698267252529086,55.188915511429926],[-7.703498776537074,55.18847052366666],[-7.712102425599869,55.191074793543024],[-7.714122014706499,55.196102733136364],[-7.715572155571305,55.19623646565984],[-7.715503253382664,55.19546298168382],[-7.716518182133302,55.196291270250995],[-7.7132041098519215,55.19868400038035],[-7.712929712849037,55.20186494272855],[-7.7085182135533055,55.20237491784562],[-7.702588759995947,55.20077365764751],[-7.701667750707586,55.19927060890716],[-7.70280811091287,55.19792942924837],[-7.696384412038099,55.19619371191107],[-7.698132340568602,55.20008307566727],[-7.699329572690637,55.19986622516178],[-7.69982279802254,55.19845318435726],[-7.701390754925491,55.19937743600834],[-7.7006713871653245,55.20094035946395],[-7.69840227015973,55.201095982975005],[-7.6966793023578814,55.20308078341869],[-7.69858851576764,55.20454048617283],[-7.698148400833869,55.20686655274995],[-7.7005046191091955,55.20871319984758],[-7.699180065406073,55.21096665828996],[-7.705904116765898,55.21399064627483],[-7.707862081331791,55.21747365913032],[-7.703256359668345,55.215187826439006],[-7.704795829931483,55.21867386751681],[-7.703318789839508,55.22183144243126],[-7.701031080650229,55.22269769941345],[-7.701764071098459,55.22382335696284],[-7.700658782610803,55.22547869413255],[-7.7060400092726615,55.224579408043965],[-7.708856023142637,55.227934299773764],[-7.70737507682837,55.22966561408349],[-7.709373843651671,55.23024297678634],[-7.714521898703302,55.22714637164239],[-7.714184092436261,55.22381884061817],[-7.71892145132013,55.22508366331242],[-7.723274166312399,55.220428133393575],[-7.721888639314339,55.21988643727441],[-7.720739638431081,55.22178317993095],[-7.719803789739918,55.220801420529355],[-7.722942779512432,55.218431892783556],[-7.720431745232936,55.21478868573982],[-7.721349135211609,55.21008360250019],[-7.718957396600506,55.20836059460276],[-7.720226694159155,55.20569618248578],[-7.717412665410641,55.205150259869136],[-7.7145553970320995,55.207870494281956],[-7.711703021628343,55.205898283131724],[-7.716016708467934,55.20238736580289],[-7.716294620170668,55.199650127263205],[-7.718186587181723,55.19891016383121],[-7.72040646825673,55.20026732886046],[-7.722235050157821,55.199300270876336],[-7.720745556686955,55.19455532983065],[-7.715889194646358,55.18785174095139],[-7.7190135913381965,55.187563542141746],[-7.7166522708736425,55.186805059392],[-7.716487285528612,55.184803794397325],[-7.715113524968274,55.184951159678725],[-7.715722576481082,55.18646395793971],[-7.714867071255321,55.18747782303152],[-7.710197644683615,55.186669011343675],[-7.708507766993373,55.1856016315334],[-7.706183407844812,55.18086979227154],[-7.705222638753895,55.18198947668064],[-7.704259600036298,55.18117797284348],[-7.707402703494204,55.17992467309907],[-7.71066537501485,55.176155697854554],[-7.7126426373504104,55.17577384472932],[-7.709458400368932,55.17299459471764],[-7.709556031507512,55.17042151045232],[-7.708621742416835,55.16957000213972],[-7.710537903827884,55.16892250808393],[-7.712751544940485,55.169666399297],[-7.713696770991249,55.17193490307082],[-7.7163692915927,55.17317712625195],[-7.718443253552219,55.17613075176414],[-7.739222498649252,55.18349812467825],[-7.745258939313775,55.1866430168231],[-7.7473059815303875,55.189037340575],[-7.7483431377424745,55.193328779925764],[-7.742925789350959,55.19019333855497],[-7.738054443890454,55.18954526732155],[-7.734009973125442,55.19319744769563],[-7.735284772977188,55.19419606441298],[-7.7350941482843325,55.195934612027806],[-7.745809113305806,55.199290784362965],[-7.75227204888149,55.196643855518374],[-7.752450229963252,55.195576114777005],[-7.750195447720458,55.19440615265855],[-7.75198416283659,55.19286355235326],[-7.757334486579798,55.193440685633306],[-7.762444780438799,55.19035819939876],[-7.770896271738835,55.19121795451662],[-7.777994557006912,55.198774106418824],[-7.779951653660961,55.20426922508941],[-7.783478308553989,55.205345521955486],[-7.7869825305458304,55.20367936092479],[-7.795321442397642,55.206233620091645],[-7.795279781659271,55.20830911492101],[-7.7986655147915735,55.21238170365427],[-7.798898439037117,55.21550380893379],[-7.794035900589687,55.22056565504384],[-7.7911354335066045,55.22066954973525],[-7.782933015433374,55.223795288865524],[-7.781040261753255,55.22249882965419],[-7.779135185586324,55.22501559907322],[-7.767973458020786,55.22948093381088],[-7.764881654349558,55.23204871743096],[-7.7664129204920656,55.23342252748371],[-7.757601734316855,55.234325786812924],[-7.75691159060477,55.236066588380524],[-7.760290988179556,55.23688558070159],[-7.7599964781195325,55.23752334158582],[-7.752291562683461,55.23663434926603],[-7.752304909617607,55.23815229751684],[-7.75693770807731,55.239564122135],[-7.760013760911123,55.24232658920273],[-7.756142028475303,55.24256181882722],[-7.756306245597099,55.244005363446696],[-7.753634961743716,55.24529060438147],[-7.75551368609106,55.24779455093466],[-7.751393338625073,55.247989952418386],[-7.7498100292358965,55.24928496563769],[-7.752485154313784,55.25058315065948],[-7.750695796057021,55.25130642204603],[-7.754883142071157,55.25198030917458],[-7.755681840553722,55.25334212964187],[-7.75851445487223,55.25438820493488],[-7.758063522566684,55.25538743939981],[-7.759373284151607,55.256075810767356],[-7.758065617195491,55.25655218619313],[-7.758798196518101,55.25694268285445],[-7.754366068673381,55.25753987655711],[-7.753703342909754,55.25649901005244],[-7.7546722514545054,55.25635346911508],[-7.7517762529222765,55.25348577648557],[-7.746643682105831,55.25191221455044],[-7.746643283933484,55.251037665335744],[-7.744360393827904,55.251195473282],[-7.744054723586921,55.25311232747589],[-7.7431704851441605,55.252965925185045],[-7.7435785947204465,55.25207105028564],[-7.742393040789309,55.2511670714212],[-7.743628672913721,55.25019189676555],[-7.741648617466313,55.24912767864123],[-7.738309300756879,55.24985443228854],[-7.739722175220402,55.25079927467909],[-7.737506242547431,55.250961337708496],[-7.737550917200849,55.25211063539917],[-7.733319027657973,55.251572524702944],[-7.733727184227174,55.25321666210741],[-7.731567093966293,55.25297847049605],[-7.732954009233589,55.25359091296145],[-7.7305548110468765,55.25507352506151],[-7.72901625661381,55.25409766245486],[-7.7301424158233925,55.25204259076355],[-7.727706649767184,55.2499411448393],[-7.727205487767939,55.24770633348376],[-7.717906140079087,55.24657132855692],[-7.706596448923353,55.24838434565438],[-7.702189197937189,55.24768901109764],[-7.694270636532394,55.25153513949673],[-7.691510783201167,55.25508351556757],[-7.69434390630882,55.255987561506316],[-7.694363018351469,55.25734022071058],[-7.6928525948574284,55.25757445491112],[-7.694610555412167,55.259716623883484],[-7.692223611214363,55.25981856481225],[-7.694634700604036,55.26235897138744],[-7.693566767301632,55.26421960665481],[-7.6942141956316625,55.26446481568263],[-7.689744483784393,55.26413630191949],[-7.687875918345003,55.26214232477623],[-7.685342034042344,55.26179589807436],[-7.67610463996138,55.263805077726246],[-7.673279187083817,55.26553587449281],[-7.672794130308119,55.26897140661506],[-7.66646414171536,55.270411778514365],[-7.665229932054943,55.27238652796763],[-7.6625288898026325,55.27302860690593],[-7.662153206535533,55.27481668715161],[-7.659198417352908,55.274681809564285],[-7.65991493564261,55.27531953052062],[-7.658957959589555,55.276073313007956],[-7.659865597719362,55.276516541086416],[-7.65878816391891,55.27683719604552],[-7.659329657511146,55.27747692856141],[-7.655007057782581,55.27674641620847],[-7.6492806571180525,55.278956316570365],[-7.646257459500374,55.2764131032867],[-7.643486152819229,55.27584428348983],[-7.64095450663075,55.277346238893536],[-7.638951124266464,55.27659527198677],[-7.635359094959107,55.27812228964693],[-7.63222815821318,55.27756890437434],[-7.633874305614063,55.27591358072878],[-7.630969019713736,55.276169291257204],[-7.634544965372772,55.274775166081824],[-7.63355869068814,55.27431370673945],[-7.635454942367768,55.27436330580567],[-7.634953741344181,55.273614816392566],[-7.636792157135301,55.27173350222333],[-7.631284342401915,55.269795743325375],[-7.626186442007299,55.269747639238744],[-7.626765212936775,55.26877407667705],[-7.625539065614988,55.268160606636],[-7.627644444798881,55.26654785651961],[-7.626607922152215,55.266099240632826],[-7.627181639935424,55.26547365993304],[-7.625593619238181,55.265572369466604],[-7.626891693198287,55.264994747323975],[-7.625854482481399,55.26474842712541],[-7.626714235028852,55.26399500023891],[-7.6251030387556025,55.26365887293672],[-7.623624207262079,55.2600596046066],[-7.624074424986061,55.25893938641264],[-7.620659787325176,55.258606698263364],[-7.618862687848314,55.255772384223874],[-7.616569474545279,55.25592073650043],[-7.61900367417934,55.24986103665626],[-7.615444909215191,55.246055593660536],[-7.615885179495412,55.24587165487746],[-7.615958019672401,55.24522575297412],[-7.6140470560910005,55.245559569073116],[-7.6151895391396405,55.24516171939213],[-7.615386101169214,55.244924456556674],[-7.614470088911329,55.24519071399467],[-7.615254145972883,55.244138367623734],[-7.614035316401816,55.24472446405342],[-7.613717710776165,55.24346292875831],[-7.614202154982026,55.24142838177644],[-7.6156601323845905,55.240710277926475],[-7.614675691653741,55.23670842291051],[-7.610881790148989,55.233717541636636],[-7.610868950262857,55.23467039758128],[-7.608116210204845,55.23576347095105],[-7.609820189158096,55.233110595696495],[-7.605521878806394,55.23410835079157],[-7.603254592777013,55.23122409808749],[-7.605934144253264,55.22776553407601],[-7.606182756601951,55.226580855984274],[-7.604928052133185,55.22652150276231],[-7.60838233450288,55.22318614533927],[-7.607257334457437,55.22282194040098],[-7.60908270223831,55.21874232249521],[-7.606946506690221,55.218068931678445],[-7.607336747761498,55.216948727026],[-7.6142068385311985,55.21180709197212],[-7.613753328217909,55.21068981928157],[-7.61486677062862,55.209577285496906],[-7.618561546940403,55.20834518263509],[-7.618037013584718,55.208357700679066],[-7.618166478729343,55.2076001624787],[-7.619168679600283,55.20827097411062],[-7.623002567178946,55.20674798400271],[-7.624225751721732,55.20477295037565],[-7.6250008710954305,55.20474972144561],[-7.625932102217283,55.204253103337194],[-7.623911935777395,55.20347161801576],[-7.620177431895302,55.19749849127343],[-7.614273122024046,55.19202361045671],[-7.61471757504396,55.19076404243944],[-7.615977714777043,55.19097069159585],[-7.615316641299343,55.190540024738375],[-7.607171558515888,55.18974198661953],[-7.605517573142273,55.18815500048945],[-7.597300586446681,55.18547983549639],[-7.593582238476625,55.18829491569309],[-7.587849050144244,55.187860263905485],[-7.5861887064324405,55.187000069499476],[-7.586203438383969,55.18590734734365],[-7.584355221331983,55.18654886325268],[-7.584573030093303,55.18541526288611],[-7.582296046288389,55.18505267995502],[-7.583055445857732,55.184199986492025],[-7.58081760695739,55.1842609554318],[-7.580553075458936,55.182862724759026],[-7.578496076223906,55.18332938190758],[-7.579026351939383,55.18249795052745],[-7.577562874156106,55.182732114103366],[-7.578575838451726,55.18200217961723],[-7.576429488820129,55.181844437556435],[-7.576176138597924,55.18086427304152],[-7.574904730841889,55.18152784586805],[-7.574104650704224,55.18105284177286],[-7.575131562405191,55.18056926993519],[-7.5726148978921115,55.18065477544473],[-7.573319079897671,55.179321460832284],[-7.571678552770571,55.18027087225404],[-7.572424462308236,55.17975825110106],[-7.571433184646367,55.17980368203706],[-7.571796765695785,55.17834449494167],[-7.570663936697818,55.17766070855684],[-7.571919745215201,55.176646046595216],[-7.5706735681723645,55.17697497325777],[-7.571488769113296,55.17573942173904],[-7.570516048537465,55.17516750217705],[-7.576733025999087,55.17200180788494],[-7.5772189597850685,55.16966291017721],[-7.576918973693719,55.17046869370038],[-7.572752429467822,55.16787720571007],[-7.573717602302859,55.16628311539369],[-7.5683382481685895,55.16546069903833],[-7.565733746668338,55.162342365477414],[-7.561001501131171,55.16201186727588],[-7.561712857491751,55.16120424961299],[-7.56034430372996,55.159856691079234],[-7.561351156660505,55.1586598804847],[-7.5571686081126535,55.157829381688266],[-7.5548021102251495,55.15562771242844],[-7.5510030232984064,55.15577186837015],[-7.551182414234018,55.15442572702568],[-7.548068832611785,55.15306576061542],[-7.548075391761342,55.151283584349514],[-7.546296307288726,55.151309230019834],[-7.545568492895783,55.149432803635555],[-7.544089766596415,55.14931556247526],[-7.544536839482322,55.147743836284306],[-7.541593557534725,55.144862266901015],[-7.542394634592087,55.14310266805913],[-7.541653868937849,55.1415913706902],[-7.535447919483869,55.14061761315999],[-7.532143783488654,55.14316496398517],[-7.532901400737316,55.141672875934525],[-7.5312969123165825,55.14252695836131],[-7.528263379847284,55.141469048235194],[-7.5300952385001265,55.13902467462929],[-7.527421805517181,55.138697155704676],[-7.5282222330272015,55.13789528609647],[-7.526880908803583,55.13709418186598],[-7.524593303017568,55.13753067991811],[-7.524597829801795,55.13642135525123],[-7.5235824933763125,55.13634168875051],[-7.523037297467155,55.138124252341434],[-7.522192429277139,55.139031983077125],[-7.521852837776602,55.13897883870565],[-7.522691389351198,55.1340309941451],[-7.521860107410863,55.13284681446443],[-7.520024176869109,55.13309749425479],[-7.520777625750885,55.13047083656186],[-7.519569086704331,55.1303590928673],[-7.520217391080689,55.12846279306547],[-7.518228127299483,55.125353830322155],[-7.518806195326462,55.1233960303407],[-7.518022445837689,55.12282545334478],[-7.524705468367468,55.11595393957217],[-7.5269142134680616,55.114912997619854],[-7.5286957323817365,55.114745370646375],[-7.5288162971746075,55.115910778264876],[-7.531584473724221,55.114944669277776],[-7.530543709612732,55.11378779761472],[-7.531137949097608,55.11044320587205],[-7.528734030522226,55.10752744681051],[-7.526588730451056,55.10718406637998],[-7.525719176829978,55.10354279582424],[-7.527243127565181,55.09993451087469],[-7.531414217283204,55.095549921179575],[-7.530381493840229,55.094925032151714],[-7.538813431460486,55.09320764904593],[-7.54914447159511,55.0926319240705],[-7.5563644589841905,55.08944421695237],[-7.558345868598554,55.087293371941726],[-7.5641716387131375,55.086196506792845],[-7.571748065467175,55.086329808629394],[-7.575796675307739,55.08495403446939],[-7.578450020777843,55.0827597403394],[-7.585354077815946,55.08177888386653],[-7.5912919321295735,55.077415057907594],[-7.592779898672304,55.07375841881692],[-7.597857137341959,55.07473105095508],[-7.599796802583001,55.074384298938064],[-7.597176590259791,55.073806561239344],[-7.59886792450415,55.07007145638766],[-7.5974455065474045,55.06730692932021],[-7.595771981093179,55.06692372566221],[-7.595563556881825,55.063426152025905],[-7.597130118164076,55.061766746091834],[-7.611557341854211,55.056777447314325],[-7.61697788584312,55.056930014363545],[-7.620148253537709,55.0552312513388],[-7.6200226508836435,55.05619853635719],[-7.62158603193137,55.05586731560394],[-7.622910257971919,55.05691306935698],[-7.6224888264284525,55.057718025869264],[-7.624192768761839,55.05782611449706],[-7.62872765809947,55.054564205955074],[-7.627075241758815,55.05722586866176],[-7.632848247416172,55.05825305507046],[-7.634020271147939,55.05549749416861],[-7.636660489371712,55.054405788604896],[-7.634777530828985,55.053772494145015],[-7.631388273530281,55.05479111438927],[-7.6296136557632375,55.053560324942],[-7.629495253499906,55.05222049401552],[-7.632095756312263,55.04851520338312],[-7.641567784635161,55.045544417286415],[-7.638475313633345,55.04374432434369],[-7.638484665946641,55.040852071394404],[-7.64397694427018,55.04036723995792],[-7.647830620153487,55.03776500006044],[-7.652001146295501,55.037016379604616],[-7.6459426211552,55.03750036715339],[-7.643700522715674,55.03942110598252],[-7.639001292126152,55.03868540607152],[-7.636625531733272,55.040139154933264],[-7.635110316020032,55.042681515215506],[-7.630952544321948,55.04303508941027],[-7.630994944730656,55.042643666868976],[-7.631957884739928,55.04227058279286],[-7.632320431306404,55.04162807756536],[-7.626871915411613,55.04342711275279],[-7.623483394329172,55.04580683876999],[-7.623405222611006,55.04714250258838],[-7.620536746196765,55.046154390545205],[-7.615376803574882,55.047220680277626],[-7.6098369302431905,55.045220410001455],[-7.610276205391927,55.04384714235356],[-7.609288524938378,55.043089902610234],[-7.6073590035210295,55.04301550280806],[-7.607715426076775,55.04392930140704],[-7.606328132472164,55.04519278084796],[-7.589947894465085,55.048836901563746],[-7.587919763644985,55.048433480284686],[-7.581088988814894,55.05222977371858],[-7.583846234199557,55.052480407562115],[-7.576281603338819,55.0547531231233],[-7.5680843892688605,55.05367237671031],[-7.565765853292322,55.04980719300584],[-7.561194116665093,55.04687926989002],[-7.559487649195668,55.0444466723254],[-7.560728569705045,55.04062940457998],[-7.560289279862569,55.038217059107886],[-7.558217179761194,55.03562794720722],[-7.562029732007262,55.03365247882378],[-7.562765201962578,55.03222239399552],[-7.567409286643726,55.03100617197569],[-7.581937109596889,55.02351196251757],[-7.58301629664583,55.02187246397725],[-7.582392385178134,55.01932610446084],[-7.590327963416143,55.01658492524156],[-7.598985362686145,55.010835164173784],[-7.602197476124601,55.01091522890459],[-7.610863295553305,55.00707422567356],[-7.62014014935121,55.004546054807136],[-7.634003010902375,54.99723282829942],[-7.6403178124856925,54.99674792558225],[-7.640315987054988,54.99533233870066],[-7.636927573830821,54.99284880160891],[-7.637181114364568,54.99205725836216],[-7.644805081974393,54.98541216383369],[-7.650892720962416,54.98290629364209],[-7.6519322122330875,54.981139787670585],[-7.651204635658617,54.980209520891314],[-7.653198230125477,54.9794494514215],[-7.656172067893921,54.976034427282016],[-7.655137949765872,54.974178106696066],[-7.657051337156945,54.970296912302025],[-7.659476874613683,54.969104488423156],[-7.646436278294917,54.96352330700084],[-7.6412639106812,54.96458282990744],[-7.639431151474106,54.970408366964314],[-7.635928724832914,54.97230214568716],[-7.6256063222931605,54.96791879120786],[-7.617507868013612,54.96998106456842],[-7.6149090073142816,54.9736323900282],[-7.612793142389746,54.97430333266929],[-7.608429257147606,54.97841133959778],[-7.606176318071391,54.98448292793214],[-7.5968838799166045,54.99357245923922],[-7.590771067952128,54.99639481984232],[-7.587420147937638,54.99616626601401],[-7.582681248313795,54.997720896284605],[-7.574563946032526,55.00237648147434],[-7.56935367885384,55.007138575082536],[-7.5659147699273905,55.00852989092757],[-7.561810014845789,55.008626865676234],[-7.556373168340553,55.01114724330172],[-7.544605844703207,55.01920372410305],[-7.539660375037911,55.023855393231216],[-7.533683399812615,55.024522632464056],[-7.5300526847701486,55.02270761453995],[-7.529075671938173,55.02047679229443],[-7.527230239558011,55.019768593583294],[-7.515749737125117,55.0249690674615],[-7.517973120913195,55.027319095858694],[-7.518165978903538,55.03278557603798],[-7.513274910151059,55.040145788365415],[-7.5052338227034925,55.04118610398508],[-7.494511834698646,55.04050884555052],[-7.488892838727627,55.04392987204156],[-7.481228054654454,55.045155264285164],[-7.4802120251867485,55.04702843997002],[-7.479833366610002,55.04479820781787],[-7.476292248899114,55.042940806911695],[-7.469794853864619,55.04998074031993],[-7.4753053752529635,55.05127937856516],[-7.4964188379803165,55.047352927664015],[-7.504122834694404,55.05045496232045],[-7.505516325124204,55.053638791333],[-7.508640486844733,55.05636521807108],[-7.518046350068317,55.05835835282479],[-7.523350445742826,55.05779175517338],[-7.525535407311327,55.05878718706643],[-7.529381787760358,55.06260773266315],[-7.529860125042044,55.06654070041713],[-7.533184226548787,55.07232945211428],[-7.529648994961813,55.07600778918989],[-7.525639235390525,55.07659103257982],[-7.519988895247505,55.08193008645768],[-7.516685451144732,55.082532133167064],[-7.5167471513421855,55.08398889788915],[-7.514111636421232,55.08441219040348],[-7.514695750621531,55.08360477932794],[-7.513771259240362,55.08322466265706],[-7.499863335954447,55.08484392892211],[-7.490317501501345,55.08438056344206],[-7.489800507996967,55.082255231429876],[-7.487134957068109,55.08017492765612],[-7.480027967525764,55.0772835511346],[-7.4795170346318525,55.074028527343884],[-7.471277977930225,55.07362568985297],[-7.466844447178182,55.072040665137806],[-7.469946226973532,55.07042937222193],[-7.465763095727416,55.066652815120605],[-7.4622983552185005,55.061556875778685],[-7.454639262993967,55.06304295415997],[-7.455140084567823,55.06531771458557],[-7.454202847606917,55.06703699340951],[-7.455519892745363,55.07084344146989],[-7.454924462348793,55.074353645121114],[-7.456305159715535,55.077363082610574],[-7.472871190462111,55.087169609864475],[-7.474939361795662,55.08790600374568],[-7.478001173340525,55.086977207216925],[-7.476869122601548,55.088756436340205],[-7.479610006727943,55.0916367995959],[-7.477720661124622,55.10105977732538],[-7.474005119411229,55.105542265192675],[-7.474175599520618,55.110080022538035],[-7.46233993711722,55.11574621286927],[-7.457560500069485,55.12159754449091],[-7.457360196329326,55.12343372919994],[-7.460070678857072,55.125302034449255],[-7.460558542576955,55.12774692578184],[-7.458128154820768,55.129493814529454],[-7.462290983317596,55.12806670841224],[-7.463271398250839,55.1271086221359],[-7.464262205416194,55.12654541069311],[-7.464863497103359,55.12655073877982],[-7.463502892273972,55.12727175577871],[-7.463027477587666,55.131587235559806],[-7.463810547204051,55.13382093037177],[-7.46134893270231,55.13723753647587],[-7.461709266085059,55.139548616018345],[-7.463893745745127,55.13770550370919],[-7.468770135722513,55.13962563813691],[-7.4749178042388165,55.14010470161948],[-7.47427544066098,55.14047838673968],[-7.475542788720019,55.1408210653735],[-7.476182101764931,55.14279593605701],[-7.4759137624510705,55.145349907741306],[-7.4796074444545795,55.14668315288014],[-7.484792357106651,55.15232829107695],[-7.48472249381198,55.1561893936482],[-7.488745978110092,55.15966052985996],[-7.493341486738186,55.15872109423484],[-7.496854722775639,55.16088404723099],[-7.499043511171432,55.16430097486495],[-7.502202576336672,55.16630809874846],[-7.502253117920582,55.16756504885647],[-7.506344469282787,55.16947958058031],[-7.506650910631119,55.17123885194196],[-7.508182396775162,55.170997269164424],[-7.507531876126935,55.17216655642863],[-7.509025073347005,55.1738781034385],[-7.511386613108028,55.17409056173248],[-7.5107199913398945,55.17438506258007],[-7.511539198096727,55.17571789690667],[-7.512975212258367,55.17579024087612],[-7.5124067231461735,55.17711708784986],[-7.513500972231256,55.177187600371866],[-7.512292233289518,55.17794244832982],[-7.51237723904187,55.1792736942957],[-7.516960443492078,55.18327580839247],[-7.518740484603524,55.1834522709722],[-7.518514907321317,55.184440532034145],[-7.519889081318242,55.18428070134859],[-7.523502695348691,55.18685336119188],[-7.526598501467028,55.186469506445356],[-7.528120412716358,55.188938657668494],[-7.536717118237919,55.19092707447584],[-7.537706632067234,55.192182884477695],[-7.536859320942229,55.19330657492482],[-7.541332947106047,55.19370663044637],[-7.541041319478047,55.19481698480081],[-7.54616812675917,55.193941712612954],[-7.55461845252978,55.19626687997067],[-7.553470615062089,55.196436672556295],[-7.554749886397158,55.197985560861476],[-7.553674279050395,55.19873860664054],[-7.547983258867684,55.1999901442013],[-7.549502612389745,55.201192330927114],[-7.548317091751373,55.20221773895383],[-7.545024157948433,55.19978908197376],[-7.541656134246887,55.20122441999333],[-7.540082184088829,55.20049891195236],[-7.541165192039773,55.2015646226297],[-7.538983233214766,55.202878275262194],[-7.544872141813724,55.20613271005678],[-7.548326900275298,55.205493779062245],[-7.547732510945109,55.206649043033835],[-7.548994292199506,55.207216450550874],[-7.545126120771444,55.20799485841984],[-7.547097311703326,55.20906561955588],[-7.544257647694958,55.210324310398825],[-7.545233016264397,55.210566777706944],[-7.544321482314325,55.21273570029045],[-7.545451148339323,55.21368812730656],[-7.54455843080627,55.21467181419212],[-7.54549191661888,55.21535453831283],[-7.545075204349131,55.21714558912713],[-7.544190548236,55.21809692385907],[-7.542479161746564,55.21800928349502],[-7.542914795757305,55.21677475923918],[-7.54158259042849,55.21837688584304],[-7.5404826429927585,55.218014062398105],[-7.541171253994217,55.218651370958014],[-7.538428617550912,55.22168125970067],[-7.539251523782647,55.221967695921755],[-7.5390704003473665,55.22388551005141],[-7.536408994252155,55.22482270569851],[-7.537463999020216,55.22594962778268],[-7.536340130135764,55.228735948015625],[-7.534559140134765,55.22994753461772],[-7.533747336035605,55.23001510551665],[-7.534228518937293,55.229120956995025],[-7.531443337412091,55.23024330250033],[-7.532358998245903,55.230448680841675],[-7.526949566272522,55.23101431246825],[-7.527583330631709,55.2321800874788],[-7.523442560399408,55.234677086430345],[-7.523875885622392,55.23570109918483],[-7.517961171596526,55.23867721273061],[-7.51833575519123,55.24051518770241],[-7.52190971792078,55.24387428839673],[-7.528447794002436,55.2432284414902],[-7.5284288918710445,55.24230780342435],[-7.5329909580481615,55.24271053199947],[-7.530406587417244,55.24452532300468],[-7.533125230399081,55.24527090086007],[-7.5327090157830225,55.24650637633958],[-7.534244019851364,55.24758060598033],[-7.531574534050197,55.24896001914069],[-7.529353520516499,55.248750149432254],[-7.52918378224106,55.25017775486543],[-7.5271563427306,55.25056192497901],[-7.526562300465298,55.252027673168605],[-7.519015869668896,55.25284341291397],[-7.519773552437078,55.25442106179654],[-7.518490211888119,55.2548036648657],[-7.51613360883362,55.25432687315375],[-7.513306628358371,55.25759156288329],[-7.51436104077026,55.25920865463524],[-7.508734717302136,55.26563977887761],[-7.5095175449066565,55.26623198195082],[-7.5081364673347535,55.27026070108971],[-7.508633896796913,55.271674097096124],[-7.514528431770297,55.272455380966235],[-7.5140876710472035,55.273134967927206],[-7.516279281476992,55.2739234130152],[-7.520719309015953,55.27404309789771],[-7.521783660216214,55.274887540164116],[-7.5203110424769015,55.27512976243354],[-7.52192212565115,55.27510421395087],[-7.520777831130361,55.275784140693354],[-7.523473355182298,55.27765086724921],[-7.5228435788529255,55.2780649846815],[-7.524471382211297,55.27886262147542],[-7.5242967723596745,55.27983186895935],[-7.526396711045815,55.27969799195824],[-7.525736147286875,55.2821838361071],[-7.524531405901112,55.28107703173246],[-7.524230739563406,55.283038867092806],[-7.522081473047729,55.285144917426805],[-7.524733586872834,55.28475147554157],[-7.524964113067291,55.28593807983132],[-7.5065428710231,55.28954554069764],[-7.499016727110843,55.289596943681666],[-7.498655864286743,55.288031998586995],[-7.4944435666561855,55.287965185715095],[-7.490017346418,55.283795748886355],[-7.486157704382382,55.28366468978273],[-7.478623782031631,55.28123298196381],[-7.4713326632831984,55.28133173503964],[-7.467305852831,55.28254627911398],[-7.465131945279136,55.28486450120283],[-7.466887795014347,55.28802440440143],[-7.470125320154371,55.28916041651225],[-7.4693667319066535,55.28930798482059],[-7.469763962759157,55.290414176411986],[-7.47208343926197,55.29162029264383],[-7.471339825066308,55.29186069926111],[-7.471746483478272,55.29362507593038],[-7.4692949713315455,55.296579646409235],[-7.46674143874001,55.29695993681856],[-7.462415743052335,55.29602379280545],[-7.459676464557726,55.2931172110984],[-7.455913870010221,55.29266801973846],[-7.456078950668513,55.29169630134574],[-7.450656355113717,55.290860519849396],[-7.449916801470693,55.288979906188786],[-7.452607214383433,55.28626705330455],[-7.449438368594252,55.28214930813167],[-7.4377439078935375,55.2801200628148],[-7.436177033381611,55.27909307992081],[-7.437113771949909,55.27863221841102],[-7.436990495816959,55.278167976418196],[-7.430904760944963,55.27964379965989],[-7.427334712765691,55.27774934281049],[-7.428704661889924,55.278793074037594],[-7.428196719261423,55.2803463084602],[-7.432159458461241,55.28519192708181],[-7.43317295556128,55.28591849578564],[-7.434420131325258,55.285135979614104],[-7.433757398306088,55.28584644069374],[-7.434501608512739,55.286977483528524],[-7.415130722303175,55.29104307932779],[-7.415880077258523,55.29136344755711],[-7.411350366200656,55.29062149199599],[-7.403925399171464,55.29271084078393],[-7.398803620562484,55.29190320557567],[-7.397033861854398,55.29231553411495],[-7.397570259475987,55.29298229195759],[-7.393987349913181,55.29311765746515],[-7.393860725536293,55.291963199028956],[-7.390946249132323,55.29092859023938],[-7.383592492848283,55.29274240501483],[-7.379598505122392,55.29606143598892],[-7.374594467174655,55.30651468327414],[-7.373784892164382,55.31040052196474],[-7.3760007560700185,55.31286819513504],[-7.375258828004819,55.31378643941964],[-7.376134009372748,55.31458274909099],[-7.374833741094264,55.31579297151987],[-7.375711262002833,55.316290222057994],[-7.363388830244556,55.31847459961011],[-7.355806729192525,55.31617361282007],[-7.349296741680191,55.31631981239376],[-7.34081913376119,55.312987106033084],[-7.334524009365766,55.31195869653017],[-7.33266518460264,55.311081725614834],[-7.332670232339658,55.310113202785296],[-7.334404227654195,55.31001294760544],[-7.332595566492757,55.3080086234108],[-7.325945488174498,55.30603648103614],[-7.325437475127791,55.30252398559017],[-7.321500155424714,55.302502654917966],[-7.312687647231032,55.30493133376726],[-7.316447958961672,55.30060051360156],[-7.314439450959769,55.29898117974399],[-7.308858613891354,55.29832210835946],[-7.303964412667211,55.29223852659185],[-7.30764747911942,55.29063566679934],[-7.320187596710132,55.288668810546405],[-7.330549060018027,55.290852497086455],[-7.331781301524064,55.29034853684302],[-7.3341547383359655,55.29155832420033],[-7.335231278119456,55.290603370650594],[-7.337681167973137,55.291469607140165],[-7.343319921193012,55.29047052684953],[-7.347541397033645,55.290946405780346],[-7.346058311818573,55.29039644693288],[-7.350034643685523,55.289296676419184],[-7.348215455095828,55.28730304982052],[-7.35008329042848,55.28649002248921],[-7.348384729003788,55.28442601875031],[-7.339385525004416,55.283721874333416],[-7.339016177281954,55.28526065353962],[-7.33679428091294,55.28673364690119],[-7.33389448456975,55.28576793519759],[-7.33468117952803,55.28497239323176],[-7.333449443151761,55.28318485728167],[-7.329584970508094,55.28272967451983],[-7.327299620811175,55.28519202241599],[-7.32228596524012,55.284904370213205],[-7.322501689637353,55.285889377499515],[-7.312908458578432,55.28486664117024],[-7.30701204323295,55.282091491374985],[-7.304647365329916,55.27987428258227],[-7.299206530122891,55.278709455169896],[-7.297739145611722,55.277359961379524],[-7.298215075565696,55.27669332457891],[-7.29010935218485,55.27515703881388],[-7.287574761836124,55.27650613543935],[-7.2828051995524525,55.27635557040798],[-7.274729201065314,55.28130291481911],[-7.270976865545545,55.28230526440989],[-7.26594237588341,55.28054280044977],[-7.269884123461549,55.27983656634051],[-7.271251637522438,55.27789303390405],[-7.269212126416859,55.27654341694075],[-7.2684663842697415,55.27790926233411],[-7.266946649174473,55.2772869976487],[-7.263139651572897,55.27929016738745],[-7.245054338945992,55.27782173620488],[-7.256033340641206,55.2837306629711],[-7.257384023481373,55.28352593845431],[-7.2556031154836225,55.283868232066666],[-7.25785149173749,55.284873710032365],[-7.258002422788054,55.286293083993634],[-7.267316310492934,55.28930228753334],[-7.267332005792673,55.291233784375166],[-7.260329556000371,55.292175192118464],[-7.260638364221673,55.294358443087916],[-7.263997001942821,55.29448935194706],[-7.266539390718616,55.29282176712121],[-7.277627380599476,55.292792627092],[-7.282996745155906,55.295553611259514],[-7.288286662906575,55.29640948430239],[-7.2960430255067115,55.3020091284634],[-7.315184123686017,55.31027692846859],[-7.323477342047303,55.31185817753821],[-7.32608298097459,55.31101289891871],[-7.330758236848398,55.31188410320052],[-7.333806747179769,55.31702939984133],[-7.333851711940653,55.32351456284002],[-7.335209986273994,55.32601777342969],[-7.3461506166105375,55.32836624265251],[-7.3483391320936455,55.33101708453355],[-7.353577045291199,55.331871824812126],[-7.352150887895896,55.33299872820618],[-7.352577700630325,55.33499741226886],[-7.350488084041989,55.33681160650132],[-7.352285418171633,55.339740768296],[-7.3502572205170695,55.34480729908233],[-7.351533865603643,55.347363174527324],[-7.348395822972591,55.35300882278327],[-7.349029500259591,55.35413848494391],[-7.347710421389111,55.356199984384915],[-7.34792371268814,55.35817701780902],[-7.35012547284478,55.35973132457926],[-7.354314902556747,55.35957810090172],[-7.3587500035623075,55.36151990387778],[-7.369792869868793,55.35986779104497],[-7.373108710437365,55.36055778524358],[-7.375283750299179,55.361585164921514],[-7.373911960684528,55.36198563870597],[-7.375880114810899,55.36367488381811],[-7.387488618112825,55.36710854870808],[-7.387152911763153,55.36799802425727],[-7.38861302497038,55.368220045206094],[-7.3871481443477185,55.368306522644396],[-7.388083683036431,55.3698016762064],[-7.384799547905438,55.37134654682864],[-7.38738813245193,55.372903817023676],[-7.3898032669409295,55.37195855145502],[-7.3886643672773955,55.37399134804361],[-7.390102305304315,55.37467290939812],[-7.3892069586473035,55.37544756535276],[-7.392854931427596,55.37618864594679],[-7.3954841240526585,55.374635768634676],[-7.3997643490210665,55.3747909608905],[-7.395752514869624,55.37615063160968],[-7.399825453818573,55.37608639420024],[-7.398070918305998,55.377044643030544],[-7.390820007283182,55.378163364864776],[-7.39020863640235,55.37854859966898],[-7.392641110785658,55.379023071018814],[-7.389402028605922,55.379961037613285],[-7.390972319777537,55.37992543989871],[-7.387235599110369,55.381132934007816],[-7.388372143031954,55.37956250536942],[-7.386072022581463,55.38096870856938],[-7.386124120843299,55.37992163508037],[-7.383154246199787,55.3808390823324],[-7.384141012692158,55.38141370863543],[-7.382552214950961,55.381193672478986],[-7.380976976108314,55.38240419876045],[-7.381691871352215,55.38286761996118],[-7.3760967763337195,55.3818506032628],[-7.37467827624149,55.38192510354077],[-7.375128965314652,55.38292493527477],[-7.36968917072408,55.38264151855627],[-7.368146417348484,55.3815335379433],[-7.365867157092684,55.38182236417026],[-7.364999167342551,55.381127388794376],[-7.365773627952851,55.38057991177708],[-7.363377829026508,55.37926319851115],[-7.357161202611478,55.379806769218646],[-7.357083902036783,55.378754066286355],[-7.354955681984444,55.378620602270445],[-7.354604524317529,55.37702964423811],[-7.349729484034861,55.37500110820418],[-7.342618979260362,55.37467031136596],[-7.339329654199046,55.3757279246306],[-7.339548076807858,55.37462831895753],[-7.336432827790915,55.37381543329204],[-7.334243906198941,55.37175261532967],[-7.336883406541352,55.37131291189343],[-7.336227998532434,55.36994979038474],[-7.333121868582279,55.3695369215119],[-7.333907959890768,55.368870435092504],[-7.331988067017458,55.368081315871926],[-7.323513537467255,55.368121468048024],[-7.317345013358213,55.36936669881848],[-7.317491599739426,55.368532272356035],[-7.31229825311772,55.367985594434394],[-7.311294893859488,55.3691537315294],[-7.311269472319058,55.36792621282604],[-7.308968972961808,55.367056486741404],[-7.305899223741326,55.36916674576035],[-7.305223454270514,55.36878003064676],[-7.305943048236572,55.36804269351693],[-7.304852665058568,55.36837810214179],[-7.305316576389842,55.36677885924258],[-7.301712900924131,55.366093997104585],[-7.299092743824409,55.367696300714115],[-7.29863260977998,55.36696845330404],[-7.2985964497332665,55.36774652369368],[-7.2965064440724205,55.3679231820147],[-7.297459838025856,55.3674284814886],[-7.296379207055811,55.366990614936974],[-7.291295688058608,55.36871778617204],[-7.291745649178982,55.36695896295555],[-7.29000434337328,55.36602603834018],[-7.286871902486349,55.36558715951116],[-7.282233899031255,55.366810125470955],[-7.279229682784618,55.36488830426158],[-7.276901489730374,55.36604917984175],[-7.276800181327118,55.36506448320831],[-7.2738464512958965,55.36402920380851],[-7.27269591559565,55.36169232195864],[-7.269385821071356,55.35976316064006],[-7.266062364197647,55.35922740779753],[-7.26368663858182,55.36036825187586],[-7.2633846534545405,55.35946089982248],[-7.258714220468969,55.35899699743231],[-7.256851387458419,55.357743345454104],[-7.2506647229806545,55.359326773191725],[-7.243996397177644,55.35879187189364],[-7.242479305192036,55.36023589699154],[-7.242755769317141,55.359096150853304],[-7.2396846890420505,55.3547339937109],[-7.231328591113793,55.35177364316025],[-7.223494342092336,55.35004106622703],[-7.2156992931923005,55.3504623111729],[-7.211732975835459,55.34868841158189],[-7.206590087362219,55.348953950374366],[-7.200217565128544,55.34705799895069],[-7.196457270445886,55.34724494943431],[-7.191444188591014,55.34516858293713],[-7.189793022154715,55.34581067721449],[-7.18697539293804,55.34246588801276],[-7.182967524622489,55.34193898817701],[-7.178091704682572,55.33961598056568],[-7.177797545960107,55.34000342487049],[-7.176227851192418,55.34004253710481],[-7.177681063788746,55.339289928260406],[-7.176233001326624,55.33759968622373],[-7.174119625857256,55.336252182739244],[-7.170747449664797,55.33612740145808],[-7.170569636000323,55.333492093883],[-7.172855561743961,55.33069066585937],[-7.168907493017425,55.328663974538735],[-7.170198471867283,55.32743109275106],[-7.1689017848789325,55.32556376211779],[-7.170437681278022,55.32574501792489],[-7.169765598059625,55.3254110439413],[-7.1720590313054,55.32448613035496],[-7.1727191619833315,55.3230064234224],[-7.17714007272304,55.32060784977324],[-7.174105379971745,55.32012147480538],[-7.174695398322244,55.31898126654417],[-7.171253881016615,55.318197979067584],[-7.171429348812819,55.317489022934446],[-7.167992882464834,55.316944677519196],[-7.1679861963503075,55.3151198021366],[-7.166697234089402,55.31542442568013],[-7.1641983052472495,55.31463005032322],[-7.16516588478199,55.31484030457062],[-7.164399124292604,55.314527637263076],[-7.1652106439928085,55.31420575192289],[-7.1643273189279935,55.31381311774177],[-7.164818553223096,55.31312543947567],[-7.16283500010617,55.31179514812012],[-7.157496082911274,55.31080025739687],[-7.159251647803055,55.30851106247309],[-7.159340205056616,55.30656197398733],[-7.157191016893945,55.304863249043976],[-7.157524662943418,55.303940631457834],[-7.156389818455857,55.30395522399049],[-7.15708627898832,55.303517625380294],[-7.153978536033915,55.30332312886082],[-7.154370947888005,55.3026073506255],[-7.152598730336472,55.302177224972084],[-7.154075374447018,55.30104148973804],[-7.153064863786568,55.29979417166595],[-7.15480261108915,55.299600215762524],[-7.156810476238784,55.29692297691544],[-7.151614437905312,55.294587845882184],[-7.136444422164771,55.29127298550401],[-7.130691352465472,55.29262378749129],[-7.126729630962403,55.29489446406389],[-7.12475219169697,55.29468483618723],[-7.1223372331838775,55.29339397047424],[-7.123118343992371,55.29325035963983],[-7.12224698949431,55.29268961143486],[-7.12294107027796,55.29177693324188],[-7.1217300827269066,55.29176103417597],[-7.122757773793183,55.290796256309136],[-7.1211596502597505,55.28986867382168],[-7.120271748378069,55.29050972285975],[-7.119415833202201,55.288471115366825],[-7.116312079640757,55.287389642926335],[-7.105223536200505,55.288298802995925],[-7.102994532385355,55.286786080728234],[-7.100637298555354,55.287264305463054],[-7.0963246959363575,55.28547779574013],[-7.092756506787728,55.28566851037755],[-7.09352513344109,55.284059242531754],[-7.091725043273119,55.282688168588955],[-7.092427318852797,55.281604891536844],[-7.087183438976826,55.280114433641565],[-7.087134497705559,55.279318254026826],[-7.081797817136579,55.27893048962695],[-7.08066410842665,55.27735307002079],[-7.079472333713534,55.27744528301289],[-7.079475735412926,55.27634034836635],[-7.077816771220436,55.276745993226996],[-7.079365781402871,55.276193683946566],[-7.076811889041734,55.2743376395739],[-7.069716324668454,55.271691383209195],[-7.065562346924495,55.2714381323476],[-7.064117763273389,55.272351541939045],[-7.063303961726507,55.27149467055187],[-7.063241463329062,55.272606889607864],[-7.061760178200238,55.271763428867004],[-7.058744831199413,55.27316107744939],[-7.057588624370793,55.27207667333359],[-7.056589109344589,55.27343696512652],[-7.052712766014023,55.273302292369394],[-7.053641757972722,55.27411574446746],[-7.0521990202134806,55.27375784305213],[-7.052201728395482,55.27454872187117],[-7.050168921148686,55.27347100589524],[-7.04812578337213,55.2754805988747],[-7.041340872927591,55.27528390888239],[-7.0416511946227045,55.27462320072555],[-7.039445474957291,55.2745849075587],[-7.041740049112777,55.27282202506283],[-7.038530800763652,55.27229730325436],[-7.039236028829853,55.27135598896808],[-7.036979230045284,55.27075745212523],[-7.037779657434415,55.26999364866314],[-7.036497654506445,55.26930731181661],[-7.030871449420151,55.26956734743762],[-7.02746265184378,55.2680663168055],[-7.027210956409566,55.26672054473401],[-7.020442254973302,55.26755223352662],[-7.0195707747721015,55.26735297872237],[-7.021231690264286,55.267082601693005],[-7.009194259098674,55.26516863702707],[-7.010098268546953,55.264716996194],[-7.010390617980233,55.261773898436886],[-7.012615173939092,55.260730120201266],[-7.011393531326252,55.25986220196844],[-7.0126433238866905,55.25918896275056],[-7.008727128445852,55.25629709816907],[-7.004699984152614,55.255179778458334],[-7.0001765991454965,55.255505599325716],[-6.996310744220988,55.253999653434825],[-6.984139991664244,55.254904568954714],[-6.979353445372993,55.256545275080235],[-6.971836783222605,55.25618916348014],[-6.968333976782008,55.25399045472416],[-6.965811301887341,55.25391535281424],[-6.9654488134772,55.2529646774358],[-6.962602752227557,55.25315768871556],[-6.960968229021118,55.25455615384695],[-6.960247083211068,55.253631105914735],[-6.957321339835094,55.25421763114873],[-6.952375939880267,55.25298201660076],[-6.952843138167164,55.252427192760855],[-6.951044210039527,55.25087428446164],[-6.947520050897809,55.2492116429179],[-6.93832192393276,55.246770555470164],[-6.934737791998463,55.24324944694481],[-6.933694007079299,55.24036833252831],[-6.930106421218873,55.23962519850845],[-6.9279270912570885,55.2372609478746],[-6.921960159710834,55.2372280509303],[-6.928337075534416,55.23119541209784],[-6.926676188045757,55.23034923118974],[-6.928157633510058,55.22804400581905],[-6.92779062864775,55.226898032176855],[-6.9248295590521165,55.22671549111261],[-6.929895018754133,55.225207848785615],[-6.928878470676074,55.22405804845578],[-6.930579083607679,55.22282287610105],[-6.932988274314823,55.223768076049915],[-6.9319236401169455,55.22272275845581],[-6.935182504122319,55.22196444691757],[-6.934694072127955,55.22114531990148],[-6.936434200767381,55.22105274793001],[-6.936378042057233,55.22009424244117],[-6.941384083715707,55.21828045446848],[-6.940714180992801,55.21755842825501],[-6.941696724057577,55.216788398620324],[-6.949301698446531,55.215709673614576],[-6.952671428178944,55.21410275861233],[-6.953260846104157,55.213459565697846],[-6.951533962615246,55.21332193483566],[-6.951825436025087,55.2119705601497],[-6.949621536680895,55.21086350900891],[-6.9511899874857095,55.2107907415938],[-6.951381529799955,55.20975592722314],[-6.959400268377745,55.20908116433756],[-6.95890701851645,55.209711056555555],[-6.9629243787558694,55.20791660241367],[-6.962957844008456,55.20698040799911],[-6.965202661786238,55.207171293103876],[-6.9665152969559525,55.205970589543185],[-6.968867567051692,55.20627333196158],[-6.983137990446297,55.20175791222451],[-6.98528835531559,55.201603341078645],[-6.982005525764218,55.203047303643956],[-6.983765128156689,55.203322053632284],[-6.98669444335979,55.20221348706384],[-6.98584787213724,55.20172591750599],[-7.0071746866361755,55.19587856933214],[-7.022652729100403,55.18977697716299],[-7.035704400435544,55.188778096979014],[-7.042144106244137,55.18602296026687],[-7.041422746201965,55.186634804442434],[-7.046841362710777,55.18748632758307],[-7.058082183889416,55.18199327622287],[-7.056320980619951,55.18110196414884],[-7.060809886616518,55.18125522327015],[-7.070606180519747,55.17596810114738],[-7.0797853212341515,55.17263953741208],[-7.09808044996681,55.16834937691179],[-7.111579252210098,55.16299239126919],[-7.11762082921228,55.159187524951705],[-7.122023904030023,55.15857299856948],[-7.120981673487981,55.157896380215796],[-7.122759654212082,55.15842681492624],[-7.137592247843355,55.15610889208679],[-7.148728072366378,55.15284890956206],[-7.154319849293223,55.150411324752234],[-7.154677297799084,55.14942817075365],[-7.159082366742758,55.14892330191042],[-7.165692035269852,55.14523599500269],[-7.170549865421729,55.14048310034969],[-7.174910211434096,55.13780706621137],[-7.177348350311585,55.13760284097723],[-7.178990631280742,55.13494008221412],[-7.182162077207498,55.134617394678244],[-7.185264431368256,55.13275499102709],[-7.1886752139808845,55.12884443802925],[-7.18740860523654,55.1269259343688],[-7.188326561643819,55.12518540668971],[-7.191818848293234,55.12427032253655],[-7.19538045964733,55.121535888965944],[-7.1999936131835165,55.12155252432665],[-7.20390430253485,55.118969062576056],[-7.212136406017887,55.108232072296595],[-7.212886283997668,55.10402915330141],[-7.219903300360114,55.10052285238107],[-7.222017578122541,55.096619570482254],[-7.225292889567722,55.09583411316607],[-7.228871024930129,55.091992779422405],[-7.236935776915649,55.08735346861699],[-7.240975991904516,55.08426058374122],[-7.242013757296642,55.081740633174626],[-7.245546994781267,55.081028214966025],[-7.248219074892,55.07647300826592],[-7.251494863044494,55.07370468090039],[-7.251773698480414,55.07199847594607],[-7.25809737469783,55.06638610246288],[-7.264907533518293,55.066624749612416],[-7.272723311469287,55.06344817493628],[-7.276305887229569,55.05808161852344],[-7.277270997523817,55.05427847279524],[-7.286256329023746,55.048500316952016],[-7.289089433655516,55.04741255535738],[-7.299431876899181,55.05612502738703],[-7.313613812592272,55.04894900584887],[-7.314819102490758,55.04659153348037],[-7.318330441278064,55.045078015024],[-7.321707689914626,55.04516075005694],[-7.33350920964376,55.050169368582516],[-7.345277848422263,55.050786087641406],[-7.346193100558389,55.050486086833146],[-7.3446074252842095,55.04881391505787],[-7.350828233629669,55.046428339784555],[-7.356214133894554,55.04569090372429],[-7.363449095293519,55.03822752504549],[-7.3665282240642,55.038597363122506],[-7.376544066244177,55.02868182482286],[-7.391465780262156,55.022321965650065],[-7.3912263464486605,55.02015253607449],[-7.396448069602291,55.01644467148301],[-7.396375248581706,55.01273499959702],[-7.398564468486517,55.00905963232236],[-7.402995052004808,55.0073089908322],[-7.4013941056539805,55.00677595778224],[-7.4055885550660205,55.00333011667427],[-7.398361053058741,54.99876422083328],[-7.3939600393651554,54.999483802904635],[-7.391390909567126,54.99781550450816],[-7.392035528747123,54.99460712017527],[-7.399632393638066,54.99082899330043],[-7.401752293849667,54.9855329188164],[-7.407052980480196,54.98297878146965],[-7.403788609890362,54.97952035289874],[-7.406026306392275,54.978039704476394],[-7.402241456679498,54.974494341485745],[-7.402370573520569,54.97294579776169],[-7.4003404997714615,54.97217056608447],[-7.402773114827852,54.968423238113],[-7.40204946779508,54.96743635656992],[-7.407467690720302,54.96365242694244],[-7.402802549513693,54.96115762089874],[-7.402062357482502,54.95959111401835],[-7.407228002191022,54.95519106200749],[-7.406395721925856,54.954114699014035],[-7.402659146606739,54.95212851637749],[-7.402254813641149,54.94971189314328],[-7.396939175414682,54.946049084000805],[-7.392051238704624,54.94544048439142],[-7.405173834925338,54.94215879073316],[-7.415102155495559,54.9434555067847],[-7.425135011353001,54.943175946583175],[-7.442256465576656,54.938097797382284],[-7.447258069236644,54.93516794158836],[-7.4483899855598645,54.93086543845945],[-7.448198661881104,54.92432407306305],[-7.445097553568085,54.91120706054127],[-7.451564670154466,54.90247294297566],[-7.452501293290604,54.89809684948492],[-7.451575152024724,54.893391777207256],[-7.441996588166634,54.87938204924575],[-7.441794430316507,54.87544325296451],[-7.444132739543102,54.869533534063706],[-7.455154273346092,54.86016451130498],[-7.456341163738157,54.857438696168295],[-7.456026648737018,54.85378624089622],[-7.461383112578641,54.85345542854899],[-7.460989822231349,54.84986263039184],[-7.4699476193064696,54.83965583485415],[-7.47094494357166,54.83478670840408],[-7.481092977026631,54.83124349433992],[-7.48169611406822,54.827419192566154],[-7.483967332745206,54.82383901631059],[-7.494996375020511,54.81892168691431],[-7.501169771495313,54.817388518085735],[-7.51747242435213,54.80822901898634],[-7.528260351214153,54.80772449249264],[-7.529530463354597,54.805046209470184],[-7.527675393410699,54.802859275703085],[-7.538944667985678,54.8009243827434],[-7.541867600409738,54.79862847376162],[-7.541866366180909,54.796091841617844],[-7.545769432785098,54.79362342022021],[-7.549242734826784,54.789370229772736],[-7.544504839093453,54.78658418494663],[-7.54321886897964,54.78245415903505],[-7.5446633396178004,54.78171187593712],[-7.543082114533666,54.77965875350756],[-7.547341349964721,54.774936147467926],[-7.548163061789596,54.77244435342531],[-7.546141249375559,54.76836971113491],[-7.547101663795518,54.766242481154],[-7.546251234158988,54.76190255870731],[-7.548245958189178,54.758169725876364],[-7.547580514731749,54.755366661601],[-7.538808377981759,54.75146383843514],[-7.534224115713366,54.74705423146238],[-7.5379979675942215,54.74725320507021],[-7.543243678149328,54.743657659457796],[-7.543348447975352,54.742634343486124],[-7.5491514568745615,54.740496916220735],[-7.55775882653747,54.74527124678622],[-7.578239411890257,54.7417856881076],[-7.578957309349934,54.743410047430736],[-7.575361330189824,54.74857628409575],[-7.5780918726027435,54.75042316289713],[-7.5866501425075095,54.74986770346007],[-7.588567593335055,54.74369374683449],[-7.600835914082691,54.74598947824696],[-7.605978841875093,54.74420902000351],[-7.61757119073039,54.74335497885671],[-7.620168628776106,54.745436719372115],[-7.636666171368803,54.75148709620693],[-7.671242524034932,54.736044442209256],[-7.676322358641094,54.73305516196668],[-7.677323544464425,54.73087735268265],[-7.687635773734124,54.73003050790156],[-7.697409336519203,54.72632516737762],[-7.697033596041791,54.72377159345974],[-7.701767309008023,54.725600299296964],[-7.711605352197416,54.726067988826934],[-7.7270675535622,54.718720927517566],[-7.735354123613752,54.716887494103695],[-7.7353046846020055,54.714626137741135],[-7.739798767148248,54.7128172144604],[-7.744910132717895,54.705187469382196],[-7.749880297241911,54.70427795535602],[-7.754714819754905,54.706216121629296],[-7.755965820992771,54.70594124455949],[-7.7557627118316015,54.70513754865537],[-7.7568176405938365,54.70553963455265],[-7.753761488312974,54.70748225596388],[-7.759558707389696,54.70666201619921],[-7.7780001791850095,54.71036708214449],[-7.777933569246632,54.71151308258272],[-7.776145009134826,54.712220390679626],[-7.7779447984877494,54.71321541725424],[-7.778791289071038,54.715872054032644],[-7.78095842352502,54.7172981257556],[-7.786223615310448,54.71794899067061],[-7.788746528375902,54.71963691037435],[-7.795231196291425,54.71989528152178],[-7.800498703480194,54.718346534218036],[-7.808083305946429,54.719992291003926],[-7.8071989816995195,54.72233615632367],[-7.812292174513742,54.72423524805029],[-7.812201397858711,54.72631327178503],[-7.816743666557857,54.72912933964544],[-7.816585840648369,54.73184518846204],[-7.817744541622574,54.73379877436524],[-7.824704804000505,54.73592641027729],[-7.8285618952664295,54.73528813279272],[-7.836680069315987,54.73639622429199],[-7.83923920567975,54.73521167778804],[-7.840251224140419,54.73339528090253],[-7.846608534877922,54.73127659450044],[-7.847784230320771,54.729425443587935],[-7.854971744333281,54.726862099080634],[-7.879436366836687,54.702851074641806],[-7.883203797944733,54.70379369421006],[-7.8903222694203,54.703453113677845],[-7.893465085608601,54.70256853084388],[-7.895159657010073,54.700466397615294],[-7.90062988371907,54.70246389688966],[-7.904474370755002,54.70212004483744],[-7.9069473975955935,54.70361993837264],[-7.908186211992433,54.703230219986274],[-7.908488134003604,54.7014169917656],[-7.9109035008373825,54.70097872906834],[-7.917959448754757,54.70270857539408],[-7.920894666121708,54.695964011571874],[-7.917310510481615,54.69608330645187],[-7.912573899996654,54.69431189685727],[-7.9096278988590125,54.6903547179959],[-7.907442912551503,54.68922207829138],[-7.898956069011295,54.690947257357685],[-7.899379135996746,54.68943705366404],[-7.897798684914967,54.68786597990154],[-7.898653483730882,54.68494968190706],[-7.913890645177457,54.67589382011639],[-7.913772752193068,54.67476604118951],[-7.912182999443198,54.67441250420731],[-7.910509918572087,54.669045415828606],[-7.9077841359565735,54.66636426873591],[-7.904545969161618,54.665775196791216],[-7.904169111027394,54.6646647821743],[-7.905148926078468,54.664439554778234],[-7.904000281723312,54.66267324235352],[-7.899851463257394,54.66161064449811],[-7.897177872710275,54.65964940196484],[-7.897933259441334,54.659090196156214],[-7.893317302275597,54.65657616793043],[-7.891505539361728,54.65599940016754],[-7.886690533650901,54.6569945964062],[-7.881806969197022,54.655151706009],[-7.877320972154662,54.65572291307097],[-7.8711466133034245,54.6531790950567],[-7.865255839341976,54.65260692074927],[-7.864488879319293,54.65145242198491],[-7.856612192706695,54.6504785665991],[-7.855552973070996,54.64489901770116],[-7.856229807549865,54.64443360563088],[-7.854585960869484,54.6441668326071],[-7.853995189335651,54.642679371134406],[-7.8573669269844295,54.63975860321853],[-7.85678670802622,54.63836773472006],[-7.850887391698143,54.63610902118626],[-7.850841827857097,54.63461042566513],[-7.852760558213043,54.63486235956965],[-7.852231750321878,54.63345653450907],[-7.854322457618798,54.63304071754117],[-7.853414714448605,54.63190535035826],[-7.854837700149918,54.63220175253442],[-7.851239961247301,54.63057607554312],[-7.842613247638928,54.633975486801276],[-7.834722037368284,54.63424008990755],[-7.834028864054394,54.63337707779331],[-7.828273564097792,54.63305397269586],[-7.8228515868824,54.63586032945902],[-7.8184871767929325,54.64050366684106],[-7.815690343709779,54.640647769498685],[-7.816240690910253,54.64169103117699],[-7.813247405124412,54.64391812483572],[-7.8133404301014195,54.64120173307863],[-7.808340372423686,54.639632691781024],[-7.805434475075062,54.636979397678246],[-7.80492044546304,54.63489271127006],[-7.801329306898116,54.6334363164895],[-7.795992048889053,54.633511175334135],[-7.794825107607094,54.63257824031093],[-7.791560973138059,54.633478063755675],[-7.783597499124397,54.633160578791376],[-7.778935651746387,54.62944117750185],[-7.77939524309734,54.62762343861368],[-7.775885953513519,54.62565317486701],[-7.772097226605385,54.62140811796538],[-7.757804959428787,54.62501645768511],[-7.756930727566818,54.62194858208016],[-7.754174646559719,54.62054713954365],[-7.754321985344724,54.61852335386151],[-7.7433364284476305,54.62027578545972],[-7.741485861131226,54.6179659639083],[-7.738516673865716,54.618896782701725],[-7.7378474049500205,54.62276565959401],[-7.725014716384304,54.627616410878225],[-7.716457066529257,54.628884928428654],[-7.711870623979765,54.631230178741156],[-7.708998233676714,54.63495930416689],[-7.704970421784137,54.63259315517105],[-7.703420805288859,54.627407664882675],[-7.706345495128041,54.61961260211024],[-7.703173188682951,54.618517604669535],[-7.693488326751395,54.61910916952826],[-7.69506915391219,54.618007864120855],[-7.694203711979482,54.613642267733496],[-7.697301245226062,54.61006841571626],[-7.701693360064823,54.61009725039331],[-7.703974385415665,54.60794879588196],[-7.7084870349569705,54.60670472860792],[-7.717639663380989,54.60634959460255],[-7.7256348706360365,54.60365817902498],[-7.728282789957774,54.604118202017524],[-7.729586110793107,54.602570773464386],[-7.736023023189134,54.60163342472352],[-7.736446697626799,54.60061832506951],[-7.741054045134694,54.59937941433098],[-7.744457425959222,54.598999461294035],[-7.745954045437627,54.60011087452116],[-7.749652339557659,54.59853848222129],[-7.751474593063248,54.5988068380496],[-7.760271538027183,54.59423600011772],[-7.763112938005693,54.59007727989849],[-7.758863160350607,54.58755600738151],[-7.7621528029079245,54.58586392684913],[-7.76660815152465,54.58616269181487],[-7.787045512916639,54.5802015428058],[-7.794119413278611,54.58151844368746],[-7.796971156518515,54.579736486234445],[-7.795316090054036,54.578437770148184],[-7.79721747142442,54.57704442684184],[-7.7986096649249275,54.577917927909546],[-7.79954399841672,54.57662302900633],[-7.7988754058327325,54.57396396694677],[-7.796681838476345,54.57156530560292],[-7.799879155174166,54.57044055162637],[-7.8009167310780585,54.56853314405349],[-7.80566005765599,54.56600436766163],[-7.808786003824103,54.56661624627927],[-7.811681411188401,54.56412404075463],[-7.818366888078611,54.56313935669616],[-7.8221030465495165,54.56062815019826],[-7.821931209364126,54.55968562856843],[-7.824749664617869,54.55778457531258],[-7.824368449178521,54.556959377490465],[-7.827894021628142,54.55664472591966],[-7.828706018529679,54.55584458524783],[-7.827168529724131,54.55546824958489],[-7.829006061977998,54.55532345937898],[-7.828884120834627,54.55437123259401],[-7.833249005523743,54.55233996814384],[-7.830568471735341,54.54810281258503],[-7.829302830553301,54.54855292814258],[-7.824208933993984,54.5465570205558],[-7.823895956088601,54.54441204719325],[-7.82828939738616,54.54294151137662],[-7.829982760215566,54.54081617687468],[-7.844260967044994,54.5374072000333],[-7.850503592413595,54.532967260697504],[-7.856643269430578,54.53653947403332],[-7.869434699241842,54.534594197250506],[-7.869960934282329,54.53539395676962],[-7.876295148203457,54.53582452798177],[-7.8809153333496615,54.534997608198594],[-7.884126614748387,54.53685137578669],[-7.889870128184073,54.53678099428413],[-7.895179511086987,54.53500603338641],[-7.907541032004711,54.53751380555279],[-7.912994435691925,54.53586860332949],[-7.91944714973909,54.5367735339444],[-7.924663151256991,54.53474240770981],[-7.93752300736723,54.53292963990288],[-7.94446713041881,54.53596353489215],[-7.949883803370994,54.533687494540516],[-7.953300648924627,54.534341782297865],[-7.956833717167309,54.538167488449034],[-7.9595005566479395,54.538175272576694],[-7.958499368470934,54.539442213396704],[-7.960363424557974,54.54089824988139],[-7.968794279526069,54.54393839284119],[-7.9706104974275105,54.5472155940081],[-7.991468816825118,54.542978218419805],[-8.005980275699114,54.545893749157514],[-8.014110451718267,54.53586937973131],[-8.012205717258924,54.53418117179294],[-8.012887994189493,54.53310882348381],[-8.017224998984307,54.5319257222979],[-8.017389493681002,54.52967077812473],[-8.021028131206789,54.527832072895364],[-8.026275555475362,54.5219861421599],[-8.029026337772295,54.52090628801671],[-8.033883254392565,54.514543142728535],[-8.036446438869739,54.513282335274425],[-8.039779701061194,54.50943015867813],[-8.039352227794641,54.50742270614583],[-8.04179361802286,54.50646494560992],[-8.03827277457582,54.502946214179275],[-8.042756424005002,54.489983752296695],[-8.042668882535672,54.487731464965336],[-8.065080077826718,54.486645990019056],[-8.076722208348102,54.48719648828248],[-8.076622463848388,54.487938990519474],[-8.078523550963254,54.488266225100055],[-8.080873843800864,54.48799268179449],[-8.08060039992383,54.48699513127481],[-8.089024685316597,54.48707848966306],[-8.098683711712287,54.48425265284582],[-8.09549182812601,54.481774496001876],[-8.097273121875466,54.47944648719485],[-8.094334106626274,54.47950385083329],[-8.091113788813963,54.47635493784442],[-8.097811820251117,54.47727492986612],[-8.103413414757348,54.477168927804556],[-8.104639514098805,54.47620635433195],[-8.113150662006385,54.47639169907266],[-8.115364140860835,54.473016047186],[-8.111535151080131,54.47030433349624],[-8.114831134539271,54.4690633201055],[-8.148635649157711,54.46992063896068],[-8.164300021908199,54.469103465919474],[-8.173804446118053,54.467295758466],[-8.177457075754047,54.46476411291307],[-8.184517109496877,54.46549779543664],[-8.185491580878889,54.46675014238128],[-8.190741510435004,54.46749206074112],[-8.195684475123361,54.4673300173643],[-8.198079638679056,54.469153689788726],[-8.205972205615183,54.46982662131469],[-8.211373552120223,54.47212919323591],[-8.2210107643993,54.472928374959274],[-8.224155382936756,54.46986706786014],[-8.23196882187121,54.47044953093358],[-8.23141733275456,54.4669947491664],[-8.233456892495006,54.465607752291426],[-8.23385571338635,54.46236832244955],[-8.236610296240762,54.461043860526786],[-8.253023451839114,54.46226844487358],[-8.25897698349307,54.46071860661685],[-8.25876188995481,54.45969863616842],[-8.259947123714726,54.459062684414526],[-8.270640540306097,54.459787667672416],[-8.272884084897235,54.46147890026753],[-8.282882902715889,54.46476365344936],[-8.287809749012872,54.46261721817923],[-8.299298770536957,54.46371055131608],[-8.304469468552966,54.46812833280258],[-8.304251945515169,54.47141735670437],[-8.310055339227578,54.47190475205006],[-8.31294034942333,54.47434467224834],[-8.316875248733584,54.47390461087707],[-8.31973457606608,54.47233219711805],[-8.321756058297089,54.4734643421685],[-8.318405131543813,54.47627861482162],[-8.312235311605058,54.479065396254974],[-8.299934883731623,54.479222864432835],[-8.28858077395131,54.47786342053023],[-8.288866577032387,54.47700734113598],[-8.287966417391216,54.476860099859294],[-8.282452210568554,54.4778692245786],[-8.282039781462428,54.48052736132986],[-8.279230589898699,54.48126496769726],[-8.278306948754121,54.4834519240802],[-8.283549314908878,54.48521236098776],[-8.279792823078262,54.48510027044819],[-8.283168822321104,54.4877150146704],[-8.273904227795772,54.490240958403554],[-8.26581990232242,54.49094664288317],[-8.266623143791717,54.494544672651266],[-8.264553086843762,54.5017014665433],[-8.262178569518193,54.50521958772406],[-8.256907901800961,54.509334723163754],[-8.251712336199112,54.509236613519235],[-8.258119544986691,54.50422963154642],[-8.256710382403396,54.50188000563528],[-8.251740725162508,54.500202958363765],[-8.238857635243662,54.49998420124334],[-8.22212260851957,54.5031212812474],[-8.210458598158173,54.50038982259721],[-8.20602151715696,54.501095623448805],[-8.203272234260249,54.49936963551656],[-8.20360569126712,54.500258601126056],[-8.196610029511636,54.50047822160693],[-8.19637394973528,54.501650204098475],[-8.199273533092194,54.501348283803175],[-8.199689904115347,54.50238319565381],[-8.202951888500156,54.502541717881385],[-8.202382193186688,54.50329753760253],[-8.205873052107103,54.5027859934666],[-8.205038733163072,54.50451030569524],[-8.207253911662619,54.50522978420304],[-8.20655204667427,54.506925863253315],[-8.204377900725422,54.50745830016489],[-8.207020181838136,54.50845187237814],[-8.20919818859356,54.508595984668474],[-8.210125920436395,54.50678393077905],[-8.212063962199588,54.506339976412434],[-8.238480711093759,54.50775966692495],[-8.240500255809891,54.50908060743852],[-8.240821766603377,54.507524799702324],[-8.242372383446812,54.50718481955749],[-8.247338135783975,54.5087343090513],[-8.249605344693105,54.51098490064068],[-8.25400825279708,54.51177007875241],[-8.256945188661415,54.51595570308648],[-8.261447666401367,54.51852846135226],[-8.263556106009414,54.51855143378215],[-8.269384232018451,54.525082740132],[-8.264375922780205,54.528367307614005],[-8.255147839550215,54.53059632769446],[-8.252277691336067,54.530153807810215],[-8.25224498430649,54.53309561190886],[-8.249259802813096,54.53434680255609],[-8.250323309020919,54.53483277056276],[-8.240992011806247,54.536728612431034],[-8.236295885010362,54.53942053905921],[-8.233416907456506,54.5398050410701],[-8.231176022681737,54.54237337386261],[-8.226988484940172,54.54343516218498],[-8.223311568124853,54.54593716175913],[-8.218041363430844,54.54632887662121],[-8.217870722845442,54.54727786214801],[-8.21017783146337,54.548716306739564],[-8.210447496805594,54.552409779231944],[-8.213122535833726,54.55937930711492],[-8.21541422656382,54.56284777302889],[-8.221131984513294,54.56786198023336],[-8.2213714656276,54.57162025536776],[-8.21805123488079,54.57455002608733],[-8.210175426241685,54.57172869297377],[-8.205369625199754,54.573323784010675],[-8.199663934109088,54.5769721242353],[-8.195394221651316,54.57699972231531],[-8.19538490104874,54.57592426672997],[-8.19399012384059,54.576881472890676],[-8.193806721124124,54.577133367234815],[-8.193749616248535,54.577472349333014],[-8.194218619950508,54.57693739804096],[-8.197196013579518,54.57891149592659],[-8.193021423213995,54.58373667469653],[-8.182536416966185,54.58627966114194],[-8.177765542493056,54.58642059422597],[-8.171858893634457,54.59386844633334],[-8.165513583263438,54.595149087506535],[-8.164127439419694,54.59765525402335],[-8.163200759134037,54.60406688228829],[-8.168222605299926,54.61796570047725],[-8.16806109950162,54.622058944107714],[-8.165965548754013,54.62429222109623],[-8.153643622750499,54.62643483800948],[-8.153908337196581,54.62378520782697],[-8.149264995230313,54.623226347756415],[-8.150896443734261,54.62300489384966],[-8.149321396345847,54.62099978199854],[-8.151057256520497,54.6228521547453],[-8.155602279778194,54.62140123188383],[-8.157483486835936,54.621862615733406],[-8.156223575164592,54.62047763449904],[-8.153108341193954,54.620203338224],[-8.156339011189516,54.61927588266923],[-8.156456058481021,54.618051953363796],[-8.154636008782546,54.61758247862617],[-8.15004590727807,54.61829386505881],[-8.148722120558642,54.62055927415993],[-8.148083831762582,54.618457920896915],[-8.153664711000843,54.616716435530265],[-8.155454151610558,54.61419705884941],[-8.153750578305496,54.61369889355725],[-8.153595281915544,54.612364849444354],[-8.15152657087495,54.61324677599747],[-8.145699099256108,54.61067987833495],[-8.145757168707837,54.609268888437306],[-8.14314757368968,54.60900794952257],[-8.147083830468029,54.607860919178506],[-8.151685480029675,54.60405853157055],[-8.151665052368653,54.6030930960952],[-8.149314949880027,54.602347949256426],[-8.147330494460968,54.602158819211226],[-8.145319993451828,54.60375969762237],[-8.134838108862077,54.60334004876083],[-8.133558345081168,54.605206132985614],[-8.134327974896362,54.605460950875816],[-8.133394794476951,54.605329785711895],[-8.132352339242516,54.60700913732436],[-8.13239627357576,54.60882374313454],[-8.133999019337349,54.6103789695469],[-8.129068982135658,54.61143278843859],[-8.128415809577719,54.61275286261981],[-8.135600617154825,54.61406671840815],[-8.133444101515002,54.618052876214605],[-8.131396225227308,54.61890304996999],[-8.12749615007661,54.61908960590832],[-8.125367135151516,54.61791482712149],[-8.12665393962344,54.61631238414359],[-8.125180777063216,54.61456697575437],[-8.12534586490222,54.61415768979862],[-8.126520969226197,54.613378876502445],[-8.127080828861391,54.6126179591875],[-8.124968494555306,54.613858222570705],[-8.12430321983709,54.612782348340666],[-8.123953335743893,54.615662883983305],[-8.121748170500055,54.61684244667663],[-8.114350335840621,54.61547695393508],[-8.113681919145062,54.61251617296867],[-8.119337249789183,54.61200955547456],[-8.11994287823431,54.6116551266342],[-8.118580416644948,54.61129451566662],[-8.119458226184662,54.610708592589134],[-8.116561622683848,54.61178579158628],[-8.109779577221904,54.61113990715324],[-8.11145326018013,54.61198805635111],[-8.10702875490954,54.61299981764391],[-8.113245970361033,54.614622312078744],[-8.110759813952178,54.616283237863804],[-8.105289257549982,54.61638718694153],[-8.106770357287266,54.61736619168967],[-8.104694632904462,54.61782420047036],[-8.105950923065055,54.619444490111974],[-8.108082886434957,54.618062965588074],[-8.108214163876893,54.61952790034161],[-8.109034035525932,54.61841435256952],[-8.109595201818944,54.618534209292335],[-8.1092123985723,54.61974510646436],[-8.109953035023604,54.61961833154488],[-8.116032881570657,54.61955647522468],[-8.117004081133029,54.62041673659171],[-8.116296739309517,54.622100904174914],[-8.118182267343151,54.62396071034457],[-8.124530373974217,54.62079135457589],[-8.129524413034726,54.61997172303035],[-8.132044035703592,54.62340021755745],[-8.124241403464007,54.62607121752537],[-8.118405609773744,54.62613281578149],[-8.119363217754426,54.62735784394719],[-8.128157048822542,54.626640353760685],[-8.124340050778713,54.6292917556477],[-8.117873607952175,54.63111065837379],[-8.115971526492508,54.630070692818975],[-8.107555381968304,54.63277382408322],[-8.114114084352048,54.633175309696504],[-8.12221660037684,54.63064232332291],[-8.128614707306085,54.63138431022825],[-8.1226244648233,54.63392892905643],[-8.124211498542492,54.63441617652772],[-8.132956889159962,54.630824384119755],[-8.136810622509119,54.63198928351241],[-8.143900514188681,54.63044399385715],[-8.124634924652185,54.635533816340065],[-8.121501921550111,54.638414712837594],[-8.122164776967537,54.64099691554539],[-8.117064684912224,54.643094195176296],[-8.123259926034038,54.64284402633991],[-8.124054477271551,54.643719188107596],[-8.121050315091207,54.64629288404133],[-8.11581836308953,54.64812371940775],[-8.115007916189544,54.65126133391469],[-8.112367612845798,54.65177560453572],[-8.111395764002111,54.655182127596085],[-8.109854461283332,54.655260131817336],[-8.111706305745438,54.65546626066541],[-8.113626193969413,54.65247081953543],[-8.118262806209687,54.65088023839171],[-8.122777472882996,54.65109430634419],[-8.128518369293266,54.6477977131581],[-8.129977039242604,54.648075320047234],[-8.125491410883507,54.65201091247184],[-8.13010542070393,54.65280478186752],[-8.13178499662951,54.65071909117019],[-8.135155077350934,54.65025875283763],[-8.136355129175293,54.64762400157918],[-8.133276278569479,54.646338874406354],[-8.13499222197667,54.64497827462366],[-8.133777804486162,54.64364724789166],[-8.145328436135726,54.63956552037811],[-8.146311832981095,54.638077041817674],[-8.15273536499056,54.63484925790682],[-8.161171628741608,54.6343180582004],[-8.15997188808119,54.63354462053979],[-8.161677330132306,54.6310679937906],[-8.160425470452438,54.629315201148245],[-8.162058114193544,54.6284289206119],[-8.162970882149802,54.6298725390654],[-8.161787223269364,54.63186249884543],[-8.162067252802688,54.63464633406359],[-8.160048637798972,54.63592422329052],[-8.159761446949597,54.63750394923931],[-8.167177100532848,54.641843360642646],[-8.162588966444677,54.64426008961229],[-8.155643630247246,54.6434078312102],[-8.154151804943933,54.64616188439966],[-8.14977903064579,54.647784693441274],[-8.149314496261207,54.648309369692115],[-8.147423697079676,54.64888737996826],[-8.147090556935659,54.64929983595759],[-8.157874823575568,54.64638911762165],[-8.159711935804724,54.647818007941034],[-8.158627820514635,54.6490289184322],[-8.162738753332667,54.6481051198042],[-8.16400777841491,54.64943086716546],[-8.16402865310572,54.64784640962627],[-8.16935397963649,54.64513494310163],[-8.173956098974392,54.644446371236434],[-8.172698447297465,54.643299754543364],[-8.173642494049187,54.641788064016474],[-8.178231025212206,54.63960808207235],[-8.180894589181117,54.640067327954746],[-8.177603230570703,54.63893595616006],[-8.17317143728707,54.63927905010375],[-8.171107465322404,54.63762180769612],[-8.171716136868866,54.63605035062187],[-8.178536518876449,54.63881274754773],[-8.18730215054249,54.640318684186326],[-8.195860004759957,54.634552842805824],[-8.203813103276689,54.63271754302487],[-8.206019851062267,54.6305203792854],[-8.204578766474661,54.629731916239976],[-8.214626948524216,54.62959165605823],[-8.230235624525669,54.62372986659314],[-8.234009421568965,54.61825268857136],[-8.246806941528462,54.61776927808028],[-8.253595452332654,54.613726914363944],[-8.260539018185685,54.61242244096455],[-8.262627294910343,54.610630604704454],[-8.272138232791143,54.606813809251975],[-8.281167878521437,54.60486176497295],[-8.292723477506396,54.604116210219516],[-8.294088780573366,54.60269301727823],[-8.298638620398432,54.60135394836009],[-8.296586642575004,54.602542596737045],[-8.297300536628946,54.6043970543936],[-8.296445598978995,54.605931348073646],[-8.300644644221409,54.60910593170212],[-8.293645864750733,54.61371209316998],[-8.288860441508756,54.618896945791896],[-8.290652602991573,54.6228005509168],[-8.28447121594278,54.62505724837557],[-8.282608832048304,54.629940078460905],[-8.280335413160584,54.63174759726279],[-8.272004652787684,54.63541604943616],[-8.277539444316067,54.64099501346328],[-8.27769494492854,54.64268150329282],[-8.283452501403058,54.64639923728698],[-8.287771700814902,54.64682149294585],[-8.297529306116596,54.64331299262712],[-8.302898928706789,54.63862594635909],[-8.310575982748544,54.63721011471895],[-8.309337190896109,54.636682997487355],[-8.317824367175445,54.635721127013106],[-8.328339799516755,54.632106492758396],[-8.332885280004428,54.63255986919692],[-8.339156276163084,54.62971139087359],[-8.34204908719044,54.630795091330796],[-8.349263081755558,54.622852289529995],[-8.350054042440869,54.61961105206415],[-8.352544664628955,54.617774466834135],[-8.354031546028729,54.61425940940085],[-8.361762899415899,54.610294146991926],[-8.368914211665391,54.608444777870844],[-8.378202086144512,54.60437101461868],[-8.378979269601386,54.60374936732075],[-8.37826035111185,54.6016638106934],[-8.38563983180622,54.59926791345447],[-8.392747883552426,54.593490932290166],[-8.429929689795259,54.586684248512924],[-8.429281542888,54.58285996410125],[-8.439858952619065,54.5811076564108],[-8.43932980288768,54.57778339879055],[-8.435150427580913,54.57763328710746],[-8.437923497415841,54.57600815764495],[-8.4371852710069,54.57507182317078],[-8.439005595242579,54.573730029522416],[-8.450967255034607,54.56866408237348],[-8.45620490017824,54.56751477140473],[-8.460421061622567,54.56805128491579],[-8.461518463307012,54.567186297208636],[-8.463198740826208,54.56858923953908],[-8.462834040527852,54.56927597967605],[-8.457136060720636,54.57064460541639],[-8.455208351838072,54.57287063484084],[-8.455708752249262,54.57488747723471],[-8.454479606838936,54.57646462051491],[-8.450174573475028,54.579558541706994],[-8.443115986022177,54.58176325649554],[-8.443483634871619,54.58369323291248],[-8.445968130138747,54.58458210755115],[-8.445634253948791,54.58705246552833],[-8.44835001237971,54.58767879209889],[-8.44022875523126,54.58864735033124],[-8.425163393555914,54.5926787422914],[-8.415848313484718,54.593481790456586],[-8.398473204722224,54.598471586143475],[-8.395242472751391,54.60073239002893],[-8.395521320983356,54.603260059295074],[-8.399253558040277,54.60220473683954],[-8.390125631539325,54.60570007534905],[-8.37638103654909,54.61355973039256],[-8.377171435090528,54.61469193418165],[-8.381314038299028,54.61468953507745],[-8.378350477969981,54.61784596347252],[-8.378954704341364,54.61890444796043],[-8.381137318637482,54.618340891506634],[-8.378052259276615,54.62082786441034],[-8.37924278861607,54.623874977918675],[-8.382660709535187,54.62547018135922],[-8.387609919931913,54.62581033138149],[-8.385684572164207,54.62674074540179],[-8.387687512935749,54.628275306965634],[-8.390151379903362,54.627884522937535],[-8.38490731838564,54.6363242749715],[-8.391681961595522,54.635464888498966],[-8.392596218147329,54.63470305051863],[-8.390150389265296,54.63307555651332],[-8.393442724252065,54.63066792505357],[-8.397202365574415,54.63156481582625],[-8.396809148119473,54.635316388434596],[-8.406881961332877,54.63139381935364],[-8.409017062138133,54.62948092114985],[-8.409440135099784,54.62716793771368],[-8.415538768537301,54.62619401051181],[-8.416478970476893,54.62565436255899],[-8.416244314970202,54.62426315567425],[-8.418676805346761,54.62377866879206],[-8.419826137739072,54.62187940283753],[-8.418171465097428,54.6211174961255],[-8.419511570765804,54.618555488880574],[-8.421218938680607,54.61876202334812],[-8.423020812774647,54.61744867161512],[-8.42366350082008,54.61822484837087],[-8.425221279904337,54.617032457100194],[-8.424174222216307,54.618222656109204],[-8.425568031026277,54.61914175679915],[-8.427730818905543,54.617224498393256],[-8.427889428172701,54.61992421058141],[-8.430539396909984,54.62046724837518],[-8.436843904575966,54.6169284231169],[-8.43597726489961,54.61401387706767],[-8.438129063151608,54.61432783991419],[-8.437779718854179,54.61632604268455],[-8.43391913354497,54.62040570406124],[-8.43763219241643,54.62142065934438],[-8.43729718284263,54.62221920677872],[-8.436106038967319,54.623726106055884],[-8.429127612674755,54.62585449823595],[-8.429950524566458,54.628163369443996],[-8.431691146395316,54.62939772959128],[-8.430556536001987,54.63099270253055],[-8.43141171892162,54.631827302079465],[-8.43052955373979,54.634046798504684],[-8.425570036941792,54.639003480873576],[-8.425037364975877,54.64112019219883],[-8.421236397189992,54.64404604828336],[-8.421105067438676,54.64660773004701],[-8.422567061809923,54.64727649066453],[-8.419071900353476,54.64980069008386],[-8.420091547250548,54.65078038285335],[-8.41960937719251,54.64968446787459],[-8.421178048260636,54.64996519775841],[-8.424335739981858,54.647279733237326],[-8.423915753433583,54.649175413814135],[-8.428150613563828,54.650929568306275],[-8.429059831078204,54.64958875629428],[-8.428630418408886,54.64806820897748],[-8.430285341214216,54.64647232892107],[-8.429877527787786,54.64505299703198],[-8.435101665058669,54.64040627427042],[-8.435747794839735,54.637998002133436],[-8.443610744595839,54.63577441452539],[-8.44560991427958,54.63343959020504],[-8.44377778070444,54.63322510456843],[-8.444964495957963,54.632547543345034],[-8.443777260956015,54.63161824164717],[-8.44158957908014,54.63225055729695],[-8.444076593985082,54.63009423581415],[-8.442881850964664,54.62968703099317],[-8.443383808186574,54.62897128443491],[-8.440090842884555,54.62880032317073],[-8.439423683351778,54.629072774436736],[-8.44078612943307,54.62950723885401],[-8.439711457273093,54.6301105672731],[-8.438780940478324,54.62938575509913],[-8.440943228671447,54.62784055370697],[-8.441893933732285,54.623573915046045],[-8.444712233026952,54.62080764469652],[-8.453530691731745,54.61858687731657],[-8.453836097722178,54.617454921573014],[-8.452211977769455,54.617567075889255],[-8.453706264361832,54.61689011908122],[-8.45432632522282,54.61473842128505],[-8.457946493231018,54.61461080785551],[-8.459669620120335,54.610948747195074],[-8.459073364318108,54.61024606386119],[-8.465382317416223,54.605429420872696],[-8.473363552272104,54.603985270491776],[-8.476192890381606,54.60464434952467],[-8.477460400536229,54.60346868413766],[-8.477414299265812,54.604286621199876],[-8.483833138794116,54.604913532764584],[-8.482754737660176,54.60565991998682],[-8.48272981138472,54.60750128917601],[-8.484746183822732,54.60891157233277],[-8.482413607974374,54.610293025794945],[-8.482014290584079,54.612425663760604],[-8.479155485189692,54.61484309168508],[-8.482153420170315,54.617682951737656],[-8.483959488331443,54.61655929188461],[-8.48619331553972,54.61715949855946],[-8.486592981309775,54.61883116507836],[-8.48553412924335,54.62027848798429],[-8.486278002692497,54.62053794037101],[-8.481789823037275,54.624076534394995],[-8.480242224733738,54.62375727685663],[-8.47799453176927,54.62539887124694],[-8.47426754295051,54.62614936843641],[-8.477671874226921,54.62657900797581],[-8.480602759361195,54.62832491631737],[-8.478925368180724,54.62883320847028],[-8.479217719045685,54.63126040969224],[-8.480407233401387,54.63123376449591],[-8.477718153422696,54.631892217766314],[-8.476482874692842,54.632844328502095],[-8.477076463772013,54.63417148895316],[-8.475883158126667,54.63453758186406],[-8.4774409135139,54.636872561177604],[-8.478219041273585,54.63643258245941],[-8.477626033251495,54.63692018905393],[-8.483561805969298,54.63606975631303],[-8.477894896045571,54.635772739008154],[-8.477922271062713,54.63322518683113],[-8.4890701478131,54.63515286739796],[-8.491921504094861,54.63317874097545],[-8.498453079849636,54.63232259400894],[-8.506309979989586,54.62964927941379],[-8.508301115820721,54.62708839369061],[-8.52016817003673,54.6254324879597],[-8.533079356036836,54.6201448647363],[-8.541342660851408,54.61943007931641],[-8.54231059778549,54.617878093083895],[-8.546133271203372,54.617892998593675],[-8.549465550862418,54.620737159237194],[-8.55748906938882,54.619782006697996],[-8.561668341661717,54.6158183634647],[-8.564996322751888,54.61453670976893],[-8.571245080175002,54.612928391846125],[-8.577007575496381,54.61434468850803],[-8.578462958063984,54.613167542786584],[-8.577460258007628,54.61211994078513],[-8.578789729950376,54.611036863691524],[-8.57845260133659,54.609827129434954],[-8.581809838666649,54.6095585510903],[-8.584545351699969,54.60668032434871],[-8.5879448546574,54.60648141048688],[-8.592572718212717,54.609175950842264],[-8.587981837380092,54.61071217369655],[-8.586002830109102,54.61332330901823],[-8.586301344816802,54.614659486754874],[-8.5838103528111,54.61567701721491],[-8.584366499393658,54.61670611949684],[-8.591460902264775,54.616487586034125],[-8.594491913630707,54.61767070911947],[-8.602220602665676,54.618105515794255],[-8.605904750881257,54.61718705588736],[-8.610421379306748,54.61758438352647],[-8.617795951504837,54.62042704870797],[-8.605080957242992,54.62285617526388],[-8.602523111966903,54.62490570479326],[-8.602973201866664,54.62680550723036],[-8.60690650826881,54.62483105526852],[-8.60965655162622,54.625115450646874],[-8.612705756286292,54.62289912540781],[-8.624014895303661,54.62324183758248],[-8.624543431061783,54.62476585666307],[-8.626427249638649,54.62522288871749],[-8.624663377216391,54.6271923050319],[-8.625975199460816,54.6275095817466],[-8.625990699666628,54.6287923149949],[-8.627989677840306,54.62880676489278],[-8.627241369203283,54.62962225569483],[-8.628010239349956,54.63045908558585],[-8.631245599204648,54.62985882190598],[-8.631769949087639,54.62825869403791],[-8.635460112241082,54.631007001629165],[-8.633825455549513,54.63404271725187],[-8.634086023449987,54.63570020425675],[-8.630859768022086,54.636491591224576],[-8.63458379451016,54.63890027873579],[-8.635086267908205,54.64121711976972],[-8.636712645185488,54.641831980728504],[-8.637571315319553,54.64390126568193],[-8.642837544939322,54.64666298208384],[-8.642928893051034,54.64967075402237],[-8.643918424787488,54.64767109923435],[-8.644437706522496,54.648227214424104],[-8.64423314744636,54.643811297369005],[-8.642962146442235,54.641397169271556],[-8.639982550555152,54.64000167647987],[-8.638620093210303,54.635159662544815],[-8.638928953078745,54.62995182526617],[-8.635918886824095,54.627626400064734],[-8.6341067261885,54.62409512035314],[-8.632189942639176,54.623397810352316],[-8.631155447724884,54.624565332215056],[-8.628739660402967,54.62187697980746],[-8.631448399586393,54.622645647871416],[-8.631124065247626,54.62180367460423],[-8.632935794785729,54.62164169507147],[-8.635926643676937,54.62290252440448],[-8.638960065362449,54.62117059183914],[-8.649094464113594,54.619752973137736],[-8.651342641126233,54.62116367175956],[-8.656353689053264,54.621251930505565],[-8.658553614120953,54.62253341533553],[-8.661718864471784,54.62133052669535],[-8.66092684785938,54.620527791965195],[-8.662507161581669,54.61965613602936],[-8.670358797480466,54.62145676127085],[-8.680176877623099,54.61919193543612],[-8.681928111264543,54.62035816130911],[-8.679738487826427,54.620237203626],[-8.678880987873,54.62277172961669],[-8.683863171766957,54.62495917163218],[-8.686223455373783,54.627748541207346],[-8.684694104805684,54.62792433143862],[-8.684458212664847,54.629050559099554],[-8.68056826661588,54.63142995659843],[-8.677745253427345,54.632089011109954],[-8.67735766895914,54.63390592880434],[-8.686280894059987,54.63551596142486],[-8.687009080080893,54.63761601372668],[-8.69303776607458,54.64260040297796],[-8.697194332983056,54.641587485594954],[-8.697373167075549,54.64304271379108],[-8.7007199174696,54.6437069116954],[-8.702835835686466,54.64337695391403],[-8.702659391702324,54.64243734410982],[-8.706267731504417,54.64233433195004],[-8.706770267047244,54.64141810869241],[-8.710448665466844,54.644332090790186],[-8.72550702446552,54.646019666805294],[-8.724431391558834,54.649148778079244],[-8.733821971539625,54.64977324346145],[-8.739856064991491,54.652456964554126],[-8.744495459740131,54.65122567208895],[-8.743709969286323,54.65252804262506],[-8.747220209432175,54.65374999469628],[-8.761901534598687,54.656576434588615],[-8.769350039322488,54.65605755530088],[-8.773253312095981,54.657409761432646],[-8.772699183071264,54.66060721095921],[-8.77069039838317,54.66277788696846],[-8.771771549072067,54.664205269513495],[-8.778838724810814,54.66410968268061],[-8.779881138021615,54.663231168176544],[-8.77911260993882,54.66028215814507],[-8.780515938833869,54.65970883506118],[-8.781216093896951,54.66118201443059],[-8.780331331303676,54.66187774562128],[-8.782663864464087,54.66203281672881],[-8.782610474027422,54.66358371462729],[-8.784479992360753,54.663044496705126],[-8.785452297634793,54.6655639162577],[-8.787278619985118,54.6634784256687],[-8.786328411073471,54.66310789098618],[-8.78689734714481,54.66112005223882],[-8.788142475748435,54.66149886245589],[-8.788367604244181,54.659959458719115],[-8.788494899821378,54.66187000436824],[-8.79061279919582,54.65977285010614],[-8.792038296562183,54.660506096642465],[-8.791722801464829,54.66154018464175],[-8.794141144378116,54.66501563090642],[-8.792776664258833,54.66680491756563],[-8.79467134420277,54.66869649238296],[-8.789379475907378,54.67222805934149],[-8.790203154141592,54.67500289496195],[-8.786933480128722,54.67303912510597],[-8.784257965398316,54.67422317415188],[-8.78433505689679,54.676355125133384],[-8.785632831567744,54.676890340789186],[-8.7838072020173,54.677864595499905],[-8.783823673517036,54.679209052395045],[-8.786879669806966,54.68186246038853],[-8.785883758553364,54.68307129519037],[-8.78760328125379,54.68421961741927],[-8.784978439795685,54.68637480944999],[-8.786588146618813,54.68627520311124],[-8.785349981495735,54.687611477903964],[-8.781865512048169,54.688916733257855],[-8.7826405165176,54.68991635534261],[-8.785702668132636,54.68996564708877],[-8.792857705953956,54.688631893920125],[-8.792573457226382,54.689499494389125],[-8.796326833579723,54.68991861488207],[-8.796196616730015,54.69149332564057],[-8.799926221057595,54.69215380672962],[-8.798277030468187,54.69343596816235],[-8.800887181198547,54.69331209405782],[-8.800586421475057,54.69483256928523],[-8.803412483879507,54.6948849417866],[-8.801737445943283,54.69671849044435],[-8.803382971578865,54.69716463504104],[-8.80202171221692,54.69779158849141],[-8.805742960424578,54.69858738113173],[-8.804835527804501,54.700856661372946],[-8.802171072149664,54.70188259615745],[-8.802920124826835,54.70288846039253],[-8.797959236926063,54.702053485600715],[-8.798225162324634,54.70345515624151],[-8.796138175903419,54.70421288985839],[-8.797340981668354,54.70513543442919],[-8.793473021946573,54.70638593413772],[-8.789698424535894,54.70565414009751],[-8.789265774359587,54.70218475668907],[-8.783321873612715,54.703542318507125],[-8.779934919518526,54.70135374561222],[-8.77322694221639,54.70526450024575],[-8.760499399740608,54.706703006881966],[-8.762351625687053,54.70753250762662],[-8.761820937045188,54.70928644606389],[-8.758805516795125,54.70829053223472],[-8.756874817778318,54.710121930875324],[-8.755413352327084,54.70976745434318],[-8.755771354359913,54.708951564918394],[-8.754304688827409,54.709478800924785],[-8.750196675510049,54.70762122470657],[-8.745427276745927,54.70731757721026],[-8.74091904859615,54.70849911309755],[-8.740180094070157,54.71201121323813],[-8.73100777936425,54.71150962158769],[-8.732088678666116,54.712979425317734],[-8.736870995876053,54.71322256550618],[-8.73680097753379,54.71364819378715],[-8.73454911355269,54.71418869223912],[-8.734582170281412,54.7144007473041],[-8.73729838340175,54.71423983168338],[-8.736917955875986,54.71323534442137],[-8.738419474239155,54.712151857120475],[-8.746925087092901,54.71182263041821],[-8.74874651896147,54.71279413354377],[-8.747519289321806,54.71333407573482],[-8.748688544555518,54.713692321294005],[-8.747076934911718,54.715220219112986],[-8.748137937682806,54.715363314434],[-8.747969441612252,54.71673701106413],[-8.749736168838233,54.71769298703239],[-8.751537819343108,54.71704011469298],[-8.75007719383584,54.71867073184605],[-8.752130685260012,54.718197576344885],[-8.750008808153542,54.71943759447118],[-8.747447893696961,54.718911427556186],[-8.744129990249931,54.72106677206885],[-8.747895232646199,54.72139186709362],[-8.750222459309736,54.722805430208666],[-8.747931174406622,54.72550484013202],[-8.749621678072106,54.727795207577785],[-8.74036052356177,54.73195473130682],[-8.741493793688,54.73368095902641],[-8.740096346605425,54.7350584194063],[-8.745710592123187,54.73610430175936],[-8.745417942635264,54.73859796248133],[-8.741756946438592,54.738727261486574],[-8.738220444182318,54.73679863831772],[-8.73452776369374,54.73763817406137],[-8.725455958333674,54.742414088031694],[-8.719685091293682,54.742476307500596],[-8.715469810531875,54.74410882011871],[-8.711529654789429,54.74366690751338],[-8.708949929627984,54.744913668563306],[-8.707075217701059,54.74386191490232],[-8.704807762253768,54.744372858469895],[-8.702156031277017,54.74695821522725],[-8.706473830509132,54.74859374794765],[-8.703534140878165,54.75055735551847],[-8.705232707021139,54.75170155660706],[-8.701291384137791,54.75443879774933],[-8.696395477134802,54.75551199208175],[-8.697850558866245,54.756485540167155],[-8.696862594488106,54.757124808400356],[-8.69513559424055,54.75647947585372],[-8.689369322901266,54.757789524817504],[-8.688552502376304,54.75885193476186],[-8.68922357984195,54.76044897533993],[-8.6913611783731,54.76233464426506],[-8.67936551212369,54.7601241796756],[-8.673065546213232,54.761049327680595],[-8.668879310407725,54.76323111212168],[-8.668623389003175,54.76495945782901],[-8.670497484966523,54.76609467417336],[-8.665224545616482,54.76735988597805],[-8.66830864921906,54.768774019751746],[-8.667719730200178,54.770419952505755],[-8.664660599236566,54.769362047656074],[-8.655964006602483,54.76907527581316],[-8.646347223599005,54.77287749181941],[-8.635742195881736,54.771332549619565],[-8.633123430235045,54.773334653238145],[-8.621620524876759,54.77449717426004],[-8.61705744954308,54.77680121712801],[-8.609693426373186,54.77612707188262],[-8.602072480366633,54.77691096940811],[-8.59818489680359,54.778630858788006],[-8.598290047558852,54.77773316732904],[-8.594664359118891,54.77746147021235],[-8.594074477409796,54.77847223612966],[-8.588901034621932,54.776257602470366],[-8.582610173471888,54.776978663690635],[-8.58040119689407,54.77586849758416],[-8.575681272386984,54.77579078488831],[-8.575072726015236,54.774188117735605],[-8.569362256864066,54.77441314139521],[-8.562708763716907,54.77228085529576],[-8.558790416999967,54.77327566316666],[-8.555484178212064,54.771597080012874],[-8.548738880564931,54.77032209677791],[-8.549565834029227,54.769848073641874],[-8.548673619877777,54.768874498309195],[-8.536833530964167,54.764677735338566],[-8.533543967676342,54.76462009003892],[-8.532792967630334,54.7657212315482],[-8.52959558953553,54.76601884102996],[-8.52231144206742,54.76976733675736],[-8.51480585747439,54.770300865949615],[-8.511736078207159,54.76781772030758],[-8.51064135735554,54.764094026137705],[-8.516202396476809,54.76126813879241],[-8.519132850254202,54.762794399803376],[-8.520735067070065,54.76217166116319],[-8.521858037510995,54.76105563399456],[-8.519049707991343,54.76202342709093],[-8.513619919900606,54.75955017728216],[-8.51418578188362,54.7590831786167],[-8.514155660586512,54.75894987119564],[-8.513303880252941,54.75913942156804],[-8.51350531203596,54.7596353633607],[-8.51426165345857,54.760126725290185],[-8.513579557281659,54.75994793996428],[-8.513468388344075,54.760006632875964],[-8.514995553118688,54.76058555353075],[-8.51347212603589,54.761215187727835],[-8.510365422159502,54.76051979245448],[-8.504951836409166,54.761355151874895],[-8.50256886127921,54.760529190228276],[-8.502025991961355,54.761022203186556],[-8.503375920901258,54.7613057525199],[-8.502589686079627,54.76168836463105],[-8.504962939899213,54.76226210587031],[-8.497845992636613,54.762414705722804],[-8.495069390771505,54.76173589322564],[-8.497578376282405,54.761543728224424],[-8.494675359430143,54.76087583872562],[-8.494378332643448,54.75992709281292],[-8.473274036719255,54.75765747444589],[-8.470984872597198,54.75581800024177],[-8.454403258058376,54.75658694318624],[-8.452183510881431,54.75577255390718],[-8.446008437236443,54.75629900212301],[-8.439366181554337,54.75531832771713],[-8.435978314126416,54.756102543097064],[-8.434682365570762,54.755151893245696],[-8.434324651320996,54.755103371354146],[-8.433745722286652,54.75531946310162],[-8.434798555627694,54.755295810158806],[-8.435061920699978,54.75724014013591],[-8.432509983944206,54.757319797565216],[-8.433496541585189,54.7580080405771],[-8.442666776403883,54.758276850604815],[-8.451721017502695,54.756979978814286],[-8.45554827806594,54.75720188774136],[-8.455275046267422,54.75827026569018],[-8.45770155114776,54.75834525079993],[-8.458551823494455,54.75943188082538],[-8.468153597627943,54.75970525519168],[-8.468913348792631,54.760750193775614],[-8.467774303286635,54.76118904731239],[-8.46879908218952,54.76195559132795],[-8.467418621803617,54.7638249968949],[-8.474150213989718,54.764134907906715],[-8.469524769505334,54.76499375895547],[-8.46742140636887,54.76592737045273],[-8.466228712877378,54.76707584447347],[-8.469044265591982,54.766267600112805],[-8.483022486555244,54.77035824583049],[-8.484018403565628,54.77182435765045],[-8.49302300370474,54.77095731099171],[-8.498909375688314,54.773827282350126],[-8.5041881465901,54.77503392019758],[-8.508588351074017,54.774084665494094],[-8.509800744410379,54.772623924493615],[-8.515885351070322,54.77211968628405],[-8.527161443276357,54.7745703035127],[-8.530635551753907,54.77725996595404],[-8.52975550928162,54.777684502778776],[-8.534352898362815,54.77986479933715],[-8.541241981783612,54.78208958300762],[-8.547345968309727,54.78258325433078],[-8.54847439712553,54.78408660742017],[-8.550890291578307,54.78474518226056],[-8.549963058905945,54.78560900091657],[-8.552775985202567,54.786713455843284],[-8.550787869583349,54.78755457888902],[-8.546963952310895,54.78694236657507],[-8.549074072949711,54.788146588713126],[-8.548003218910324,54.78927389453258],[-8.540509430159204,54.78903670021236],[-8.537857467472746,54.79030993519723],[-8.533254836543119,54.79029597079423],[-8.530125063154467,54.789977189150605],[-8.528913950638675,54.78851523313436],[-8.527014534731133,54.78890947893672],[-8.520772385221752,54.78531194349696],[-8.516800569962653,54.78437838649858],[-8.514234182889087,54.78502007369397],[-8.514113380137305,54.78747557911002],[-8.50776104642114,54.78707239078211],[-8.501418059789438,54.78958312945785],[-8.494144411611884,54.78757823468891],[-8.488355336207617,54.787664861414385],[-8.48744010703925,54.79075690046904],[-8.484771511645175,54.79184208098162],[-8.473011372040443,54.7903942091592],[-8.470784386693394,54.78778910179958],[-8.471182085518898,54.78159439783607],[-8.469686603622018,54.780878261595454],[-8.469622600829098,54.782186068489565],[-8.465887125767242,54.78269899398928],[-8.460219563098939,54.78081964057205],[-8.459259827625441,54.7793926973518],[-8.460117682309647,54.777921723773574],[-8.459588843868229,54.77590790003704],[-8.45456666738899,54.77311039432761],[-8.454501276465107,54.77179536111458],[-8.456557055643971,54.771458840629926],[-8.452023592990603,54.76965184084139],[-8.451065951459798,54.76982887621262],[-8.451852442186361,54.771111829432584],[-8.450457985512001,54.77071698125209],[-8.450728370780036,54.771701707927505],[-8.444383056857632,54.77009987749812],[-8.436893628914753,54.76688969380307],[-8.436679217506152,54.76614513414868],[-8.437662990025341,54.7657927330651],[-8.437132930799002,54.76640620002412],[-8.438564473927224,54.766752997972254],[-8.437982121615182,54.76535735101939],[-8.431886802026694,54.76487975267814],[-8.431081343040105,54.762479359626056],[-8.422160886872254,54.7624429044354],[-8.422628470094025,54.76373649144382],[-8.420215234579503,54.7633485249361],[-8.422390612899061,54.76564956199939],[-8.421209970499351,54.766224817464376],[-8.42452273811532,54.76744538379216],[-8.4231476854708,54.767561896643606],[-8.424624473348619,54.76928848971128],[-8.417875478006412,54.7716175931332],[-8.416507725836144,54.77303842750474],[-8.413487177070447,54.772980106124955],[-8.413506125554056,54.773957297745724],[-8.411413741109795,54.77461345014682],[-8.413500997078225,54.77452579619005],[-8.413851461619121,54.775897765917236],[-8.415139045722029,54.775300896713816],[-8.419672776355089,54.77635675263023],[-8.419914496947221,54.77590756289881],[-8.420763891560295,54.77560422942618],[-8.425882819710301,54.77748592121001],[-8.428455708174775,54.77594212295598],[-8.429045132584458,54.7737072476051],[-8.44023874992379,54.77673198415973],[-8.44239110648234,54.77852627660848],[-8.437802099711499,54.77797960688825],[-8.44014640514302,54.778787651622444],[-8.438839760436478,54.77982433172709],[-8.439578193901259,54.78136361328388],[-8.438119511007098,54.78163079758994],[-8.438624731974008,54.78265846613293],[-8.444115373924964,54.784324843719155],[-8.44410005083077,54.7829249423829],[-8.445270014360867,54.783458667963295],[-8.445733617537991,54.782422143804716],[-8.448466427067936,54.785162500865795],[-8.447490463263268,54.78546484141918],[-8.447168331757279,54.78803292955772],[-8.445060152977895,54.78925386820753],[-8.443912707048279,54.788072762951224],[-8.44303110714669,54.78824141386012],[-8.441579542948922,54.78769431622397],[-8.440951334338655,54.787747212296345],[-8.450514794169791,54.79133692261356],[-8.453285323464732,54.79041759033565],[-8.459485404762715,54.79139147434048],[-8.457246950500375,54.79376872173788],[-8.449682735211546,54.79244843329954],[-8.44785122246086,54.79259209034532],[-8.44729113612906,54.79307940049146],[-8.45495707558513,54.79403303667484],[-8.453608642938116,54.794112595691004],[-8.453218124432677,54.79531376498383],[-8.454134348768608,54.797309844473666],[-8.45693216220559,54.79922184696215],[-8.462183597530963,54.80124001090452],[-8.462668849405835,54.799133094992484],[-8.474432251934273,54.79810144919686],[-8.479886331841652,54.79841558954648],[-8.48686843359928,54.80097586666072],[-8.487636833273248,54.79931536435853],[-8.490079096225962,54.798751565715165],[-8.499050107930582,54.79936620355335],[-8.501177360871791,54.80110432730849],[-8.496800503967759,54.80106409158151],[-8.496853897961826,54.8026250359801],[-8.495719512560335,54.80281962329025],[-8.498047068723714,54.80752429116176],[-8.497575193719939,54.8085804001898],[-8.500403145436325,54.80816349500852],[-8.502323053012978,54.80938927357614],[-8.504032948717864,54.80846847138511],[-8.505120323392097,54.81019958050584],[-8.509712186349995,54.81017701542643],[-8.510377065766114,54.81053832346351],[-8.509541959783286,54.81107479502929],[-8.511409962577575,54.81218209300801],[-8.515628341858248,54.812561466896476],[-8.511300648410243,54.81271212915553],[-8.51405122671239,54.81405581251894],[-8.517329581180135,54.813519775634504],[-8.516284979434932,54.81258152423809],[-8.517956905807406,54.812733289485884],[-8.516742093416166,54.81232325046016],[-8.517874487338476,54.81139318287394],[-8.53014974736798,54.81264186144011],[-8.528450228994245,54.81410414409751],[-8.525486076660309,54.8141025466538],[-8.53126051441565,54.81671737551181],[-8.528335393730556,54.81717834198747],[-8.528962350157398,54.817724783271466],[-8.52470457895803,54.82016265455112],[-8.525876774378796,54.82084188557028],[-8.52386719051704,54.820874482909595],[-8.52453914058921,54.82411128806249],[-8.529683801954599,54.82291342850012],[-8.530207671246032,54.8250093252662],[-8.53123762923407,54.825162183088885],[-8.531967896653102,54.82335403972818],[-8.53540379923366,54.82414869369195],[-8.53597086159567,54.82315355554703],[-8.54116179872635,54.82237261954698],[-8.549322266730533,54.82426679337781],[-8.549370241380842,54.825848654397426],[-8.552147546821605,54.82561063414561],[-8.55260821737,54.824619306735265],[-8.554532954430767,54.82536584131812],[-8.555607854962334,54.82449332300431],[-8.55690028560563,54.825305660168276],[-8.55945497348638,54.824737626486545],[-8.559738640343275,54.826023056956316],[-8.560431183098377,54.8252212797162],[-8.562728786170435,54.82556775436359],[-8.562785324179288,54.82662977988401],[-8.564972305529434,54.82656534470055],[-8.563213617190108,54.82738776803919],[-8.56522832364681,54.827324118440316],[-8.564451684636888,54.82854607693494],[-8.563440008283468,54.82808183020481],[-8.562572956368745,54.8278777709983],[-8.56358792513072,54.82839176772411],[-8.562186510457929,54.82956458774631],[-8.55891106049493,54.828477441180794],[-8.555052821087507,54.83024593646243],[-8.554076983730916,54.83128705529222],[-8.555457233665845,54.83138882711553],[-8.555407339570468,54.832331384970466],[-8.553966680056378,54.8323260618354],[-8.55502496291317,54.83306887470484],[-8.553199270931076,54.833810863306894],[-8.552382567285054,54.833879524022336],[-8.553122832543037,54.83288888254413],[-8.551536244937374,54.834004477962665],[-8.546485393312961,54.832946136137416],[-8.546654089904886,54.834183638904925],[-8.540396563923258,54.83470660698831],[-8.54043484843629,54.83393242088245],[-8.535685900297056,54.83361472922065],[-8.534635169067617,54.83368604585809],[-8.535641595961097,54.83466292339198],[-8.53384733421194,54.83456095028286],[-8.532492394541997,54.83226953498792],[-8.528520381914792,54.83359191763842],[-8.529699224741368,54.83198486756415],[-8.52704226616973,54.83151848261021],[-8.526115236192684,54.83234887319355],[-8.52314052111754,54.830903032337304],[-8.520612930626413,54.83164572848185],[-8.515374532992059,54.82964347452498],[-8.515396942284315,54.82882464664127],[-8.510733091880029,54.82810044869249],[-8.511142586871527,54.82978354057126],[-8.510134566960566,54.83069749284506],[-8.503590150831267,54.83146580953005],[-8.50539902256114,54.83229244320906],[-8.505414711883105,54.83325058994751],[-8.510855410650493,54.83480949724215],[-8.509752676060298,54.83539445172108],[-8.50938332115814,54.83591906139953],[-8.510999773293504,54.83522167886888],[-8.51196569027173,54.835521880455445],[-8.511014684897054,54.835698529769466],[-8.511612146403484,54.83682185514345],[-8.51493075478512,54.836817215806256],[-8.504996689171726,54.8376252794063],[-8.504943510355355,54.83858274139175],[-8.508471301521697,54.838718416337265],[-8.508573435945745,54.840246141666334],[-8.502543225944413,54.840069521788],[-8.503854008004868,54.841192265957275],[-8.501591071914488,54.8415964985444],[-8.501888769857647,54.84268069456765],[-8.50066300715175,54.84292335750736],[-8.502948029555105,54.8440480562234],[-8.493425842926483,54.847930462635325],[-8.478048125187847,54.847494143058235],[-8.475049998666286,54.8464356868514],[-8.471549613202443,54.843414370818905],[-8.467948704696498,54.84351085282525],[-8.46442587173044,54.842069786807244],[-8.46570232209147,54.842257981006604],[-8.463706237195495,54.84076995073706],[-8.44856287657575,54.83854130663446],[-8.443724412491154,54.84189407914037],[-8.436809381560424,54.84257100477782],[-8.431391575879811,54.8444977300782],[-8.426653720700235,54.84806638568707],[-8.424833917009037,54.8515426672988],[-8.419283759542452,54.85130351866944],[-8.423955317182092,54.84899294564382],[-8.422051639385336,54.84864660163919],[-8.422388228094531,54.847416308296744],[-8.421356575109783,54.84671924319741],[-8.421122495941002,54.847505798786734],[-8.417966423667975,54.84747257826244],[-8.410963044931236,54.846134006164576],[-8.405897992423156,54.84748742402422],[-8.39985616010331,54.852513487125975],[-8.380230298503964,54.851424163973064],[-8.382382353207353,54.852491693441856],[-8.385368520245951,54.85705541849334],[-8.384967331000123,54.86242695738292],[-8.38621567173989,54.86883304785764],[-8.385224355292522,54.87374248198236],[-8.383659677145927,54.875012973452414],[-8.38981961644485,54.87616603695725],[-8.390700408376564,54.87732162249726],[-8.389371688664944,54.87761502498317],[-8.390688720096088,54.87806567381635],[-8.390009208320127,54.87871060430393],[-8.380823571073044,54.87937973430668],[-8.37013510558849,54.87610142582031],[-8.365346181781671,54.878583513086085],[-8.361912091727103,54.878415616596214],[-8.362796417767312,54.8795554714611],[-8.36119110432187,54.880085346595344],[-8.362047727557679,54.881329897620844],[-8.360438447450225,54.882643049704136],[-8.35150414702163,54.883088155480166],[-8.342238210918921,54.88087836991758],[-8.34238408188594,54.880059994007624],[-8.336614802251558,54.877644961544874],[-8.332658056834891,54.877084480003624],[-8.335660596394865,54.87582266060564],[-8.328989728653218,54.87648406851352],[-8.327923698288524,54.87503423605577],[-8.320339620131074,54.87287793312717],[-8.322933760758362,54.876396553720184],[-8.320372426606857,54.87672193197239],[-8.322713751312614,54.87776964629754],[-8.320295035891172,54.87848882832715],[-8.324267504823194,54.878801522711626],[-8.32513107173943,54.87977206599833],[-8.318446215465958,54.88306208692693],[-8.31237151447969,54.884388117634124],[-8.309518447304097,54.883989025340036],[-8.310869325703207,54.88679579806427],[-8.307804612922885,54.88694698693022],[-8.304503705902045,54.88823852876832],[-8.309223680721225,54.88756021618006],[-8.310880759123698,54.889076272017874],[-8.308817161645342,54.8889383190954],[-8.308229279694107,54.88922033968062],[-8.312939166250858,54.889381290885574],[-8.312957865367633,54.89086460889615],[-8.313529574871131,54.888938828937114],[-8.315474388963864,54.890072060781215],[-8.315271029855852,54.88868897876682],[-8.319854337247842,54.88885369193839],[-8.326618211587457,54.88736337264573],[-8.329755856985914,54.888047749640066],[-8.329343507554405,54.88876722758151],[-8.332725180570167,54.888336390993665],[-8.33841786570144,54.88997937190162],[-8.342680011904564,54.89273620176317],[-8.341691247634037,54.89400689203109],[-8.338433031934002,54.893915616028515],[-8.340345630818096,54.89489918794967],[-8.342294543611903,54.898414861554095],[-8.339440491250057,54.90334601255192],[-8.342454895152201,54.90516967637971],[-8.341436827545802,54.90651892490161],[-8.344648073640082,54.90776949764103],[-8.348016074557563,54.90726003044137],[-8.349861038003123,54.90481068635981],[-8.361391958000029,54.90249548054987],[-8.360275325228969,54.90056265782597],[-8.362397234132633,54.90013365641608],[-8.362961663009074,54.898800634733256],[-8.369866617327277,54.90034052083828],[-8.366716467603156,54.9006619523338],[-8.36915634718938,54.90234285321857],[-8.368252640193322,54.90461778622139],[-8.37516304894736,54.90252832869168],[-8.379851223155464,54.904519499286806],[-8.379512967922347,54.90602037297191],[-8.382860169430277,54.902466470215465],[-8.379547594954046,54.90076666785468],[-8.381198569228813,54.89966309850806],[-8.377610749948335,54.89929013429268],[-8.378521959729223,54.89668714712553],[-8.376775879291332,54.89506916160933],[-8.377663290410386,54.892570843339676],[-8.374337816577693,54.88816478129166],[-8.378327241230325,54.88413509585151],[-8.38447231708002,54.8830191433277],[-8.388198869856035,54.88550584455108],[-8.388167370340339,54.88820491670546],[-8.393551601096723,54.89098649452867],[-8.400406071596656,54.89358835361834],[-8.409854399773467,54.895087445381016],[-8.41097274018585,54.896063195613415],[-8.408761672211151,54.897057395575786],[-8.40965841006132,54.898140137649015],[-8.41492635893392,54.898244015330306],[-8.422326093730453,54.90130339347082],[-8.427825646076403,54.90177347060499],[-8.432407047702128,54.90354412730498],[-8.436094037793564,54.903168339797936],[-8.441399358983956,54.904312809083756],[-8.449153940930708,54.90759386572232],[-8.447995699477836,54.907821706504926],[-8.451253140838935,54.90927020367386],[-8.450582575806857,54.91089986062976],[-8.454265111385368,54.910611230135],[-8.453076126160017,54.911635123147164],[-8.454680408815687,54.91128031105948],[-8.45642860360448,54.91306182464203],[-8.455346751833922,54.91308870369663],[-8.454787119327841,54.91525386677354],[-8.457515346442474,54.91657650285851],[-8.458553026863031,54.91857040433526],[-8.457195223130825,54.91930135411634],[-8.458898802119348,54.920148351297186],[-8.456451623871898,54.920243495036864],[-8.457166937497721,54.92075655312799],[-8.456017904140907,54.92187222656701],[-8.458056152341582,54.92372239197097],[-8.44976409008612,54.92379909698892],[-8.44399991934177,54.92864754040765],[-8.444925753468484,54.93256573467712],[-8.447701567923158,54.93279439146858],[-8.449257100535027,54.93465670261246],[-8.455269440356519,54.93509604745728],[-8.457449588823593,54.93635011523556],[-8.458779669420629,54.942004271542565],[-8.453368064673223,54.944916955072074],[-8.442760389345432,54.94370234984242],[-8.440332517006663,54.94519548836966],[-8.437370733419938,54.94526455143351],[-8.436837420836008,54.94649414418115],[-8.434957547343705,54.946267112846805],[-8.43495415708436,54.94471696476601],[-8.436521930751622,54.9443282063567],[-8.433247781500429,54.94426358383461],[-8.433709592276495,54.94091638055894],[-8.437059637171295,54.94083777206992],[-8.4377009989342,54.94023425887747],[-8.435918413206071,54.94010466305457],[-8.438234614960392,54.940131708875185],[-8.437438115251737,54.93916923343336],[-8.441842956293213,54.93738526541851],[-8.448724800422319,54.93694275089621],[-8.44417541384512,54.93559063973128],[-8.445707012291008,54.934569851658075],[-8.442954871733358,54.93559245143901],[-8.440348146381094,54.93510047094965],[-8.436665520350187,54.937240909471],[-8.436448226852725,54.93635390980265],[-8.438110826734215,54.935301319370396],[-8.436099602233377,54.934200808636156],[-8.43577085734091,54.935296000841184],[-8.433952459674382,54.93564550230335],[-8.433344119012274,54.934642472083745],[-8.430698440874131,54.936351217010795],[-8.4259306956778,54.93468477164024],[-8.427877730851282,54.93608481007452],[-8.425877170881765,54.93668402000294],[-8.419372901707275,54.934934899027425],[-8.421220057809457,54.9375029215736],[-8.418785516441641,54.9388801205085],[-8.417127673187267,54.93798552523936],[-8.41416929812367,54.938377746030916],[-8.410288024265897,54.936640595213944],[-8.410223896005768,54.93754737731216],[-8.409072355582383,54.93751152741145],[-8.409678537882987,54.93717847507326],[-8.408769411040412,54.93613434226505],[-8.40194782151094,54.93844939406277],[-8.398372844494274,54.94165323875419],[-8.39036907539495,54.94174865094105],[-8.387739552192734,54.944202367417326],[-8.384747786281311,54.94414015623734],[-8.381478620098536,54.94147012733281],[-8.382573918935107,54.94048306977955],[-8.380905547916667,54.939211982646114],[-8.380294717312491,54.94024667469272],[-8.378010160153927,54.93985240312986],[-8.379982388787555,54.94075951284854],[-8.379549987029973,54.94264051318083],[-8.377776756405815,54.94312845457134],[-8.374391254849431,54.94201999402996],[-8.371136639438493,54.945360560502365],[-8.367147339521912,54.94727239983234],[-8.36734531602476,54.948225138172745],[-8.363360540327738,54.94810783206376],[-8.366179684883893,54.95100940892612],[-8.369621261409383,54.95030294283149],[-8.367338084132115,54.95124421301644],[-8.375115287761147,54.95228424449363],[-8.374843448519682,54.953717637996334],[-8.376226408592872,54.952145917302374],[-8.37865402571181,54.95189673277232],[-8.397610970573036,54.957379326812244],[-8.404408946507056,54.95800984661527],[-8.40215915607548,54.95869846451],[-8.406115573700715,54.95876464129214],[-8.407090948347358,54.96137854351272],[-8.40858249781593,54.95944898148495],[-8.410344521455828,54.961118394678415],[-8.409818848342379,54.95897340030436],[-8.412158979314626,54.9597698634793],[-8.413575020145078,54.95913565001665],[-8.415588513418035,54.96178359539297],[-8.41341003585458,54.96271904653775],[-8.417390732900213,54.96301459120752],[-8.417457508611845,54.964537733328974],[-8.419061093905286,54.9656075645741],[-8.41807271607382,54.96653763531938],[-8.42041426491797,54.96732374631468],[-8.418017787960396,54.96906371112448],[-8.423475950293817,54.969718250086665],[-8.424610039486014,54.972212833542635],[-8.428895116501085,54.97493643933404],[-8.430224932870503,54.97460379729945],[-8.430713924895384,54.976633072974195],[-8.43231828581293,54.976413306145666],[-8.430841758281806,54.97712152434004],[-8.430899610434127,54.97817126453007],[-8.438084469661792,54.978505701892686],[-8.440003454344243,54.97983719727941],[-8.440134692039804,54.979107499270924],[-8.441401639532968,54.98077063235852],[-8.440879877420905,54.98220583174071],[-8.443208079335633,54.9824069901977],[-8.441435376012151,54.983348656843724],[-8.444566710928424,54.98508892822794],[-8.44260841177093,54.98566082029373],[-8.44320241839794,54.98654468764125],[-8.433955005548539,54.98860756419767],[-8.439496996009483,54.988174209225086],[-8.43816445359974,54.98932923603721],[-8.439016768031863,54.99057790865271],[-8.442790098838124,54.99104302037272],[-8.442360627303497,54.99224560112643],[-8.44434956330276,54.99292528463619],[-8.443738026191813,54.99337110163725],[-8.448025152583279,54.99525345607016],[-8.447391899324947,54.9957794325126],[-8.448481411902847,54.99631254428086],[-8.44754238500973,54.99682328726834],[-8.453351475677422,54.99762482772],[-8.453594695587663,54.99892103762314],[-8.450683253145566,54.99931605361022],[-8.452140312810696,55.00037802014582],[-8.446784699824198,54.99994863974593],[-8.451566467698875,55.00167448168409],[-8.450147341678427,55.002240348175675],[-8.451153930855863,55.00234750724818],[-8.44980584316119,55.0054764921438],[-8.450511979236875,55.0063632943918],[-8.433594886465317,55.0069611629021],[-8.432650769936131,55.00947079099735],[-8.430139117872331,55.007607330454825],[-8.425286273395692,55.00709323201302],[-8.422650365561617,55.00815186131634],[-8.424224434374297,55.01128992158351],[-8.421817150638768,55.01123240631011],[-8.416400663223854,55.01053524706467],[-8.415749217637579,55.009599895908075],[-8.424014970930118,55.00648840143047],[-8.41989208917509,55.00472443726234],[-8.41148407547151,55.006044424264736],[-8.41031261942399,55.00362029671702],[-8.406998676761864,55.000971191516406],[-8.39934687104299,55.00213478521173],[-8.404926478003295,55.00905565886481],[-8.404667048831415,55.01051821115509],[-8.401584655171192,55.012919368957554],[-8.405821000995644,55.0132415065567],[-8.40754225502468,55.01225188848422],[-8.40769213176633,55.01431778600283],[-8.408761183989952,55.01475247282359],[-8.406553381620169,55.01563814814179],[-8.406838014498527,55.01670421383563],[-8.408680563494073,55.01698415163701],[-8.40757709548925,55.01865616514128],[-8.403246929484974,55.019805375808396],[-8.399150588786094,55.018874735238235],[-8.400486881195967,55.02100762953866],[-8.394696594848863,55.02216481658051],[-8.395757418694298,55.02306220101365],[-8.394265685678466,55.02391397362574],[-8.39578550888728,55.024429242378446],[-8.393303643515027,55.025407674312135],[-8.399555246844741,55.02613222470396],[-8.400724222538873,55.02749433700591],[-8.400597990331198,55.029355599437636],[-8.40229122373483,55.028712988625514],[-8.403703313335772,55.02955152450464],[-8.403006888350992,55.030823518360684],[-8.401377384100051,55.03093132553863],[-8.401935064432813,55.032066102009175],[-8.405339805117663,55.03230875801409],[-8.40607701959522,55.034088595509374],[-8.407394614829812,55.034466302483075],[-8.404038179071044,55.03433951491812],[-8.404040230270832,55.03609957442516],[-8.402233042465337,55.03641380736436],[-8.402846912431624,55.037135871430905],[-8.400490622137525,55.03589360172656],[-8.400422989995885,55.04115731737411],[-8.397950389448233,55.04111132076315],[-8.395481092879503,55.04347582831953],[-8.39192149695986,55.043135975746225],[-8.389676012476373,55.03966144752132],[-8.388345517933697,55.039224993604705],[-8.388429131298906,55.03805996381736],[-8.387422708810533,55.03801932680749],[-8.388129618483145,55.03664017066761],[-8.387185554131213,55.035325821511016],[-8.385081141994945,55.036367470731],[-8.38342755626713,55.033993353657166],[-8.379472800081354,55.03281022903287],[-8.370830242537656,55.03651982744373],[-8.370233474727394,55.03729210572355],[-8.371667166552927,55.03860116501746],[-8.370329772343222,55.03907066235789],[-8.37105610029021,55.039784762870624],[-8.368159556842688,55.04011801253242],[-8.36872892030467,55.04116177353233],[-8.367575195727342,55.040349771241644],[-8.367890709488213,55.04141680834244],[-8.36653563346403,55.04065706513308],[-8.365253068114171,55.04177600647119],[-8.364904218885783,55.040426654528225],[-8.363276302169588,55.0402850678149],[-8.362782801631091,55.04120165014035],[-8.360366808275193,55.03968342883081],[-8.359123453263104,55.04084120891906],[-8.359259679280187,55.03942713151943],[-8.357218398195858,55.03876860397014],[-8.355230238529323,55.03967900264775],[-8.350036473820573,55.03922779972985],[-8.344523443107771,55.04483252974631],[-8.342667727459718,55.04841870027207],[-8.345649758999402,55.05102448726823],[-8.343249486331198,55.05149322087325],[-8.344771452881442,55.05290679727226],[-8.342878282623778,55.053661785353235],[-8.34338141617147,55.05558137984431],[-8.344865363211921,55.0558379945461],[-8.344296586854805,55.056445342492495],[-8.345475269592058,55.05723572316382],[-8.347138718264643,55.056442591686725],[-8.349357456127775,55.05831628896596],[-8.348016464326113,55.05864266049513],[-8.350710033340723,55.06010198821554],[-8.350368210959383,55.06176008399091],[-8.348944018572134,55.060381733209425],[-8.348885308338568,55.06171224107846],[-8.346983247523037,55.06067131550655],[-8.349065116831303,55.06367100957945],[-8.342909669530664,55.060922011048916],[-8.340627306182917,55.06486452972108],[-8.335072414111476,55.06466443212817],[-8.334287740501356,55.06631662750823],[-8.332298910782162,55.06720129275703],[-8.324686276341822,55.06540266697252],[-8.317845037492772,55.069042134767265],[-8.31933640841759,55.07046835921952],[-8.314637585096488,55.07638036333587],[-8.32264500290979,55.080348001213125],[-8.323129143808227,55.08270366897954],[-8.326120532120338,55.08410675476757],[-8.323614727434952,55.085378329079525],[-8.326368067319411,55.08876473702819],[-8.325987570328346,55.08973470130139],[-8.31559977338541,55.09094867485193],[-8.310303270971511,55.089285154057606],[-8.306249168177365,55.08923909981702],[-8.30624452407626,55.08822143546806],[-8.310091548021816,55.08550684462474],[-8.309141577197071,55.08403872567525],[-8.307018078126063,55.0840689562804],[-8.305660412006825,55.082372762603406],[-8.303760285220376,55.08205389920683],[-8.302073143199838,55.08386022362542],[-8.303711227371041,55.08679877097726],[-8.299181685180583,55.08655624404559],[-8.29768646980076,55.085465423819336],[-8.297370585616916,55.083193906886386],[-8.29365776295355,55.08222502075956],[-8.294584693961685,55.08379315007159],[-8.292678849145146,55.085845531233794],[-8.301299939869066,55.08824363087364],[-8.299737606299622,55.088934312193544],[-8.30260281281684,55.08861031418752],[-8.305189659819767,55.09091284874654],[-8.304625792269174,55.09207929694891],[-8.305451889196991,55.092423440344916],[-8.307662594373982,55.09135368961181],[-8.314601458903558,55.09352276785893],[-8.313611330490664,55.09990879804057],[-8.316799163771348,55.10229947732967],[-8.315032242365389,55.10249105893878],[-8.31680861738127,55.103528375498264],[-8.317278223697667,55.10569253125052],[-8.314409403410671,55.106672944318774],[-8.313846069573543,55.10750541140593],[-8.315434042062105,55.109602916182695],[-8.313071310254479,55.11041555085542],[-8.316793671740628,55.11261575962482],[-8.310729900382729,55.115658182006285],[-8.311493560497363,55.11806768570275],[-8.310011109315907,55.12006164404508],[-8.30356671915336,55.11760651728291],[-8.3015398314601,55.1181364580723],[-8.301899842417575,55.119908575434664],[-8.303715251530775,55.12027715589072],[-8.305083230848608,55.12247670910459],[-8.303383883791051,55.12349492006644],[-8.30357539548804,55.125437145907405],[-8.297198883973458,55.12515607522325],[-8.295995598223204,55.12593577715571],[-8.296444309373845,55.12829693668837],[-8.294130476052008,55.1307870051098],[-8.29616992734208,55.137150434133034],[-8.299555710099586,55.13930677016916],[-8.295153615029097,55.1429443262311],[-8.288516304286642,55.14529582092758],[-8.287817203408673,55.14653305276525],[-8.289654704110427,55.14788595355132],[-8.292983853340774,55.14764090321202],[-8.292387505435498,55.148545181702985],[-8.295035713792103,55.14879171746874],[-8.296983343969213,55.15065103441002],[-8.290405664996939,55.15262553877442],[-8.284504508349865,55.15872737003465],[-8.280492894952575,55.15836029686784],[-8.27334416694564,55.154504969603025],[-8.26969154232945,55.15517093085985],[-8.25650560807349,55.15282252243666],[-8.251213836138383,55.154961917999245],[-8.24680779284973,55.15457130686549],[-8.246442889893808,55.152686575475855],[-8.244673808317232,55.151553838149],[-8.240088395352707,55.15197472053652],[-8.236192705503159,55.15122408678869],[-8.234227184067938,55.14968855402504],[-8.228710390955134,55.1492647660488],[-8.226052873863127,55.15052283634239],[-8.225151618634525,55.15220151199059],[-8.221646409371319,55.152750232766145],[-8.220596684890266,55.15173929825796],[-8.219661109843042,55.15270940784994],[-8.21733457605116,55.15105732367141],[-8.217687125151453,55.149006112908445],[-8.21240145463969,55.14691605198681],[-8.209539372839133,55.14720849198339],[-8.20842401451845,55.148629438557094],[-8.199449508815796,55.14722831925278],[-8.197263526515657,55.14805203867504],[-8.196760433591404,55.1493320100611],[-8.176660463522392,55.147572989858155],[-8.17348397261782,55.14572810976918],[-8.16574668839164,55.14502406204365],[-8.15901866890255,55.14684418390569],[-8.153818620015999,55.150587489049336],[-8.150962283516247,55.15418339428708],[-8.148555795093838,55.163698553417596],[-8.134510510391964,55.163313280128094],[-8.130621339277257,55.16108855256599],[-8.131638020298658,55.161250405841955],[-8.129263354603466,55.15599452947313],[-8.130864857584898,55.15542571901226],[-8.130499896519554,55.156349526372864],[-8.133348218413134,55.15658733827764],[-8.135654600637844,55.154617509913045],[-8.135676033658196,55.15318467298934],[-8.142111271953988,55.1520581854711],[-8.142843487246244,55.15103354095885],[-8.14187884352212,55.15007285166178],[-8.147362650459312,55.15077557055112],[-8.147573076417535,55.150095721829096],[-8.144295153461538,55.148712552090174],[-8.148642960919442,55.148243804805126],[-8.150735456288402,55.14659623984504],[-8.160490593647355,55.14409332903238],[-8.161348539954448,55.14375769515953],[-8.16078957404046,55.14251678427985],[-8.168031018279859,55.14464526763636],[-8.171285734300794,55.14451742915553],[-8.170468380038788,55.14374743926381],[-8.171281999547732,55.14271882454887],[-8.16994767261874,55.142023820058704],[-8.164813503115859,55.14220753604215],[-8.155803347251224,55.13839139510483],[-8.161556455847023,55.13721625847478],[-8.160934459143444,55.13552836500423],[-8.160092859995327,55.13618678830395],[-8.15917030838452,55.13447979313859],[-8.157108572536623,55.13399063395422],[-8.16082751857523,55.13088134453753],[-8.159691203256367,55.130576978439855],[-8.161859082456695,55.129951203861324],[-8.164711194558093,55.127041179383696],[-8.16334830922071,55.12615349919228],[-8.157636398931094,55.1269897928049],[-8.156266509440083,55.12503057864013],[-8.157518135590438,55.12483534734814],[-8.156231896259492,55.12477054636508],[-8.15626977382873,55.12439703964204],[-8.156703426130514,55.124494186763755],[-8.157392770173795,55.12454324200986],[-8.157459139529955,55.12448871159645],[-8.156323250131086,55.12427243109573],[-8.153320095271846,55.12427610247711],[-8.147543062558457,55.13148046473448],[-8.14523288929598,55.1316186501367],[-8.1448586709391,55.1299251761771],[-8.141809766342014,55.128895194373435],[-8.142438126300208,55.128591620114534],[-8.143163111358989,55.12895062632293],[-8.143292450937212,55.12898965469471],[-8.143546367805587,55.1289987714071],[-8.14175950234914,55.12805116338905],[-8.136162425569758,55.12760043471231],[-8.13707221840206,55.126483479410666],[-8.135813358710582,55.12461944959001],[-8.137041750927157,55.1219495576617],[-8.140426128555937,55.12058597105366],[-8.138932570817138,55.11952994628667],[-8.137905768088109,55.12009414812291],[-8.138179444840128,55.121221220741354],[-8.135118359185366,55.12101625395303],[-8.135355884855176,55.1224520453784],[-8.13225258568334,55.12372432796386],[-8.134149723401983,55.12748437991201],[-8.132383631531912,55.13008867416843],[-8.133062254964333,55.13315565464503],[-8.138197019452406,55.13887748181044],[-8.13613245335186,55.14087033640622],[-8.136168080676432,55.142452978740614],[-8.132728687033927,55.14219856510236],[-8.13165916545108,55.1400615919744],[-8.127238325784786,55.139674825248505],[-8.124584603828222,55.13606646523878],[-8.121012886738306,55.1361307701623],[-8.122627581905105,55.13800962231259],[-8.12191816501158,55.14161469563946],[-8.123319049080388,55.14516624728747],[-8.121829164791329,55.14761126826777],[-8.122041297274956,55.14958446028336],[-8.122994722966212,55.14946440716919],[-8.117600528222463,55.1505458518101],[-8.116652167781675,55.15213676426863],[-8.121551192073545,55.15537728621126],[-8.121637925678193,55.15407256498925],[-8.124493944871022,55.15395933786211],[-8.124441524743402,55.15596979956952],[-8.12221574696945,55.15822270543538],[-8.114831021110865,55.16008763991318],[-8.090019350293147,55.16120489782699],[-8.083429727018276,55.161114343215466],[-8.08145451489733,55.15957230840753]]]}}]}