{"type":"FeatureCollection","features":[{"type":"Feature","properties":{"name":"County Kerry","source":"Tailte \u00c9ireann Counties National Statutory Boundaries 2019 (CC BY 4.0)","simplify_tolerance_m":75},"geometry":{"type":"Polygon","coordinates":[[[-10.276493173583857,52.13668404621569],[-10.279129931022911,52.137198122926016],[-10.278991791277921,52.13927565241631],[-10.286344401143865,52.14084952341824],[-10.288754687470135,52.14281442720158],[-10.28659021020582,52.137734491389075],[-10.287256071929393,52.13674298997185],[-10.294960165786794,52.13430132854683],[-10.30037721791994,52.13667160209528],[-10.303592533049025,52.13307538680215],[-10.313873581113935,52.128295968640636],[-10.309791491957519,52.12804257234704],[-10.3054773832739,52.129352277765015],[-10.300457620523696,52.127060167826784],[-10.297255914202095,52.127762866272576],[-10.284246713572117,52.12626752904577],[-10.282152595632791,52.12445010872535],[-10.279241363410401,52.12381736975695],[-10.266991337788433,52.1235635354608],[-10.261006269109773,52.11937045968284],[-10.264067465461123,52.11718783784255],[-10.262895277371847,52.116510311577215],[-10.264443412046058,52.11444544598783],[-10.27078562348252,52.11335702634827],[-10.272043880919455,52.11372800021879],[-10.27170782335374,52.11473056698308],[-10.27244271115185,52.11361840306292],[-10.274286030264886,52.11378466625673],[-10.273936273759213,52.113079031445125],[-10.277497914668885,52.112662422698676],[-10.280979483360444,52.114353301605014],[-10.28393785260071,52.11388857424792],[-10.283579999550263,52.11241794641979],[-10.284784256912916,52.11170692711396],[-10.286028970729529,52.112125718684226],[-10.285892747896506,52.11311695413589],[-10.287537417367128,52.111297934282746],[-10.288918283421758,52.11088360285115],[-10.289594643112117,52.1118847626887],[-10.291742152264387,52.11051310976646],[-10.29259347581163,52.111470114135074],[-10.297306632673939,52.11128413094662],[-10.296388071507593,52.112148388164805],[-10.297965193353383,52.113138275715144],[-10.300069168273737,52.111825074060576],[-10.301731679570478,52.114412427556914],[-10.304447814312793,52.11429989478415],[-10.30468267028195,52.11523344323487],[-10.311391662169092,52.11465434298894],[-10.314239359671586,52.11571590084879],[-10.31704950792654,52.11451156118176],[-10.317274921288007,52.11564026045715],[-10.319991429567452,52.113949392891044],[-10.324333272558096,52.11430273699449],[-10.323544732794277,52.11478093429584],[-10.324362049655646,52.11532725281097],[-10.325637453562909,52.11477765116911],[-10.32536458269471,52.11822602861871],[-10.328636017377047,52.12023601335334],[-10.326934400769797,52.12199336465663],[-10.336836115932629,52.121085976630944],[-10.33507101372343,52.12333990087289],[-10.339489712994608,52.12620378232661],[-10.347240265540655,52.128079018726034],[-10.349542614383076,52.13037105448243],[-10.357323957092081,52.13048336666368],[-10.36096352325869,52.13245536431343],[-10.370053755937802,52.12896548292594],[-10.378883958456353,52.119481013278154],[-10.378563627722599,52.11807517459395],[-10.3772835134117,52.116347672931816],[-10.378284895334465,52.118044755981046],[-10.376712552004559,52.12060228520895],[-10.374638937253206,52.11595233491501],[-10.372667212451827,52.11469722534214],[-10.364754883600867,52.11523816222658],[-10.364706586550582,52.11592940885891],[-10.362214742692423,52.115166668726474],[-10.362256208326462,52.113301422466805],[-10.35986781056091,52.11095743751228],[-10.351125739511847,52.11040314366051],[-10.347709275943851,52.10894071989088],[-10.3521615066789,52.10740025181827],[-10.353747831788281,52.10778377666349],[-10.357477363370347,52.104728725796456],[-10.35708576084276,52.10584491267946],[-10.360332219203773,52.10542751545508],[-10.362959978629377,52.10648113068017],[-10.3670622821409,52.10534859748755],[-10.367417438835801,52.10687517712956],[-10.370123317778136,52.10658680316892],[-10.371082356155293,52.107925556087],[-10.372151952927169,52.10774663917699],[-10.371915594113611,52.108522160667],[-10.37768671063945,52.10567668540389],[-10.381731323235483,52.106715359428264],[-10.386132054042355,52.10608735709673],[-10.386970144394377,52.107838635310465],[-10.390141813967535,52.10583624351397],[-10.39074041488015,52.106742908845334],[-10.395622800080831,52.106509721178746],[-10.395650222747683,52.10528294319893],[-10.399862117520124,52.104815269268144],[-10.401345423240997,52.10305130137636],[-10.405790525483273,52.10337261673296],[-10.406831919274829,52.10245742604089],[-10.410170222753312,52.10402867807255],[-10.414158385765766,52.101152804775],[-10.41780684154992,52.101723286387575],[-10.42390243235175,52.098704601587485],[-10.429877105070165,52.10100891918796],[-10.431089277746686,52.0994834674527],[-10.433271864780572,52.09956212098438],[-10.433666466628912,52.09870918582061],[-10.441326829940603,52.09896811921036],[-10.451146026993085,52.0966767270083],[-10.451146180288273,52.09744134121997],[-10.456063705123482,52.09739958416497],[-10.456232686768807,52.10123159441754],[-10.457051272462893,52.10147381510992],[-10.456411612020336,52.10318172844642],[-10.457474690059414,52.10326843254428],[-10.456255961227328,52.10583699330324],[-10.459949023541158,52.10805694583434],[-10.462132306454736,52.10800779712955],[-10.464016551778466,52.10984915476839],[-10.473479294434025,52.10778601646796],[-10.476307584571634,52.108631996148105],[-10.475726161750991,52.10974554059992],[-10.480013895403362,52.108487996040566],[-10.47554255869333,52.11267851453119],[-10.468514013254888,52.11308358680058],[-10.466274060296861,52.114551481097436],[-10.465362217895512,52.11372488154339],[-10.458883596386771,52.12291375338327],[-10.461352319126256,52.12542193655246],[-10.461842376655078,52.12483496650516],[-10.463465379603763,52.12405529090781],[-10.461565790389063,52.1271869894979],[-10.463558535670403,52.12673722325524],[-10.462738162956121,52.12725165095611],[-10.463567723715055,52.12734345353932],[-10.463075165598685,52.12889001061557],[-10.464531126456427,52.129718396482055],[-10.466032824101609,52.12906183557614],[-10.465120246262753,52.13123880535673],[-10.46772319776066,52.130732096946694],[-10.467917722495763,52.1327980364864],[-10.47001418301448,52.132047873194054],[-10.468125885456526,52.13378438594744],[-10.470113150250523,52.133392760570345],[-10.468960205922233,52.135019226605614],[-10.47016942543834,52.13507463754364],[-10.467730223016678,52.1384433716422],[-10.46820903132467,52.14032563529398],[-10.467013715546624,52.142378644974066],[-10.467687769864735,52.14220606361534],[-10.465872383075093,52.14434712200299],[-10.468916294969585,52.14415900119044],[-10.468420710905319,52.14536603940305],[-10.47197260568346,52.14559306973103],[-10.4721517360055,52.147580716290804],[-10.473778597993013,52.14732328199507],[-10.47349853600278,52.148033391752364],[-10.478580892483443,52.149433069441635],[-10.477144126972338,52.14988657593594],[-10.478301801512233,52.15099554548615],[-10.476731975302998,52.152007862908526],[-10.469374025792781,52.15272053277734],[-10.467383678813976,52.151216329386244],[-10.467660483727201,52.152045016841676],[-10.464351867672244,52.1529579790031],[-10.464661974256042,52.154259719785486],[-10.46301851679711,52.15395025987952],[-10.459879772997171,52.156016443394094],[-10.461749360683298,52.157243509651856],[-10.464852180832217,52.1559759427786],[-10.463429523546655,52.157939400412964],[-10.4653708369123,52.15776054097127],[-10.465198229940237,52.15858804858406],[-10.459707544547678,52.161178668841096],[-10.460724100327443,52.16080690505702],[-10.462112019873254,52.16232450435671],[-10.456302447194327,52.16307336777189],[-10.457022274472271,52.163938906708694],[-10.454249119963372,52.16454924837707],[-10.452694253688342,52.167165729447554],[-10.44975981691456,52.16841809305082],[-10.452030088173059,52.16889574473761],[-10.449184467788534,52.17231918353408],[-10.44266589811942,52.17150541649525],[-10.439833397512546,52.17284597925553],[-10.440793100407413,52.17432155407313],[-10.443288978224341,52.17443125471267],[-10.445648738902626,52.176378447709844],[-10.446068430634568,52.17546760246818],[-10.452754088108284,52.174015035575074],[-10.45339533863644,52.174632162006795],[-10.459912650181893,52.172326408079236],[-10.453929762503545,52.1753692781891],[-10.456611269693198,52.17568032663999],[-10.453592358813548,52.1770336724065],[-10.456987092362366,52.176300014759214],[-10.454462834369785,52.17863646203163],[-10.459006139756275,52.178683119302576],[-10.45999162196148,52.179675183652854],[-10.472113146344867,52.177640198117324],[-10.47054137176454,52.179398290860554],[-10.471656241194294,52.17924675432595],[-10.4707680079593,52.1799003161236],[-10.472887516183892,52.18002679089238],[-10.472578161259158,52.18068365298112],[-10.468344401791754,52.18249686490603],[-10.468893850199759,52.18324571129567],[-10.45782807069918,52.18853855080283],[-10.45173891297689,52.18989737724284],[-10.44833730997091,52.19229323824189],[-10.437357950316631,52.19243220976289],[-10.431869277779366,52.19552125058308],[-10.43419739010642,52.19602270459201],[-10.432704509975558,52.19897038452858],[-10.425669869210255,52.20092757341595],[-10.42223545370247,52.203722779848476],[-10.419603249911285,52.20294985699765],[-10.416554410356396,52.204458978959984],[-10.414555532189604,52.20337213876762],[-10.414608713002028,52.205091779471196],[-10.412503684765934,52.20533888916328],[-10.410355190584472,52.20833297718021],[-10.407089468523399,52.20891582109322],[-10.406951861233404,52.206745152831424],[-10.40451426641267,52.205645554372964],[-10.403868890838233,52.20394755866555],[-10.405965371793084,52.203223401536015],[-10.408237397740702,52.20038613870536],[-10.407765934511058,52.19978255776522],[-10.414591616641339,52.19503032787131],[-10.414907892420006,52.19367609772042],[-10.413369705069526,52.193337502517174],[-10.4154630914924,52.19207315505499],[-10.414389186924813,52.19193222602461],[-10.41510818079678,52.19091637521814],[-10.413659976922432,52.190986437396745],[-10.41450506951545,52.190116570995905],[-10.41207341058474,52.19035656565014],[-10.413336029423583,52.189795303769934],[-10.411385722890026,52.18991348108232],[-10.41238911839385,52.1890212157565],[-10.410439153807513,52.1882976019207],[-10.411805627615363,52.186759420089516],[-10.414478673755786,52.186243238604206],[-10.41509387304763,52.18370578076025],[-10.409293644453138,52.18097321821002],[-10.398988659013197,52.17909816668402],[-10.389260665700144,52.17876175798646],[-10.38646176867283,52.181248964035426],[-10.386320671904073,52.179111814796926],[-10.383460562322673,52.178925986925584],[-10.383397392954503,52.17804046381675],[-10.381442867018533,52.177516609309286],[-10.380438320078328,52.17462363200057],[-10.371740089193478,52.171594499625456],[-10.373966829355377,52.17306915810983],[-10.36730743630868,52.17843360989589],[-10.364383520707666,52.184554156087714],[-10.367329930819507,52.18684328037108],[-10.370756525209972,52.18691031888321],[-10.375170837528113,52.19028508815925],[-10.378654495012224,52.1908505917794],[-10.378398916027402,52.19287690668176],[-10.379195389509855,52.19327084895291],[-10.378414293090263,52.1940489713683],[-10.379681959311313,52.1944859120834],[-10.377764308806128,52.19702037207127],[-10.379426131583672,52.19747117095015],[-10.375918068146346,52.19853881618972],[-10.374666751777529,52.20040442728536],[-10.375590214755652,52.200451650652276],[-10.369650229676546,52.20419583050407],[-10.361998525592517,52.20687009409608],[-10.36093106047872,52.208391531320096],[-10.36215650529485,52.20872745480823],[-10.356486485607624,52.21138652417269],[-10.357278747400727,52.21196305401598],[-10.355623345038628,52.213775308143155],[-10.357884704783737,52.216359708134156],[-10.357453151385831,52.21808623700752],[-10.354875630673256,52.21641968256986],[-10.353588583564179,52.21647596395243],[-10.35684506332709,52.21861611707097],[-10.35824430713367,52.21785240264608],[-10.358108326963672,52.21673672467089],[-10.373867721453667,52.21650180616936],[-10.37294889372571,52.21696087612969],[-10.374266800632231,52.21738135008119],[-10.372353965394593,52.218468117103555],[-10.372905527554863,52.21985237655131],[-10.374588409816932,52.22003608395418],[-10.372494001600664,52.2223625558445],[-10.371859586218212,52.22428591427104],[-10.372759603786912,52.224916681510535],[-10.36885087291351,52.226234141262694],[-10.368023784406683,52.227566512592695],[-10.368624237938045,52.22846880565569],[-10.365665775097796,52.230295761390664],[-10.363506212048351,52.232778680482426],[-10.365283696929977,52.23246872968925],[-10.36349399970799,52.2338414618748],[-10.35717003805526,52.236671321800586],[-10.355379145910824,52.235490878854634],[-10.354358609704615,52.23301163396283],[-10.351394556124143,52.234866277365484],[-10.34858483267245,52.23360071939713],[-10.348051226544992,52.232153503160724],[-10.346141159657018,52.23234943887737],[-10.34478263540742,52.23407791696064],[-10.34579128796303,52.23469690202008],[-10.342962952339892,52.23664623156406],[-10.343424267519143,52.23786970207965],[-10.3394368256764,52.2385188575165],[-10.337677319160782,52.237345905939726],[-10.33781009728613,52.235306831469636],[-10.333186579829356,52.23614694782164],[-10.3338520898538,52.23548741461234],[-10.332595357602806,52.235832760318885],[-10.332066942249927,52.23421235173524],[-10.328819246858679,52.236600620095736],[-10.32774477687254,52.23679436864651],[-10.328253049522829,52.23595671306187],[-10.327498298425242,52.23573148730522],[-10.320127704366893,52.23797371919608],[-10.314855808255556,52.241313515288],[-10.315421129645406,52.23973128889907],[-10.313709125790643,52.240300937257416],[-10.310710392737603,52.23701145707879],[-10.30956012225607,52.23774561733768],[-10.31092557117722,52.23805645398913],[-10.311267121639487,52.240890760166366],[-10.307175108527137,52.240802015336776],[-10.305912788168845,52.239195459662874],[-10.30383670986439,52.244560944281396],[-10.300907243557033,52.24537843426439],[-10.29549351293688,52.25059235041532],[-10.296739615547073,52.25031843069346],[-10.293713963848635,52.25141299420423],[-10.294831000630984,52.25175838982962],[-10.29367782901751,52.252084119297066],[-10.293730952006356,52.25322082998583],[-10.295753989667594,52.25463243109279],[-10.294873051356571,52.25554531492446],[-10.296699477278088,52.25574186016894],[-10.295397211005529,52.256693856001114],[-10.294515585331352,52.25591256494862],[-10.295117170542213,52.25728725635168],[-10.293699484621184,52.25800542572587],[-10.288907564363212,52.25887639576013],[-10.287995898195202,52.25819575626615],[-10.286987618661726,52.25963494384997],[-10.280330398291929,52.25743346655456],[-10.270443144604082,52.259101697766845],[-10.26712824056598,52.260346218868825],[-10.268300639814598,52.26211421585062],[-10.26321962879153,52.26620805784734],[-10.263217637927852,52.26805556327942],[-10.261240235401864,52.26884066969901],[-10.262250729702188,52.26956618908036],[-10.261556128921256,52.2704354605011],[-10.2600892683603,52.269385817699295],[-10.252561486249126,52.27365522011893],[-10.250639981186536,52.27272336933757],[-10.250008867670763,52.273970633304536],[-10.247372048080178,52.273368534492576],[-10.249104791997986,52.274149680819896],[-10.245155349263689,52.27420611081551],[-10.243173274419068,52.275920072040705],[-10.241826161610057,52.27471311630934],[-10.23728950631898,52.274938690210554],[-10.22766339138127,52.277315239951506],[-10.227428530602555,52.27632812760837],[-10.220309735107232,52.2759729596697],[-10.215755832226986,52.272000060081616],[-10.210171337980022,52.27266294306107],[-10.208040714241287,52.274360970842324],[-10.210421099189992,52.27798158191582],[-10.2091370019928,52.27866783330509],[-10.208779529011938,52.28093540340028],[-10.209985710085185,52.28138022857294],[-10.207211952890994,52.281751154804674],[-10.206199837857888,52.28299800511684],[-10.204496765653172,52.282377385542716],[-10.203214882624826,52.28405287506462],[-10.198600318879299,52.2856637337711],[-10.194975578070194,52.285270810780425],[-10.178687702972663,52.289925934676745],[-10.178062738977227,52.2904616568313],[-10.179808532190464,52.29042582841311],[-10.17661373831721,52.29155582952265],[-10.17593985150545,52.29148395186721],[-10.177103987364639,52.29044357033485],[-10.1714533368558,52.290642032929895],[-10.168381599084814,52.288732186913975],[-10.165656614332192,52.28959606962272],[-10.156901725890377,52.28787817184626],[-10.156831309119676,52.2845832684092],[-10.16008895936697,52.278797092491814],[-10.15765304192356,52.27690616334383],[-10.15564550842994,52.27689767651168],[-10.15563959971525,52.27528305423481],[-10.16262108466245,52.26422674210507],[-10.161070248926217,52.26441797915639],[-10.160982055709995,52.265422969399665],[-10.15108576660688,52.26198511311308],[-10.14634819928432,52.26169428326325],[-10.160193764986914,52.2514149548311],[-10.160993205532655,52.24961921689154],[-10.16022355323236,52.2468964054319],[-10.170714409764852,52.24259005626161],[-10.17998190022196,52.23714321456266],[-10.182801194945585,52.231487399603694],[-10.181509136874848,52.230232037604274],[-10.176951658859442,52.22986010495711],[-10.17609339128752,52.23255304290285],[-10.171069413879502,52.236076140783574],[-10.150319587009202,52.238818279101544],[-10.144554520888166,52.23819937214509],[-10.142497410293151,52.23696573682019],[-10.142090195960078,52.23465720455964],[-10.140784161970698,52.23452045999343],[-10.141272287340499,52.235456417166624],[-10.141173635664487,52.236382847788825],[-10.140461148261005,52.236010473573955],[-10.141011001031703,52.23580775712565],[-10.141205395202814,52.2356242371656],[-10.139936892515662,52.23569532025112],[-10.137370655883187,52.23857601401446],[-10.13039758137654,52.240635523708725],[-10.13248454900485,52.24239720749599],[-10.136518947686294,52.2423079483256],[-10.138186818833212,52.2435326937668],[-10.144535602729992,52.2430778787895],[-10.144124414160544,52.24489183720331],[-10.142424400114274,52.24586866042735],[-10.140277704456972,52.2461659837958],[-10.138739677536908,52.24444780805015],[-10.135687301249698,52.243731357708825],[-10.102430852447469,52.24452539570712],[-10.096516943813487,52.24565029764446],[-10.0962490399039,52.24655214359013],[-10.09116773088024,52.24809963686177],[-10.083802032723376,52.24919919598739],[-10.073613664746153,52.253626429677965],[-10.065925813028894,52.25960500639469],[-10.058552126463093,52.262646492804485],[-10.045250989777882,52.27088786441523],[-10.039096838309597,52.27589399922551],[-10.03386524093426,52.283114634227616],[-10.032706932053602,52.290327506449636],[-10.034335186744796,52.29594108791199],[-10.038494714282699,52.29921138477164],[-10.041401734545785,52.303189888282255],[-10.04513294258073,52.30445289175696],[-10.050587401835553,52.302651184513124],[-10.053074426628159,52.30610502544637],[-10.058125547194795,52.30692321394278],[-10.05770654789939,52.3092890166452],[-10.047346158019316,52.30926848184834],[-10.043647775609857,52.31115748204517],[-10.038532016850386,52.30906487177479],[-10.03311237970663,52.31174921150766],[-10.033258866839573,52.3103962940049],[-10.035501689518746,52.308625193298795],[-10.035148940999505,52.30647515437412],[-10.03061324058173,52.30448542558133],[-10.026314645031963,52.30439202572421],[-10.020676785149824,52.30552525497687],[-10.016551852531338,52.307694218305755],[-10.01579044224069,52.30982828022657],[-10.019587781339698,52.312222052325474],[-10.016592085062591,52.31300140575683],[-10.017301761560333,52.314974614026504],[-10.013983867911138,52.31541729266382],[-10.010295504460384,52.31433184426447],[-10.009726195514068,52.31184669568942],[-10.005426829201689,52.309845994649315],[-10.011990263339015,52.30745553559845],[-10.01837645658362,52.30157297685666],[-10.019117334598272,52.29768345845984],[-10.018451343640367,52.29255658891515],[-10.017135632365873,52.288864588214594],[-10.01390899778738,52.28472637396914],[-10.015925817546115,52.282101328295475],[-10.025056889026347,52.280391048510744],[-10.026763156430752,52.273849938280804],[-10.025485097926655,52.27138534914707],[-10.021707305894303,52.266752100498906],[-10.012169890760017,52.25956483625992],[-10.002684740016543,52.25494294851233],[-9.994650548909851,52.2491330236],[-9.999532481115127,52.25103861193323],[-10.003391814478384,52.2541447308399],[-10.005642833712093,52.253828312593356],[-10.005227138055943,52.25262522775405],[-10.003883685282613,52.25233477316107],[-10.005219352270057,52.25328133103158],[-10.004220602318862,52.25327494033253],[-9.997226039992295,52.24905239962424],[-9.978904082300668,52.245778647864384],[-9.975129291150761,52.242912010866675],[-9.973704597958372,52.2388719805386],[-9.958093781744399,52.23498814188242],[-9.957179435507387,52.233073344057715],[-9.955028882770366,52.231884080753495],[-9.934162913721327,52.23154595628165],[-9.923548555715492,52.23438925178453],[-9.914377276870296,52.23111073680139],[-9.911123337074171,52.228858668102895],[-9.90162046964567,52.22890718679357],[-9.893322292649165,52.22983799930516],[-9.869912247989012,52.23582201957634],[-9.861252237435188,52.23628974277473],[-9.85554633564183,52.238643184867215],[-9.849111486200831,52.24351833617485],[-9.837346163749718,52.25761659002667],[-9.83409157788101,52.25895724409331],[-9.82810633895107,52.258288872767906],[-9.819428467195797,52.26045212568576],[-9.811033821469477,52.25980725611577],[-9.818240767403827,52.258725056360184],[-9.815228893133385,52.25727836693035],[-9.8180325709324,52.25757446030507],[-9.817547407590263,52.25591848398919],[-9.819046059608432,52.255123871912076],[-9.82361977127955,52.255884070492534],[-9.82629205912044,52.25524200435221],[-9.838894684523806,52.24978518418523],[-9.838875318044435,52.24808596386501],[-9.827072818844979,52.24589648785283],[-9.825911537668464,52.2439292999995],[-9.828201072863374,52.244298231772184],[-9.825949628098888,52.24363074556385],[-9.827156346882967,52.24286908439088],[-9.824679859629201,52.24247204479169],[-9.815886705121736,52.24453587911325],[-9.805261658071542,52.244003986803655],[-9.79987413966625,52.24787613796029],[-9.782707226519838,52.25275294498043],[-9.767437800582915,52.24930471804364],[-9.766716153198502,52.24805890215135],[-9.76321420643901,52.24753267865056],[-9.764153259600516,52.24791469453286],[-9.763142411567095,52.24811145389949],[-9.762916104459826,52.248606955494054],[-9.764600568024607,52.24839673064693],[-9.761858448109132,52.249935688518455],[-9.76298558551311,52.25121327849647],[-9.754923689733413,52.25138007148088],[-9.754189149655616,52.25266866228182],[-9.753308409260582,52.25046414710702],[-9.749223715454537,52.247274854823814],[-9.748060887209219,52.247427062835435],[-9.752939826069973,52.25113188013654],[-9.752165319633187,52.25255096096384],[-9.753402880202355,52.254803384410906],[-9.74710385954942,52.25663070171229],[-9.740370863786362,52.25539489561421],[-9.739640708818976,52.255709688418406],[-9.741097049455446,52.25626332629638],[-9.735506388902126,52.257115189940485],[-9.735638589598791,52.25798051030498],[-9.746593343953021,52.25917175024101],[-9.748245083051346,52.26045612474059],[-9.753461603064798,52.26151837290203],[-9.749499273750324,52.261937425830595],[-9.75326232327421,52.267948305207305],[-9.766381841327654,52.26960175302786],[-9.770674072251369,52.27290749367029],[-9.776715726401743,52.27529065007833],[-9.793641528813298,52.271674641406385],[-9.805233683579866,52.27191433182411],[-9.816712214221692,52.27313067991904],[-9.825468014803135,52.27692581515077],[-9.835202718843645,52.27571567096103],[-9.850379129149797,52.280423195745534],[-9.8645198543654,52.27499924039214],[-9.863525296234771,52.27026653914025],[-9.862247611560955,52.269623231812474],[-9.859179831569437,52.270530658873035],[-9.863432559968675,52.268993606139965],[-9.865236030899567,52.27544433626568],[-9.868535309081349,52.27612614638996],[-9.871805114564335,52.27446672450076],[-9.875421758309264,52.27437873013976],[-9.874904354370264,52.27685825303033],[-9.876274844838479,52.27894521612555],[-9.873720457373823,52.28062176966717],[-9.874103578342,52.283909102479655],[-9.877521502846681,52.2864970188409],[-9.881468688944679,52.2867949035205],[-9.88066027392136,52.287395201610174],[-9.88173423275354,52.2921471441559],[-9.883494042610312,52.29382713602066],[-9.886411395631862,52.29378322156621],[-9.885487545400954,52.29496985567243],[-9.886168100380932,52.295816796763106],[-9.889589748780248,52.29652560426618],[-9.885533580051163,52.29992666068218],[-9.88518392779018,52.30201743247159],[-9.882445868487247,52.30252441983472],[-9.881204521583097,52.301219071365196],[-9.880070667416385,52.30271649026963],[-9.878475838763755,52.302242933695005],[-9.877032155130143,52.30315082315642],[-9.87479278404493,52.301449908335776],[-9.876444323430489,52.299805585337246],[-9.872716138415525,52.29842208496909],[-9.8705348374537,52.2965870497447],[-9.87077448142492,52.29557340959315],[-9.865523291149279,52.29584971148629],[-9.863215468948498,52.294989283902],[-9.862182694079571,52.293298222165944],[-9.863559060357655,52.29256334212252],[-9.864404949001775,52.290262695135546],[-9.869637259547867,52.28735838960058],[-9.877116270884155,52.28664202160678],[-9.872709680886565,52.282684801696966],[-9.873572139353522,52.279658291234995],[-9.869632870953563,52.28044558746123],[-9.863780088954185,52.28384904547927],[-9.860945719365738,52.28383475784631],[-9.859611133631278,52.28931426985177],[-9.855465028103652,52.28888395220987],[-9.850756963484091,52.29117536844552],[-9.840963146579265,52.290890839370256],[-9.837358145902694,52.291714328723856],[-9.834022098984535,52.29869293747648],[-9.828352005050172,52.3015654499439],[-9.836044528568177,52.30164873242452],[-9.837594083043962,52.30024207768137],[-9.842161451106252,52.299692567609995],[-9.84855492051495,52.30038931398446],[-9.851784984580295,52.2990243801737],[-9.864310795349478,52.2974230416448],[-9.866744669010718,52.29814870439621],[-9.866953420079525,52.30032261543288],[-9.869469378975092,52.30231212940178],[-9.863847789259955,52.303332881748204],[-9.851807219154669,52.30914260751293],[-9.849710899944697,52.3110971248191],[-9.849777379278494,52.314141985105806],[-9.835646729380974,52.337118920530614],[-9.834558941809425,52.34030594918185],[-9.834748204981489,52.345918168767334],[-9.837344660965865,52.355509858437955],[-9.836579035978003,52.35637628823137],[-9.837241297554511,52.36013308364282],[-9.831827323588662,52.37540660653446],[-9.832086087183288,52.38030135218291],[-9.833813056367724,52.38446516621773],[-9.836897910464366,52.388865549945265],[-9.840890408078021,52.39042260538343],[-9.851372535577854,52.39089180113969],[-9.854341238748633,52.392334019433115],[-9.870058023592252,52.39151120388481],[-9.88369573512721,52.39472178147862],[-9.89374992217682,52.39447780680035],[-9.9019787097877,52.3969294042583],[-9.90585696720503,52.396348761530376],[-9.91107183889703,52.397443557108524],[-9.910852124126265,52.39647094226691],[-9.914160710780392,52.396026789744184],[-9.919526398278887,52.400108909295376],[-9.927769534233283,52.401901463942394],[-9.931592631340058,52.40136837850135],[-9.935626910954925,52.403798769061346],[-9.939008564177058,52.40352457297447],[-9.938903045934978,52.40456818927307],[-9.940829569474866,52.40421094415088],[-9.942572098348426,52.405446579169784],[-9.942548123558915,52.406799973328766],[-9.944794217176698,52.40758252533803],[-9.946815346285579,52.410073732021964],[-9.947767606469075,52.40982148861342],[-9.94652197479222,52.41076337041953],[-9.948028105036947,52.41227701356147],[-9.945280777402827,52.41186664709227],[-9.944291765683076,52.41487916775159],[-9.942129775166155,52.416444940741094],[-9.943277363150113,52.4181631155808],[-9.945225043191604,52.41852934801249],[-9.945714313623169,52.42045329035563],[-9.943578529752916,52.41949772209789],[-9.94339869244371,52.42173982274518],[-9.942055107724288,52.422829623794506],[-9.93931203908387,52.423854530173486],[-9.936689426738537,52.42312106483302],[-9.937075387303523,52.42375553155834],[-9.934153811908121,52.4257868630887],[-9.932280065571994,52.425217942601954],[-9.933480822405661,52.426608054532686],[-9.933137088159405,52.42780190805169],[-9.929989150358255,52.425332472109865],[-9.928816570303844,52.426006379418965],[-9.928286888180148,52.425295365084516],[-9.927476789766319,52.42584363061529],[-9.92862242547342,52.426585647457834],[-9.927928540961311,52.42738658803378],[-9.925331339579873,52.427146472204214],[-9.923665788233404,52.42940357043749],[-9.921223945147357,52.42902257529031],[-9.918444879725394,52.430174311031415],[-9.919218485775808,52.430534418535835],[-9.919332003295338,52.43113266801679],[-9.908515583346865,52.43057195874378],[-9.907406869783571,52.43186598858901],[-9.908266050792072,52.43350961515212],[-9.907261233130948,52.43381773123692],[-9.906401625098894,52.43228308535301],[-9.903559016361381,52.43258012305533],[-9.901627290576554,52.431322266980324],[-9.90070441771514,52.432597025640796],[-9.901002866531643,52.43110623955164],[-9.898901473272675,52.43283880048331],[-9.893772388583846,52.43049289151695],[-9.89409067698274,52.431692269705216],[-9.893102096879277,52.432546247388125],[-9.887686861333203,52.43154869773943],[-9.88831991314465,52.43212376358355],[-9.887522383223914,52.43237515481117],[-9.886463123138004,52.43196540865483],[-9.88680795928367,52.43047590784421],[-9.882364978250914,52.42841380041133],[-9.880904044903025,52.42963786166834],[-9.881399027746644,52.43039033124843],[-9.879156779421605,52.430682943055395],[-9.879713524457314,52.43077109825863],[-9.87985655977553,52.43121192815814],[-9.874561818062077,52.43169713529507],[-9.871876150250362,52.43090002160969],[-9.87249514222122,52.43047138684351],[-9.869963842019922,52.42859487327286],[-9.866839559794975,52.42799664540189],[-9.866369714497521,52.42694223708434],[-9.863754534957112,52.426215286034356],[-9.862887107766987,52.42748283779621],[-9.86090436882434,52.42620054146983],[-9.861022082422362,52.42794338699986],[-9.85966444753179,52.4286804895608],[-9.847302898730042,52.43038017998759],[-9.847456278741882,52.43246393492939],[-9.845541255683846,52.43184512640006],[-9.844147676165443,52.43318611961045],[-9.84188073174659,52.4324501511225],[-9.841427521246088,52.43397012683295],[-9.838550667276959,52.4328556689376],[-9.837738855501643,52.433629027517235],[-9.83342232457356,52.43288625573479],[-9.83398445053992,52.4337867163834],[-9.831410342074436,52.433995847098096],[-9.830344725545794,52.43306883983903],[-9.829049527676135,52.43380386405546],[-9.830011454980498,52.434009193656],[-9.82974948713795,52.43443009096498],[-9.827767493086965,52.43373956786334],[-9.828282386652562,52.43442358110735],[-9.827228899370608,52.43463448134214],[-9.826648263351267,52.433483612671246],[-9.824123028153343,52.434762090048935],[-9.825636511785572,52.43597970845995],[-9.824966725825586,52.43690502540691],[-9.826180388789572,52.43733557924967],[-9.824340205701482,52.43736581365021],[-9.824375337729807,52.43663218863917],[-9.824150601779117,52.435800704608035],[-9.824190518572763,52.43698247476167],[-9.823614693776243,52.437234954834494],[-9.823269494586613,52.436323064612445],[-9.821047066280585,52.436037777536015],[-9.815774861373471,52.4384254835169],[-9.813041999606352,52.43827424863857],[-9.813998102171924,52.438967467221374],[-9.812307135308643,52.43926441362322],[-9.811719060717655,52.43840649205918],[-9.812027447676774,52.440104998755274],[-9.81039982661951,52.43997218555006],[-9.810526392077357,52.44092183522877],[-9.80806633993531,52.44057442674311],[-9.80648271075078,52.44171006217648],[-9.805075805289606,52.44056358681857],[-9.805522506332773,52.441433120440365],[-9.80471330513379,52.44169543534552],[-9.804475054446215,52.44062780840659],[-9.802270980385154,52.440605557106366],[-9.799282397242155,52.442879206755826],[-9.797914582457183,52.44251019602349],[-9.796358248910495,52.44599907995595],[-9.793812842377132,52.445634503086524],[-9.793631494388316,52.44422526684275],[-9.790475649364016,52.446983984283605],[-9.786823448931818,52.4467476151581],[-9.784821020340088,52.445248336462086],[-9.782413908980915,52.44565363580397],[-9.780453576054882,52.44790749201946],[-9.781756491301737,52.448536586551704],[-9.778996006791841,52.44905426582854],[-9.781049265435595,52.44946375625924],[-9.780011732847752,52.45010501508889],[-9.775951559294162,52.45019731291364],[-9.774183155394596,52.44876131194691],[-9.773998386729206,52.44955263407296],[-9.77038415830153,52.44850876615978],[-9.76849787847868,52.44904582871648],[-9.76661361207351,52.4510320097186],[-9.764506364657452,52.451210009426006],[-9.76482646395312,52.452155176344206],[-9.763236742172204,52.45278353563831],[-9.763985686937406,52.45336783996172],[-9.762117908897793,52.453079594470545],[-9.759945228587053,52.45427706403497],[-9.758472523756351,52.45363509946036],[-9.75898785807212,52.45427961377701],[-9.756775780064965,52.45586124922063],[-9.758072456988122,52.456260649201454],[-9.752851261046645,52.45756997904179],[-9.751635306106534,52.45659220044036],[-9.751017590380954,52.45924346448282],[-9.748060053971852,52.460994423123836],[-9.748595509612343,52.4619414364382],[-9.747203070193503,52.4618607251009],[-9.74897666141473,52.462815650439204],[-9.747233683735786,52.46415709531005],[-9.74803049658695,52.464948859693216],[-9.744295406487128,52.466127190610344],[-9.74548654633761,52.466487096543545],[-9.744074093238943,52.466995929870215],[-9.744862391514305,52.468919220432745],[-9.74093917763176,52.46822646378312],[-9.740427242058074,52.4704407886339],[-9.73713445260499,52.470294921754025],[-9.737272876164637,52.47160628229989],[-9.73143282853492,52.470969837902025],[-9.731701420548271,52.473509818094755],[-9.726045349401389,52.47518786427524],[-9.72625445983487,52.4758969808598],[-9.717433584811769,52.4763775495215],[-9.713626787904733,52.47801470801319],[-9.71290686875558,52.4797282362086],[-9.710198365049498,52.481379673532885],[-9.696387845409797,52.47952588641964],[-9.689400666608694,52.48279192185878],[-9.68803952939764,52.4860717169849],[-9.684138730862983,52.48998899491353],[-9.680301657666535,52.4982187087071],[-9.67967120085218,52.50438242968974],[-9.681785393239847,52.50951073298957],[-9.678026487462905,52.51226266922816],[-9.676659983325571,52.512114509984976],[-9.675498902446785,52.51408204302692],[-9.6794148524242,52.51499496705272],[-9.680428843535744,52.516741417941],[-9.679243765615505,52.51668116922649],[-9.680311929924034,52.51719271750302],[-9.680051151073037,52.51824727448631],[-9.677419347235022,52.517418550312335],[-9.675578750697088,52.51956439486595],[-9.679181552769647,52.520886024103184],[-9.678716036691869,52.52149626176528],[-9.681011930315831,52.52300664294113],[-9.684247892758714,52.52254945386649],[-9.68181695671253,52.52509871705698],[-9.67369354465148,52.52646817879415],[-9.67411705724909,52.528093568911686],[-9.68216895121786,52.52791743910573],[-9.677687645980509,52.52880527396663],[-9.682137690774402,52.529865504885954],[-9.67689553384392,52.53121019936884],[-9.677939428290246,52.53156948668103],[-9.67190212431123,52.53061887195216],[-9.671880965323846,52.53291967614378],[-9.670363482663115,52.53365691108662],[-9.673333996755774,52.53424063623891],[-9.670944053627567,52.53569129328332],[-9.67283744332101,52.53673329214535],[-9.669794249202852,52.53681184805886],[-9.670400916178451,52.53869627543375],[-9.668060825100731,52.53901495598362],[-9.668915940172404,52.54122915155394],[-9.676192581256297,52.54270258207785],[-9.675773603082106,52.54381266103955],[-9.680538170068143,52.54518859018478],[-9.67830703717869,52.54545632222555],[-9.679140499832279,52.54745016782779],[-9.678082026688068,52.54770572012651],[-9.678874593682183,52.54817798849478],[-9.676488949281099,52.54878020526095],[-9.676056339295263,52.55000821668507],[-9.661405741979355,52.55651128579687],[-9.66169644872648,52.558896582315754],[-9.664632789425873,52.55927382257309],[-9.662368995830642,52.560005474086346],[-9.66431834367872,52.56042397805331],[-9.662837318313128,52.562235152109245],[-9.679543099270447,52.572750727602994],[-9.657195216479689,52.592701935765604],[-9.635335929630727,52.59925978951967],[-9.6267765898696,52.59930760479947],[-9.535596619637857,52.598737079807506],[-9.437241670598738,52.596345742321645],[-9.407951643498372,52.59175439075888],[-9.396209613371456,52.5937190004713],[-9.37257506553148,52.601532221196166],[-9.36494026543367,52.602451962346734],[-9.356686824605536,52.60088234680588],[-9.344821861225222,52.589542686891214],[-9.36053295491978,52.582532861184845],[-9.36007432466361,52.58127275673352],[-9.364270853195334,52.579844813276544],[-9.36705811853012,52.57538645499846],[-9.36630571687998,52.574839589195896],[-9.367642690861992,52.57432895312126],[-9.365325108292598,52.57213244625676],[-9.36253717349851,52.57186531814073],[-9.360922910753956,52.57009984800353],[-9.353694683372142,52.567401285318155],[-9.356228735934108,52.56633139353066],[-9.356884392490436,52.56412078704838],[-9.35458925050032,52.56205529306877],[-9.349863263577438,52.562188896577105],[-9.345555140238059,52.56100081643644],[-9.344212663096098,52.56131981562187],[-9.34400303861869,52.56266399322229],[-9.34149513001889,52.563074100685014],[-9.337579692463022,52.56156726745444],[-9.342550105757308,52.555831156376655],[-9.3505129525837,52.55500349231845],[-9.343549885074301,52.5500605342349],[-9.34487972818478,52.54728574160178],[-9.348852887583242,52.54677012277572],[-9.350340355563084,52.54495659129096],[-9.348732213818925,52.54383293600144],[-9.34833962129266,52.54148239841665],[-9.33613368375663,52.538913255952416],[-9.337491738049973,52.53806312852725],[-9.331264371169649,52.532993195232635],[-9.33208899304321,52.53050217340477],[-9.331514608734025,52.52721126680494],[-9.32197472748985,52.527106716939045],[-9.313528378758043,52.52506358952304],[-9.305318116394378,52.52161395630569],[-9.297230922193894,52.49591725293518],[-9.312403628919736,52.4956527064897],[-9.315571849020426,52.49379578012703],[-9.318366389905258,52.4907241528401],[-9.3163341710967,52.485483238327376],[-9.316119183992658,52.47951163048518],[-9.318720397428777,52.47617177625473],[-9.321609559273972,52.47546580767994],[-9.322363473357925,52.471614478155274],[-9.331195294401873,52.47172365908569],[-9.333008010484086,52.47267992272817],[-9.33395970942596,52.47197073970109],[-9.332762750103559,52.47133146860457],[-9.336483227820349,52.470477703541185],[-9.3368157584702,52.47259962880454],[-9.338382645052093,52.47131990630992],[-9.338863923167501,52.47321746117397],[-9.343274150834485,52.473212872337825],[-9.342276639091855,52.47179098926562],[-9.339169504276901,52.47128460006989],[-9.339208395436732,52.46943982812344],[-9.340578948527439,52.468268052163104],[-9.339204787815962,52.46541002146617],[-9.340023364503857,52.46263543182608],[-9.333300659976645,52.457136338271134],[-9.331370817113427,52.45006263029165],[-9.325662490240763,52.44267480357055],[-9.321989454953089,52.44327574317584],[-9.318916239111848,52.44244663850507],[-9.314182542308638,52.434998883088994],[-9.304172059728097,52.434785513214756],[-9.307634606324957,52.428153982404325],[-9.321629160402871,52.426071370459404],[-9.327374403832295,52.423662127209376],[-9.33181783037495,52.41891778414052],[-9.33301359755794,52.41620261256448],[-9.339359181578473,52.411695060228375],[-9.339034339176262,52.41069981314417],[-9.341400258365484,52.40767206448939],[-9.338473634701483,52.40640771374895],[-9.33947018698049,52.40441642226724],[-9.336948601056973,52.40277930009098],[-9.329259629060575,52.40251789650043],[-9.321649380268221,52.3988358324906],[-9.31481417063884,52.39720537698236],[-9.313634556794392,52.395837920769665],[-9.316192415771242,52.39359442911523],[-9.315267738156352,52.39247902311113],[-9.312392965849615,52.3936320020415],[-9.30854166281422,52.39033163806657],[-9.303307533407917,52.38895653653172],[-9.302298576353559,52.38182582349377],[-9.304068118096847,52.380646489592344],[-9.305582638956153,52.3816510435049],[-9.311397315578468,52.37632422905789],[-9.317350733404849,52.375135055725224],[-9.318242640607195,52.37362292072382],[-9.32196748007577,52.37402309525412],[-9.325471873956332,52.371406986902535],[-9.328575413682922,52.371781891792125],[-9.32974625488293,52.369978315639266],[-9.343833069876021,52.36737405127094],[-9.344598369445556,52.366599784705365],[-9.344030885244246,52.36515668489367],[-9.347587387713903,52.36299765783268],[-9.347943145230762,52.36155019155607],[-9.340965828193427,52.35743177241104],[-9.34069290056819,52.35509286953183],[-9.339389987486202,52.353985029679784],[-9.330698982007794,52.355003367238744],[-9.325277620275086,52.35074905285386],[-9.323067294906206,52.35000029012276],[-9.320322230189909,52.351294552031085],[-9.318975143954898,52.34942641954405],[-9.314724452759668,52.34817032134895],[-9.313956516278694,52.34493631728052],[-9.305563052607804,52.33844969961536],[-9.300660467661428,52.33597220901482],[-9.30010328038116,52.33294999363396],[-9.29566378338502,52.334039206119655],[-9.29005939887468,52.33258629086432],[-9.285161862164765,52.33278654424647],[-9.28197221047533,52.33106223486349],[-9.276282957458438,52.331283186554465],[-9.269578049207192,52.32780525299395],[-9.26102262757615,52.32508420679826],[-9.25259166293258,52.32646478601695],[-9.250405229210042,52.324164800504086],[-9.251714183490256,52.3226315224821],[-9.249164295014676,52.322949858516],[-9.250157057835773,52.32411199194136],[-9.24762907840505,52.32475674143031],[-9.245734650874875,52.3222137676058],[-9.240372494150508,52.32157542537212],[-9.238602293148881,52.317463770753406],[-9.237179773438692,52.3178308327985],[-9.235748514253523,52.313488781958654],[-9.232489866300725,52.31047411227136],[-9.233022165226014,52.30822958699316],[-9.230517048766508,52.30386452601576],[-9.217334361300027,52.2981131914394],[-9.216858347816462,52.29536054006235],[-9.210890514096205,52.28997071551595],[-9.212328739412593,52.288004923523054],[-9.212716182715615,52.28467664315026],[-9.216280106360044,52.2818721143753],[-9.225159174956335,52.2820617334742],[-9.246711261304284,52.27925827720083],[-9.24928714492251,52.27777964638541],[-9.250048522282949,52.27529441914908],[-9.249387883220777,52.27308299287009],[-9.245712070499641,52.26697428720097],[-9.247623712235395,52.26458246982123],[-9.273713075764206,52.25455359849128],[-9.270273466964534,52.24936438065828],[-9.273611644352636,52.23576711863496],[-9.273664034085211,52.23146335432533],[-9.276051748351307,52.22963619390863],[-9.269929523322462,52.22607113907081],[-9.265609587314946,52.221293122106],[-9.265042146816324,52.21890495410215],[-9.262849085148085,52.2166815770368],[-9.26465493945151,52.21386901690892],[-9.261786162821606,52.21207939658025],[-9.256705986337135,52.21119224222031],[-9.251608439160615,52.20605444220244],[-9.25180100464106,52.201531497242314],[-9.248311280745963,52.19903618353068],[-9.247995153102298,52.19776172127239],[-9.249059415194518,52.19721515224644],[-9.248010925059702,52.19469888650197],[-9.246624150025065,52.19494065057675],[-9.246286521629386,52.19385847384515],[-9.244632480525636,52.19349141174317],[-9.246492418635446,52.19239179450669],[-9.248617116812685,52.18911871947727],[-9.247133329551616,52.189225150752236],[-9.249288309119352,52.18758146006292],[-9.248178846277508,52.187421814688456],[-9.247806890839401,52.185441810122704],[-9.245323151573754,52.18434099444443],[-9.246184723141894,52.18327473692165],[-9.244757681593478,52.18296713435465],[-9.245630836801574,52.18231848769974],[-9.242777825841907,52.181212950570576],[-9.242764968489627,52.1801946696631],[-9.231515951587172,52.176919763914434],[-9.233502673476915,52.17407751357266],[-9.232553703722797,52.17327993047772],[-9.235249562188176,52.16967061890317],[-9.233933414195336,52.16837450965958],[-9.234311322904626,52.16755172619246],[-9.230670145692981,52.16618637213398],[-9.231091450051418,52.16466591375192],[-9.232195419692609,52.16525225173129],[-9.231084320541068,52.16390654121232],[-9.232782606705157,52.16172572214972],[-9.235148430036144,52.16080104897041],[-9.233859610511963,52.157978286214316],[-9.236156715630234,52.15559141666928],[-9.235448229052674,52.15477269143957],[-9.238030729575753,52.154211568623055],[-9.238351067051573,52.15318164095679],[-9.236178417030604,52.15293361371052],[-9.236717849572887,52.15194489281773],[-9.23851840679761,52.15226468694161],[-9.23706701180578,52.15093788532601],[-9.239159159863302,52.149613098635164],[-9.23838439415541,52.1485997409902],[-9.237170229885226,52.14911357274287],[-9.239715075059358,52.14792056370581],[-9.240052892414695,52.146594447481114],[-9.23439830611012,52.143519830140484],[-9.236243781406053,52.14179454108269],[-9.234643024177881,52.14076904916444],[-9.236403733497523,52.14121997753876],[-9.236566969718771,52.14010531234677],[-9.233897945112004,52.13829626495769],[-9.234593982495797,52.136872251198675],[-9.233156353804592,52.13616568789047],[-9.23309856385378,52.137057076124826],[-9.231611563093125,52.13722180195171],[-9.231136987528254,52.13608613466789],[-9.23215809710708,52.13554688192027],[-9.230440050578851,52.13571627243825],[-9.228958737562403,52.13411984255464],[-9.23145490699393,52.13389351116114],[-9.231657403937707,52.13235614310714],[-9.226291040152677,52.130812186378115],[-9.22805691692896,52.13066160341837],[-9.227250941280055,52.12834376462983],[-9.225745033757661,52.12786670747491],[-9.227371985762314,52.12540514583388],[-9.226513189662224,52.125316548262305],[-9.229238129419999,52.12419953238783],[-9.22669097850484,52.122920175296045],[-9.227707304677066,52.12173431852437],[-9.226077265209407,52.12065378535955],[-9.226624333385947,52.11954936002381],[-9.223826909186888,52.11924382088199],[-9.224169515424276,52.118385417682624],[-9.222406249141626,52.11685544866498],[-9.22176439690719,52.11849124147884],[-9.219809606154824,52.11358467905232],[-9.216501443805315,52.11190032929285],[-9.217529183702382,52.11133890961632],[-9.210499674079161,52.110247862451985],[-9.2124626547461,52.10875310366611],[-9.209558303088386,52.10840529633587],[-9.210401462738602,52.10595875183631],[-9.208231202786036,52.105324605785235],[-9.210571502210872,52.104149462457286],[-9.209201865525367,52.10284694431338],[-9.210992552266855,52.10198848502033],[-9.209477892995645,52.10064823012964],[-9.21146144069822,52.098817980472724],[-9.207858855243533,52.09702442621527],[-9.208387093593807,52.09534437395282],[-9.206822710970389,52.092784572363115],[-9.202034307744311,52.08967812882764],[-9.202308479521193,52.088580153996816],[-9.205114634712082,52.08764127431668],[-9.198026230217325,52.08557805436999],[-9.195593833687214,52.08318966560946],[-9.19324406480832,52.08332280515774],[-9.192897700189297,52.082290794391824],[-9.18929448846453,52.08090158876625],[-9.188238918196452,52.081020313635946],[-9.1887744061466,52.08217308991118],[-9.191489867123295,52.082516337311134],[-9.191623293352306,52.084270648861434],[-9.187500429208557,52.08467719697202],[-9.18444331540176,52.082864309992445],[-9.186325891489547,52.07899470961414],[-9.188665485324668,52.079182764768966],[-9.191223422617743,52.07692060063136],[-9.191798933398472,52.07497817365253],[-9.193924715450034,52.07579156151775],[-9.195170674776442,52.07359924271474],[-9.198135431473121,52.0741049775235],[-9.200807531166653,52.07270747376035],[-9.204023500544723,52.07236254416916],[-9.205976716320146,52.07332630587201],[-9.206077032930608,52.07191004942187],[-9.208104972283627,52.072388871606286],[-9.209851805076354,52.07119485684939],[-9.209552178675194,52.069991011898956],[-9.210780277196548,52.069882646695866],[-9.20986261289478,52.06831095888629],[-9.210739745186512,52.06578224983382],[-9.213330303300273,52.06538717770291],[-9.213474061241628,52.063731149769595],[-9.217691515192074,52.06215464375729],[-9.216881109815732,52.061097099259975],[-9.218384977041064,52.06070947205801],[-9.218103381177649,52.058918623812275],[-9.219716884103171,52.05816249455802],[-9.218924551850511,52.05744115930607],[-9.220940851875884,52.05499834640584],[-9.2198620874377,52.05295434589329],[-9.221450631781815,52.05258473287495],[-9.220273993363968,52.051962605013344],[-9.221341300632295,52.04899946484339],[-9.217767571716006,52.04564974114646],[-9.217917275850626,52.04065305931416],[-9.214832282911424,52.034187774139895],[-9.211901212141944,52.02405626376153],[-9.211577862323002,52.023277671101],[-9.192589760206344,52.02478758293323],[-9.18463908487164,52.02652011659615],[-9.182373235432697,52.02795275892231],[-9.182866000009746,52.023827770826344],[-9.178961666808299,52.014488552905874],[-9.162136362160657,52.0066498215841],[-9.161993412590256,52.00450279701851],[-9.160379999882382,52.00513216741077],[-9.160719397776152,52.0064901895565],[-9.159170892465493,52.00607499852888],[-9.158582024672844,52.00732232003216],[-9.156263495780342,52.005830602076315],[-9.15480558192856,52.00685669870616],[-9.154669255859854,52.00582328205398],[-9.150873687387161,52.00650314410605],[-9.136342625499237,52.00483122478493],[-9.125369898352993,52.00775434895037],[-9.118783600849978,51.99816582106451],[-9.124187893093199,51.99185051868177],[-9.126821029043393,51.99181422650983],[-9.12932240512623,51.98715620557685],[-9.133261736272136,51.98426616381186],[-9.13789613671811,51.982600025329056],[-9.143914583361468,51.983045792437544],[-9.156274853647412,51.98608354127084],[-9.165118815062753,51.98306279559594],[-9.176611707003643,51.98252895427975],[-9.183952398623077,51.98365353478819],[-9.19419538548608,51.982632186700606],[-9.203141270650464,51.97811410437012],[-9.212898087042333,51.975295787491646],[-9.23376986191054,51.972153216130344],[-9.23712903348454,51.970363269865096],[-9.255328207144473,51.969669145686474],[-9.260434871410501,51.96515686202567],[-9.26208169469528,51.959750941569304],[-9.281232964439573,51.95534383555958],[-9.29090144821491,51.949500995178944],[-9.303309148528017,51.94620721480109],[-9.307456740493045,51.94204921599004],[-9.304603560046985,51.94115324007391],[-9.305068905592876,51.93855878984825],[-9.301487776518153,51.932965237662984],[-9.30279416512858,51.92826676017626],[-9.301668238659294,51.92385308326624],[-9.293969779093043,51.917283931374264],[-9.285802620172117,51.91429527749705],[-9.285659257432638,51.91317856698628],[-9.287728526935906,51.9124885157917],[-9.287582366981306,51.90850331851654],[-9.290656018405745,51.90693802652933],[-9.289042219110502,51.90277458412338],[-9.282753890445239,51.90198584562054],[-9.276461590637204,51.89843492935125],[-9.273853326285337,51.895724042044165],[-9.279033081875596,51.89416959073472],[-9.285144441754113,51.88502751056352],[-9.290675709144883,51.882199908786816],[-9.29478059671338,51.88180001076494],[-9.301515600353499,51.87909830454184],[-9.29997794603425,51.87214253650731],[-9.307500744106054,51.867893687223365],[-9.305534789959562,51.865449806733984],[-9.324363429298083,51.85706609633065],[-9.327001818491963,51.85724257837496],[-9.325055478526123,51.8516696628801],[-9.325795396750879,51.8492491162164],[-9.329804813987225,51.8463743744426],[-9.343494419495022,51.84313637117693],[-9.349095390122468,51.843638329766236],[-9.356907344552898,51.83628201112251],[-9.370121576361333,51.83538827170915],[-9.383056170136838,51.83681599348549],[-9.388276505828724,51.83640407179344],[-9.399403776348105,51.82828491276482],[-9.407825176056797,51.825190568983466],[-9.412402944056808,51.82594140398967],[-9.428603204643865,51.82484086978237],[-9.434553492357443,51.82631354590837],[-9.438171487344745,51.82343748608705],[-9.440982542550309,51.81392630581263],[-9.446094629686744,51.80732347030992],[-9.443416105831453,51.80252941022473],[-9.451774302663754,51.799250058865766],[-9.460766747393892,51.79928656687746],[-9.463596988901022,51.79802188918994],[-9.461322295957252,51.794901418386175],[-9.471462863697992,51.793376773520514],[-9.481024871473698,51.78959186342915],[-9.496900031489327,51.79003712831608],[-9.524293476438375,51.786998294887674],[-9.535846142257668,51.78758008509738],[-9.539792710656739,51.79037207672387],[-9.554986000059575,51.78772590450601],[-9.56065308002764,51.78951313598387],[-9.566467300832834,51.789539943718],[-9.581156214946173,51.78410797973272],[-9.593767996652248,51.78596056384115],[-9.599323984113088,51.787800377587246],[-9.615110402762985,51.78720037065055],[-9.622885349747069,51.78551325020958],[-9.640650058870543,51.771853752429266],[-9.646546369924913,51.76909744189158],[-9.65044833219401,51.764978383259326],[-9.657011109730583,51.76412040343262],[-9.659631522664185,51.75838191705579],[-9.663330699471231,51.753748786770295],[-9.664398102600549,51.749820229232185],[-9.668582316191848,51.74725522577104],[-9.685687554737719,51.74513034240807],[-9.691597459461796,51.742343678840406],[-9.698089946227588,51.744236086014894],[-9.70726268952572,51.7439090414903],[-9.716213537365835,51.73949503368632],[-9.723720383826741,51.739753345376535],[-9.727912589625957,51.73735053491867],[-9.730720665558902,51.73260274440963],[-9.748798257302484,51.72611880227293],[-9.760559578734961,51.71968964994878],[-9.76243064792912,51.71672044844191],[-9.76093174649135,51.71156610000019],[-9.765961752658816,51.70993291025084],[-9.771068125732766,51.70559534430021],[-9.775279709506385,51.70460416180854],[-9.777366684204882,51.70226800191117],[-9.781616931026345,51.701298066546734],[-9.787894086723927,51.697111283144345],[-9.791039725771059,51.6938279508402],[-9.791370970137976,51.68880923850563],[-9.798838799806271,51.69271390155997],[-9.809083375985603,51.69224226807563],[-9.818900402495414,51.69013156752767],[-9.821569260563782,51.68832083637736],[-9.833675769024689,51.694281743997536],[-9.826720559082029,51.700444149974246],[-9.827302554590679,51.70564123100053],[-9.825036311555845,51.70623684166511],[-9.823650228355422,51.70861859620114],[-9.823846720041445,51.717436415650404],[-9.825441227215883,51.718766045165],[-9.831780364709418,51.71830111459553],[-9.837466847307592,51.71918882520827],[-9.843546014573487,51.72286252698916],[-9.84418401156645,51.72369632419052],[-9.843089192484687,51.72488701549235],[-9.839890666715275,51.726136851011915],[-9.833374633028496,51.73302134149497],[-9.840399042860705,51.7355546767987],[-9.845350717808541,51.738664973026836],[-9.85413157415238,51.74705831814391],[-9.854386804870735,51.749864529082025],[-9.857381475377183,51.749934034170295],[-9.85603662514136,51.75155546091377],[-9.857435949580923,51.75172127720928],[-9.854050299526328,51.75255332913491],[-9.853432224964452,51.75469007733514],[-9.849161096172937,51.75621069123849],[-9.845256857893634,51.759659553866314],[-9.851584219943545,51.75871604049047],[-9.850025524074018,51.76004984997724],[-9.853371133451912,51.76071791385296],[-9.851487985023947,51.76350599177572],[-9.85514476570379,51.763491664702414],[-9.856166466859296,51.766644266481336],[-9.855441712898417,51.766875356803276],[-9.85633210444339,51.76726412123016],[-9.854554890264133,51.76660438502176],[-9.84971492994419,51.769756100999174],[-9.850838867884335,51.7713243082021],[-9.854269590490933,51.77137357416773],[-9.848345897283671,51.77507942727993],[-9.849008552791934,51.775338851374485],[-9.847397582680758,51.776634710398596],[-9.848419139581834,51.77751763621392],[-9.840624724381982,51.77779694267783],[-9.84095371204133,51.77705178068334],[-9.839390124148702,51.77658128595044],[-9.843055967768578,51.77364443467071],[-9.840925155514883,51.774884002171724],[-9.838480676670809,51.77396411351886],[-9.834895416571033,51.774596940239135],[-9.83408977333054,51.771671379403514],[-9.834995476692841,51.770339319657005],[-9.8427288566532,51.76710190521961],[-9.846125583261077,51.7667438107335],[-9.845221335546215,51.76665662707018],[-9.846485687995793,51.76534184080399],[-9.82611516402927,51.76686693215245],[-9.82405207179978,51.767942433492806],[-9.818935643534479,51.76752402546587],[-9.81730054128418,51.76872495878033],[-9.80992841813521,51.76960229599029],[-9.811673279102648,51.76881243349768],[-9.812158175280215,51.76716504830762],[-9.816077469560977,51.766156574432735],[-9.815823726138662,51.76532077460868],[-9.821499084932215,51.764461569922744],[-9.820380747374022,51.76555180371836],[-9.82085981743898,51.76602104392604],[-9.823122299757634,51.764610408716166],[-9.821268335950508,51.76512868275994],[-9.822655225126484,51.76406796249348],[-9.821082942320507,51.764086080023176],[-9.821916872296013,51.76248089092415],[-9.820074601196215,51.762212476046344],[-9.820181930126797,51.76293028866521],[-9.81698890575884,51.763988360499305],[-9.817727475902132,51.764439431946755],[-9.809964489615865,51.76427345405941],[-9.810026880818134,51.76606016871557],[-9.80365894612125,51.76797049744639],[-9.796297916859674,51.76649594391846],[-9.793106447616655,51.76727924827554],[-9.79204295239871,51.76606280087298],[-9.797701961884487,51.76401119370227],[-9.799673074025984,51.7645734997306],[-9.804617110734371,51.76091960063928],[-9.79155351408819,51.76230665257126],[-9.789983998008703,51.76281708300963],[-9.791006505080588,51.76345127411099],[-9.788913646149858,51.764875632481214],[-9.788360559725492,51.76260670112988],[-9.786475438846795,51.76238472187194],[-9.786737031728375,51.763527816430994],[-9.785179630088859,51.764659870024786],[-9.781987273092874,51.76485374766883],[-9.782591824326559,51.76445484725475],[-9.780785191408137,51.76279612272442],[-9.785464013025853,51.76202619267912],[-9.784838924408113,51.75956457851039],[-9.786574573625662,51.758316988672505],[-9.784957250242414,51.75777373412496],[-9.785061063590861,51.756634380984366],[-9.781929068282576,51.756724763517255],[-9.780741891540025,51.755740144893714],[-9.781234087819284,51.75355208027019],[-9.78008175456181,51.75568419324504],[-9.781771954508223,51.75751058431882],[-9.784076186895048,51.757396715861844],[-9.784297000483939,51.75804689112244],[-9.781763902826446,51.75756254484763],[-9.780802751196635,51.75883252843039],[-9.779288782494149,51.75851319806709],[-9.780469536841347,51.75911255664769],[-9.780155164109791,51.76004919714639],[-9.779830450892623,51.759777661939864],[-9.779111684110305,51.759719526791244],[-9.779038084430447,51.759778781671514],[-9.780797143870492,51.76046826582047],[-9.77981681181677,51.76096400257541],[-9.781617672864781,51.7613024962138],[-9.779052994248953,51.76307153492155],[-9.78000957151185,51.76508460864337],[-9.775343840502888,51.765561116587286],[-9.778224934317485,51.76643804395794],[-9.781696590667245,51.765747480848],[-9.782612445413884,51.76667656370508],[-9.783916435276998,51.76573061774062],[-9.783642820205937,51.7676908112495],[-9.78561351433736,51.76973971636627],[-9.787878834850824,51.76997612903944],[-9.787973319643577,51.77039237453935],[-9.784385386764171,51.7714496070994],[-9.779823713624886,51.77051286542244],[-9.780490081111587,51.77192073826791],[-9.786511113291782,51.77202639186355],[-9.784927654889094,51.773772911648],[-9.790338854985107,51.7736367906363],[-9.791321196973245,51.77458019406131],[-9.790401490629423,51.77539233544692],[-9.796700576984394,51.77496639852893],[-9.795145147803774,51.77539874198077],[-9.796412902591921,51.775874605507006],[-9.792286881036361,51.77654531817834],[-9.791209118204664,51.77712324066854],[-9.791775740761105,51.77744002760929],[-9.792566414528327,51.7765502792476],[-9.79480751873882,51.776381626445165],[-9.794165463386406,51.7772951756253],[-9.80594075072629,51.77567651791814],[-9.806622538725305,51.77609869228958],[-9.803981365023299,51.77767154292457],[-9.80564640400078,51.7788451995262],[-9.805704275427267,51.78040598132751],[-9.807362004562721,51.779265409016304],[-9.806657954195694,51.78061069086856],[-9.811124352395419,51.780488450568505],[-9.813557202113053,51.77915066872533],[-9.82108481321018,51.779537584265746],[-9.822003449000075,51.782211677472425],[-9.823149391098303,51.78223964201627],[-9.822158495615286,51.78394526168822],[-9.824953735451812,51.78362016320882],[-9.825075694969298,51.78457026972375],[-9.820157795131648,51.78779098291605],[-9.805508865475964,51.79386367382722],[-9.788138403818573,51.79876374734535],[-9.788884669697408,51.79739392052812],[-9.786940715047727,51.79693026013693],[-9.782845790509546,51.79879479587308],[-9.781369238223943,51.79864662495505],[-9.782841080394723,51.797154495254276],[-9.776658456353626,51.79793056265243],[-9.775147260809588,51.79923285605637],[-9.776169708674404,51.79929843274591],[-9.774453372158195,51.79983116274112],[-9.777030683907512,51.80074969826102],[-9.779440207937569,51.799638109010026],[-9.779184923347565,51.80230544886981],[-9.780250057261169,51.8028650986689],[-9.776708571852607,51.805600165827066],[-9.777471131143708,51.80781339452671],[-9.776447774477377,51.80791813592567],[-9.776379846774853,51.8058206576498],[-9.773711967205612,51.806525636320785],[-9.775880890160881,51.80656912173459],[-9.774827432241068,51.80870227906751],[-9.778206215727833,51.807717302136446],[-9.778500592683242,51.80874687653324],[-9.77177318277246,51.81116461186956],[-9.769654115715559,51.81100793851692],[-9.771424876857882,51.81190857361016],[-9.764811768769622,51.81415297151596],[-9.762016417163808,51.81627929952379],[-9.75626918644447,51.81734948899047],[-9.75264762377184,51.819649599657104],[-9.745603362949177,51.82062683231053],[-9.74319316732061,51.82221859255545],[-9.744373652537066,51.822596988143424],[-9.743267487206845,51.82372722914007],[-9.739910316834894,51.82375038849024],[-9.742939186574384,51.82882595799613],[-9.733403207419737,51.834881261327844],[-9.729325801332008,51.835563559739306],[-9.732458204739368,51.834249286386964],[-9.73187187222806,51.83336469258437],[-9.725571185379412,51.835894524773046],[-9.724989388951274,51.83736042448094],[-9.717015731584898,51.83978480665492],[-9.715322950252611,51.83960875943814],[-9.716999654071255,51.83897702213289],[-9.715411344255065,51.838380814324125],[-9.711361262161542,51.83852871838467],[-9.691801558140753,51.84224543328557],[-9.68657480711807,51.841167297369715],[-9.673221795384341,51.8429972725182],[-9.67543812237662,51.84212835110462],[-9.670611230810579,51.84257802892771],[-9.668489114362917,51.84160325751974],[-9.669487719620566,51.843118107599366],[-9.665171205488084,51.84455336293775],[-9.660565785044131,51.84404823770838],[-9.662379151417621,51.84277888217631],[-9.65228671454938,51.84515645281959],[-9.645144213755543,51.844471873023146],[-9.640127925084508,51.84743863198394],[-9.643515218133533,51.84769081449128],[-9.643893871339147,51.84955709657108],[-9.630991325538597,51.85208609653624],[-9.628182795432988,51.85510592534334],[-9.629388180016765,51.85530225258055],[-9.623125136815888,51.85846364450577],[-9.610738260920899,51.8611718747566],[-9.603832982461245,51.86540157944212],[-9.598269996426437,51.865736137440365],[-9.598772744950624,51.865196647013704],[-9.590205018686344,51.86899372281595],[-9.581523575348847,51.870485006359885],[-9.585872967264152,51.87414308495932],[-9.588840007329912,51.87320700776685],[-9.589103213269508,51.872139064174306],[-9.590653116565418,51.873588251069776],[-9.596615479157338,51.87299952641525],[-9.597955954051,51.87411557604571],[-9.600912618277794,51.87228305718227],[-9.60238719508613,51.873181939124535],[-9.601747073220153,51.874058821649854],[-9.60405657669257,51.87354480541461],[-9.603347208184662,51.872525380601914],[-9.604180438361169,51.872784647301614],[-9.604620991992705,51.870970729420804],[-9.609819062982183,51.87179658954793],[-9.6080456639677,51.871146144030966],[-9.609047141798193,51.87116606347506],[-9.609767062090068,51.86925875350082],[-9.610748148050657,51.87078149342512],[-9.612648282634776,51.86901199778243],[-9.614776463855383,51.868648877378355],[-9.614974912393501,51.86896026459003],[-9.613577060060297,51.86988797023626],[-9.613830337982929,51.87004099410099],[-9.613155956522814,51.87053265769373],[-9.613282617266321,51.87082786113409],[-9.616328127329025,51.868174379613436],[-9.624268590304517,51.867196747081],[-9.626717527118274,51.86763418206443],[-9.625166966881762,51.86904375736052],[-9.627620009554784,51.86918080500241],[-9.626655097019489,51.86800081418838],[-9.630775732943219,51.86629043667154],[-9.630268104080155,51.86698914934785],[-9.633468167493833,51.86855137569936],[-9.630556103086363,51.869711406376176],[-9.630884564409941,51.87063915628134],[-9.63245984136232,51.86982209167099],[-9.63589219478587,51.87036755415252],[-9.63702444328631,51.86989104489329],[-9.636610798374825,51.86901475095232],[-9.637936373936785,51.869919668839415],[-9.635131961476873,51.871184477171724],[-9.637431859769837,51.87125028848828],[-9.639455126139582,51.869751155768526],[-9.641372334921304,51.870309654315236],[-9.641354332943944,51.871255874740825],[-9.642322964124826,51.86966776548166],[-9.650303657023045,51.86906908945472],[-9.650899843916198,51.86820773738749],[-9.650932845091006,51.86863816807],[-9.651667333739155,51.868683218167455],[-9.651791443660153,51.86894842648359],[-9.652101405191626,51.86894712119308],[-9.651383319398567,51.86811072669251],[-9.65271554102554,51.867882341068224],[-9.653454565153787,51.86914489510103],[-9.651514817996638,51.870848629753716],[-9.653184000144067,51.871134019057585],[-9.66104268585329,51.868369020229416],[-9.663558206541989,51.86877780662186],[-9.663445547558197,51.86754140294338],[-9.665920291402266,51.867902924079964],[-9.665687657436713,51.86687502003251],[-9.669712704922636,51.86558262603815],[-9.675460625604408,51.86609131852125],[-9.68051331730117,51.86367530490673],[-9.676093326371738,51.864699969455884],[-9.676692519342012,51.862531585214775],[-9.681167520806856,51.86356978928056],[-9.688840063323964,51.86019945950629],[-9.69684959368697,51.86018799207281],[-9.703582608896378,51.85802788783056],[-9.730968926548757,51.852790511360446],[-9.738653144089712,51.849223028841834],[-9.748799442305382,51.847687823306885],[-9.751799489437627,51.845632181734636],[-9.758746999542224,51.845082788564504],[-9.768765066349884,51.84181356046763],[-9.767417497152243,51.84247714404196],[-9.774661216453062,51.84124736677246],[-9.777889258959416,51.83856302768432],[-9.777821887339588,51.8373425051221],[-9.791214902917512,51.832541665568655],[-9.792755300127668,51.83328635567999],[-9.801056649137372,51.83120673019482],[-9.802860281828377,51.83173837618846],[-9.804179776144224,51.83092069953362],[-9.802767339551055,51.83127984009077],[-9.801916809420653,51.8310887613432],[-9.803529590479565,51.830109680607244],[-9.810261467207985,51.82929783457332],[-9.806302196213059,51.83244097211795],[-9.812687506618106,51.83008691106013],[-9.815100845932726,51.829693423588495],[-9.812047678862381,51.83113074716281],[-9.819357468830148,51.82956486859925],[-9.826525902487683,51.82567989450863],[-9.82950113043785,51.82556746992262],[-9.833401805433715,51.8226538275991],[-9.841654456091165,51.8190917262017],[-9.843383201749116,51.81732122521667],[-9.840706748865856,51.81769024550752],[-9.8428307226767,51.816171613862934],[-9.838793263817044,51.8171598461129],[-9.842436114583036,51.815910784883506],[-9.8459508647125,51.812413935274876],[-9.841352818099724,51.8130948052392],[-9.838542131215155,51.81497838118409],[-9.837782381407647,51.81620990857442],[-9.838903894450905,51.81627689970091],[-9.838448672977675,51.81697278755107],[-9.83893052209234,51.81786131999169],[-9.84074943321239,51.81792565484564],[-9.838990220716147,51.81877016447608],[-9.838905526838065,51.82008703752686],[-9.82679671939782,51.82321392951288],[-9.829364073403159,51.82182476179281],[-9.827340604038953,51.82166198242551],[-9.828097193141934,51.820645273063064],[-9.826205393769504,51.821207520004094],[-9.830716895167244,51.81897349404468],[-9.828684738843341,51.81946973938984],[-9.829042060941195,51.81804405886439],[-9.832596978593667,51.816615894955014],[-9.830774862983755,51.81702478963731],[-9.831851191049047,51.81531816383018],[-9.829295698637143,51.81608790586337],[-9.830056621412345,51.81526235731811],[-9.837112674228715,51.81320611736467],[-9.842440524480976,51.80992106869832],[-9.844312184474873,51.81100831570409],[-9.84528909235078,51.80964812634719],[-9.849936566945882,51.808107732043425],[-9.854906645378943,51.80748817019649],[-9.855895089389145,51.807794075131575],[-9.854934877106507,51.80854659382877],[-9.858501896374598,51.80950965042551],[-9.861989003020597,51.80885261971937],[-9.862120394809288,51.80744291334905],[-9.860572675969266,51.80776713116116],[-9.864142292483919,51.80604495912797],[-9.863401048549477,51.80522171892229],[-9.864171106571954,51.80436663362909],[-9.86282541108188,51.804656526501425],[-9.864784952800443,51.80343355701299],[-9.863754160362774,51.80277797052473],[-9.865019926516826,51.80173392520791],[-9.863978089299131,51.802145865299565],[-9.863526944708447,51.802021515325556],[-9.865863345797097,51.80044801249071],[-9.863203405864676,51.80135400903622],[-9.863886152105442,51.79993011028943],[-9.870225407374782,51.79601214992214],[-9.869592640114405,51.796527674808914],[-9.872946808217055,51.796392619512076],[-9.869637469678779,51.798547763886134],[-9.870298272476953,51.800049753861124],[-9.87228278751603,51.79885011027124],[-9.869512799867092,51.80113199012139],[-9.871018200483276,51.80157771628731],[-9.869568556743348,51.80207933062455],[-9.87010513543251,51.80623079071345],[-9.863594641045406,51.8091129195499],[-9.863033401409767,51.81072430671295],[-9.861496328262103,51.810662526840076],[-9.863056403054017,51.81012891341722],[-9.86213707525098,51.80884539261593],[-9.859473991425105,51.810477233505495],[-9.85864074686392,51.811420671525],[-9.861839951972845,51.81205548578906],[-9.859880318419213,51.81572631236065],[-9.85730588209643,51.81675294870399],[-9.865675668021247,51.81539860898091],[-9.869409113728992,51.81347487697997],[-9.873830551352082,51.81404226739727],[-9.872079006142247,51.8159278829924],[-9.878847658793685,51.81361235155944],[-9.876944399242909,51.81699091145933],[-9.877670741450041,51.81772201900396],[-9.8796924239717,51.818123725368935],[-9.883377124884564,51.8169280017329],[-9.881453951551116,51.81884292995598],[-9.881522293360755,51.81770619607317],[-9.879604338428592,51.81822926939742],[-9.881352956976531,51.818910850285434],[-9.878358725700679,51.82175471937222],[-9.881769394009645,51.82072573011445],[-9.881076820046912,51.820168997444036],[-9.883592013565673,51.81864768657376],[-9.884371982042369,51.816796632738814],[-9.885740910489439,51.81601173091028],[-9.88513635042032,51.81672301056181],[-9.886578188128336,51.816814986936194],[-9.889853201105273,51.814180458683566],[-9.888942115298361,51.81536691111534],[-9.891786290939343,51.81466967099065],[-9.891622339938158,51.816475786262494],[-9.894359984807922,51.815217613727086],[-9.894695755171645,51.81447448508339],[-9.893587983142062,51.81478960994354],[-9.896052567629607,51.81242350825226],[-9.89698451668774,51.812789146784525],[-9.896197140580133,51.81436148968047],[-9.897962799319204,51.8136905875795],[-9.8974793155859,51.814829207427906],[-9.901513165201072,51.81481453229594],[-9.90170966420139,51.81337581616559],[-9.90364123626651,51.81225812442805],[-9.90253384078535,51.811456887387116],[-9.903022129513628,51.809616095200795],[-9.901422727840076,51.81002164982576],[-9.90287076347191,51.807875883825865],[-9.901787014362748,51.8081126168438],[-9.908256616111817,51.80416469407308],[-9.911400292575573,51.80434294947962],[-9.910936985811311,51.80510699245543],[-9.922521538295394,51.8034400472419],[-9.9282263405911,51.805141800886034],[-9.927538895513107,51.804638648977964],[-9.936935625412652,51.80016333898069],[-9.93821263997114,51.80076513323429],[-9.941421842791803,51.799814797233246],[-9.940351150026546,51.80150681167096],[-9.94190669164534,51.8003577891833],[-9.94164742759241,51.80118347966376],[-9.944292395762313,51.800307735523376],[-9.947550090308964,51.80137030202721],[-9.950479862155959,51.8006948983639],[-9.954245103560583,51.7976209619725],[-9.957843806721279,51.79600783848117],[-9.959155869680721,51.79650491922078],[-9.962341623548507,51.7941585095397],[-9.962032863506522,51.79332041485833],[-9.962266182815604,51.79306277119508],[-9.970347350109826,51.78861266982717],[-9.97501487919267,51.7882535387686],[-9.97457704282735,51.789182229201735],[-9.977305288927393,51.78944151236107],[-9.976018186832286,51.79093938011235],[-9.976551795926701,51.79110678471494],[-9.979812022878932,51.78772450841306],[-9.977702242902891,51.787879808786776],[-9.979226884083033,51.78627653455436],[-9.981174884923275,51.78565068790345],[-9.981494257487796,51.786493878670136],[-9.981053250277819,51.78683009774789],[-9.981000718227222,51.786954567481274],[-9.981043165148748,51.787013468481184],[-9.990060454658458,51.78437462008646],[-9.989912862911895,51.78511871598512],[-9.991709235966374,51.784438035315674],[-9.991513525582187,51.78540449469744],[-9.994016169713237,51.78352082626863],[-9.990750814663965,51.783606155524815],[-9.993079061163598,51.78139824757263],[-9.995857355372774,51.781757842774894],[-9.995973826536053,51.77950701187586],[-10.002483915057427,51.77692832988658],[-10.003974112127246,51.77468935984782],[-10.006763845366281,51.77331705162203],[-10.00839598774897,51.774391482412156],[-10.009556224487346,51.77269368413989],[-10.00845155020198,51.773361790382936],[-10.011423788595609,51.77130103905005],[-10.015986960338447,51.77074145258043],[-10.021284694258073,51.77351724996269],[-10.033788614799416,51.773252269667935],[-10.033717850566829,51.77516254199811],[-10.036816716111948,51.77534644320728],[-10.034865077249485,51.77757458182728],[-10.038926191195143,51.77580611167432],[-10.044483405331855,51.770464329398266],[-10.045480752170057,51.77137984552531],[-10.047158941349915,51.77039391642259],[-10.046548396458778,51.772824434744095],[-10.048495860934203,51.77115438999635],[-10.051417262266567,51.77367317932422],[-10.053521858267183,51.771819756606526],[-10.051958921370442,51.7711726669939],[-10.05429024139322,51.77050624750887],[-10.053939274912675,51.76987060944287],[-10.055643206441562,51.76996879758327],[-10.053670617869145,51.77146834561102],[-10.054876769060222,51.771931427113465],[-10.062704793332005,51.76895392731006],[-10.059228605222565,51.76939404021783],[-10.064277845374397,51.76673789675364],[-10.06510676851955,51.767451857739665],[-10.067231684754228,51.7668104821671],[-10.06702086390935,51.76560378116124],[-10.068071877186297,51.76580563296057],[-10.067481343847405,51.7653292676269],[-10.063602238087578,51.76586189551791],[-10.05968322584314,51.767383710831254],[-10.05800625152015,51.76683363317483],[-10.058003185671788,51.76778072133501],[-10.053903278163055,51.76737199024573],[-10.053009188456707,51.766728381108976],[-10.055520277871246,51.765410457614855],[-10.05508310666973,51.76326217216284],[-10.054149714708483,51.7631275478785],[-10.055551821616435,51.761519039493415],[-10.067449257373896,51.758438865736736],[-10.071120558188184,51.760374907121026],[-10.074577735882954,51.75993577884644],[-10.075437770161678,51.76135470153591],[-10.079773605066247,51.76006347222903],[-10.08011954256258,51.75808522271236],[-10.079237774857813,51.757684900171824],[-10.080537429471699,51.756266865343264],[-10.08972653186046,51.75624328629059],[-10.093115444762756,51.75745649586878],[-10.100667288972687,51.755967734350044],[-10.102705366783882,51.754633120146124],[-10.10179578801903,51.753753194790185],[-10.104492907130629,51.75224555248125],[-10.103165478362374,51.751786139288974],[-10.104342090279767,51.751434426907736],[-10.103542546948297,51.750495290784976],[-10.100321042277589,51.7499613039861],[-10.100410904040482,51.74890768736558],[-10.10748075836331,51.748158805231384],[-10.106319610848525,51.74928909907064],[-10.109268400061161,51.74789667825192],[-10.111160423069993,51.74842586956604],[-10.12235951231413,51.74579374063407],[-10.127578907585418,51.74278976562037],[-10.125979304783304,51.74091401868521],[-10.126172799708742,51.7390795187237],[-10.12921864229648,51.73877486819117],[-10.129684008533012,51.73741147036965],[-10.133021143039949,51.7379355814976],[-10.131468039709913,51.73804689087338],[-10.133376674899937,51.73896905005823],[-10.132203621696629,51.739961787452735],[-10.135987599150464,51.739083442392676],[-10.135192642656465,51.74068838058718],[-10.138400425831183,51.74016190075954],[-10.140335841996666,51.74185582740327],[-10.13853741779284,51.74328533107064],[-10.135820560660726,51.74294711505437],[-10.135969301142822,51.744337791311324],[-10.133677468687273,51.745279229201905],[-10.13419477520528,51.74639161796821],[-10.132635053203591,51.74784306142918],[-10.127296663414432,51.750153523433404],[-10.127047760111983,51.751394409500854],[-10.12413259695361,51.75281015431657],[-10.126300567136326,51.7523493792009],[-10.125726338702151,51.752949386575],[-10.118056652148733,51.75709541659922],[-10.119403922824928,51.75726996266076],[-10.11785975244407,51.75890934103733],[-10.112401609789638,51.76075274827421],[-10.111752754154189,51.76242065519896],[-10.111466980910604,51.76239818008447],[-10.111133693780406,51.76222593559948],[-10.110934564835937,51.762222374439716],[-10.112174319753974,51.76281775266169],[-10.111513551602643,51.7634746081193],[-10.113570381830987,51.76453384709258],[-10.115053833578083,51.76289133319821],[-10.11936618276547,51.76528032373468],[-10.121774287497825,51.76395675843099],[-10.121490223984457,51.7618093053849],[-10.123207507146436,51.76025230809985],[-10.122257551373027,51.7573180995585],[-10.120879092121987,51.756576974174116],[-10.121578158347203,51.75597626593702],[-10.127890121568951,51.75990995157931],[-10.13005442756517,51.75994816535313],[-10.129805480384437,51.75887464539953],[-10.130780976164779,51.7594950543327],[-10.13111980155612,51.75937611985501],[-10.130735493279474,51.75854085839187],[-10.134759098556705,51.759755298905],[-10.14055560036458,51.759844970893745],[-10.143211561398878,51.75854550133391],[-10.145764623108533,51.75918082229947],[-10.143541698404801,51.75963278037296],[-10.144103512647893,51.760422316883826],[-10.142948602307762,51.76111695057102],[-10.146247740521524,51.76164020319761],[-10.146718578120307,51.763390412608416],[-10.145925977697965,51.76394486974107],[-10.14978473787919,51.76395951373909],[-10.15138711586982,51.765751699538306],[-10.161774440801498,51.76287578350969],[-10.160021081351072,51.76195240167368],[-10.166639104926928,51.76154376505013],[-10.163583534613851,51.76282340742921],[-10.165197618801987,51.76278022533982],[-10.16368411730182,51.76387012095302],[-10.165609291844058,51.76429620874204],[-10.16458934113263,51.76541061698113],[-10.165825615024893,51.76809889771904],[-10.169784738692108,51.76797433137173],[-10.170470866253261,51.76881529527745],[-10.17923728698353,51.76603064379288],[-10.183860978161784,51.76804775462742],[-10.183900139345642,51.7689582145684],[-10.185642422232268,51.76896466105404],[-10.184479327813332,51.76909383785826],[-10.188521789254823,51.7717850435427],[-10.187877629243424,51.77219736595485],[-10.191346492606675,51.77207894519593],[-10.190979407081228,51.77397028439866],[-10.194064566559069,51.773905564452285],[-10.19433392181751,51.77579394859731],[-10.199117765387939,51.778278167025164],[-10.207210120084198,51.7774121254677],[-10.2092687702977,51.77647377652668],[-10.20802027910898,51.77602146233172],[-10.208993634103452,51.77512081252781],[-10.214520881943187,51.77529261160088],[-10.213342478047402,51.77570385796324],[-10.223347042059428,51.77780121030218],[-10.225084441731173,51.78153513701489],[-10.223720468989397,51.782984879518466],[-10.216177017128103,51.78302432375996],[-10.214611564050854,51.78102157089237],[-10.206857749645222,51.780856603793204],[-10.20345295763528,51.782180887614004],[-10.201920883420467,51.78116465811142],[-10.19741393073089,51.78279333377765],[-10.19632518941882,51.785249426644704],[-10.193575278423813,51.78483325335283],[-10.193013580798073,51.786441410498405],[-10.1883879882889,51.78550325348381],[-10.18068665939244,51.7878847382395],[-10.180090633571496,51.788795598222066],[-10.18119435483993,51.790254155527485],[-10.178188276950992,51.79135176351414],[-10.177302721906665,51.79409546557443],[-10.180109757946832,51.797030702708014],[-10.17968053687452,51.799249469056214],[-10.171229408829646,51.805434497493025],[-10.1722129558385,51.806970797973555],[-10.179087568556291,51.809195575360135],[-10.17731920737737,51.81625186182511],[-10.175684416757425,51.818344040517566],[-10.175985298101104,51.81990038630622],[-10.172363748553005,51.8235554753596],[-10.173881756668697,51.827231055505614],[-10.180013694706455,51.832133526617255],[-10.19049438050326,51.833739612987294],[-10.194976896976332,51.835819582874],[-10.197303282320826,51.83839026324418],[-10.20591645978694,51.84260829839696],[-10.207152006092528,51.84656427506763],[-10.212933469395425,51.844340648660314],[-10.22194575280025,51.84459249918819],[-10.222199528097782,51.84549702524984],[-10.233442174637684,51.84498025354039],[-10.236079444365174,51.84220398116542],[-10.240420381738051,51.842069638559025],[-10.240755285792474,51.84385569815659],[-10.247148584038634,51.843327710511986],[-10.247981352208317,51.841861863392516],[-10.254316606712743,51.83836432454374],[-10.254489127607375,51.83525775404609],[-10.253553650874476,51.834071595171146],[-10.254695553172622,51.831452794335874],[-10.258382916524235,51.82956370231964],[-10.261586249052641,51.829862783253276],[-10.264734943558526,51.82682811463925],[-10.268159309062165,51.82644928430838],[-10.271988911780566,51.82356833536965],[-10.273047690575961,51.820980690859344],[-10.27202037620927,51.818354064496134],[-10.2734239345403,51.81682212605716],[-10.269786243847854,51.817873917057035],[-10.269329057046587,51.81941075941636],[-10.270640402216143,51.819505249704044],[-10.270459552858316,51.8202294278347],[-10.268323624399734,51.82006757575885],[-10.269536298799567,51.8169552586863],[-10.274696426817139,51.812174156556495],[-10.274307362782515,51.8108253036986],[-10.270744573859638,51.809553448426975],[-10.272995852135574,51.80873032237508],[-10.27155438799149,51.80801684091866],[-10.272612153132375,51.80685081385911],[-10.273870077588839,51.807786402829244],[-10.277392565916484,51.80569959477796],[-10.279768537112322,51.80668770923091],[-10.28025537993118,51.80523682737855],[-10.283658805107489,51.803087401935386],[-10.284739850498466,51.804099337019984],[-10.285726427869237,51.80299515290289],[-10.2889090373618,51.80302833215678],[-10.287631355256542,51.80457596179016],[-10.288550647572425,51.80435824162447],[-10.287926795800473,51.80584158719732],[-10.285616917745937,51.807962368504256],[-10.288523429098959,51.80860983302869],[-10.289273895236771,51.806814181504805],[-10.293045382346033,51.80529658882329],[-10.294896785776043,51.80209344697579],[-10.298488682872394,51.80148871749891],[-10.298584057142213,51.80273957480786],[-10.30773380080908,51.79472698644537],[-10.31025743462836,51.79403392746204],[-10.310456261660628,51.79527307078681],[-10.315654477447653,51.791598163737405],[-10.316971697086728,51.79167925784133],[-10.316312651857482,51.792929629525524],[-10.318401085763057,51.79159615113634],[-10.322809058453005,51.791343513308725],[-10.32538579286216,51.78846913609377],[-10.33069311780578,51.78852293205489],[-10.332020212000801,51.786916463539676],[-10.335643260577811,51.78672285277702],[-10.339635824268296,51.78436490731175],[-10.341491574837223,51.78517306084594],[-10.343481558292726,51.78361575402629],[-10.343930584406333,51.786124082801],[-10.341727622688463,51.78749135221073],[-10.341715317257771,51.78867926307911],[-10.346041588895877,51.7896812725461],[-10.343411029422763,51.79112581708424],[-10.34716772315886,51.79240179908315],[-10.34683324292183,51.79405968815951],[-10.348840426436986,51.796244365382016],[-10.351541621442937,51.79523086625656],[-10.352135735527822,51.796565974189846],[-10.353207482273197,51.79550592470735],[-10.353309303500184,51.796894382045366],[-10.354843044114789,51.79702412415779],[-10.353393606856118,51.79855328156136],[-10.349233144760717,51.79876893885175],[-10.34744173586737,51.80003081715455],[-10.34466532363148,51.799461962941706],[-10.33344170600142,51.804623868162295],[-10.335054519613946,51.80541270954478],[-10.332856689198897,51.80672344983755],[-10.334274122446791,51.80682603754927],[-10.333438703099825,51.80869100136191],[-10.334888630601323,51.80808234009627],[-10.333425604617348,51.8096056216591],[-10.334635628471272,51.81013476639292],[-10.339204532010715,51.8081914684099],[-10.335863832166506,51.81138220825119],[-10.33760370320345,51.81035612440146],[-10.336487998113022,51.811447601972624],[-10.337700438805804,51.8111477757129],[-10.337008974587924,51.81162790847536],[-10.33824743298909,51.8114394616342],[-10.337784395406425,51.81253702692901],[-10.340206395620688,51.81302471408667],[-10.337059088946773,51.81611125735923],[-10.339105936960173,51.81545898304276],[-10.337881293933773,51.816256439906695],[-10.33893329822285,51.816441756738605],[-10.338590703182756,51.81723636666506],[-10.337090512254717,51.81705887060421],[-10.333163488714858,51.819710228067606],[-10.334547293663249,51.82017385162264],[-10.332181174650584,51.82057840967749],[-10.333455309634815,51.82142258160895],[-10.331126401018091,51.821781298222646],[-10.331945254943014,51.82304971873131],[-10.333151201193914,51.82220559392175],[-10.332147713940515,51.823684126544734],[-10.335046127574497,51.823285388955256],[-10.334781914655464,51.82457011132956],[-10.33691414370485,51.82374552493388],[-10.338398241668468,51.82433040401413],[-10.336038933609682,51.82613705933708],[-10.337849490840165,51.826510121221546],[-10.337603408139383,51.82736845036394],[-10.334222797854224,51.8303295044564],[-10.336024700482707,51.830636125944864],[-10.334979301847996,51.83190229155622],[-10.336504233721431,51.83243891220959],[-10.335768688438536,51.83508939223476],[-10.336623808968566,51.83592408064558],[-10.331876847841077,51.83878121639509],[-10.333082569317671,51.839227326392994],[-10.332671113336982,51.84055831631802],[-10.334472924380197,51.840100642253674],[-10.334110264874306,51.842397900456255],[-10.336581011807594,51.84402942767304],[-10.335122617086736,51.84578677422705],[-10.337762009188927,51.84622648189647],[-10.342747046566949,51.84443916330244],[-10.342551891406465,51.84556913763898],[-10.343854128795195,51.84536371542768],[-10.343370942262199,51.8460320629214],[-10.349146055291055,51.8439974634864],[-10.347547697947938,51.844760419749406],[-10.350312380989598,51.84453252244727],[-10.350343732975325,51.84572254744471],[-10.35500655805307,51.844132374959],[-10.360194953607468,51.844840646993546],[-10.356353194952234,51.84741836612374],[-10.36456452926083,51.84578973040615],[-10.366071658415532,51.84427227618017],[-10.373156535526663,51.84182043948668],[-10.375256392500212,51.84238923694775],[-10.382910987561996,51.841313297438106],[-10.38418635400274,51.842163619749954],[-10.387070812357496,51.84160524982969],[-10.387286238518595,51.84242189477652],[-10.390437567093507,51.84097274399081],[-10.390612607254988,51.843624085932284],[-10.396898207484776,51.84295424366844],[-10.395894483320207,51.843971120583156],[-10.39772968120654,51.84364714402332],[-10.39789629187855,51.84456892803162],[-10.393068528635563,51.84589868297529],[-10.39441899633445,51.846172298649826],[-10.393441746618212,51.84737800184347],[-10.394888784727028,51.848063586348175],[-10.388468330275819,51.8530814495441],[-10.39034520344778,51.85376220620871],[-10.382583941805033,51.85996672734895],[-10.38651122933438,51.8610279497521],[-10.383759777438872,51.86365620248386],[-10.385048928233411,51.86449761593844],[-10.392110143397474,51.86309069969502],[-10.386708320698304,51.86618988449345],[-10.388883821270376,51.86622724030811],[-10.38583254316768,51.868329611492555],[-10.387468718588607,51.86822768603676],[-10.386332751187542,51.869064881234216],[-10.390474793702587,51.86883170171174],[-10.387177686800312,51.871177760950296],[-10.389365710673935,51.87151056149404],[-10.387304872432976,51.872534163836946],[-10.387556584514595,51.87327963358536],[-10.389976892535623,51.872360750399864],[-10.390316369931021,51.87367115350031],[-10.39362903938108,51.871921812163095],[-10.39171089366013,51.87395502301454],[-10.393370432503627,51.87458846688201],[-10.391102752051463,51.87601360392668],[-10.394281329903396,51.87534044774992],[-10.391442772542348,51.87749285299302],[-10.395405775285257,51.87652210539968],[-10.391929043811826,51.87841032526723],[-10.396011231596683,51.876975165471976],[-10.395752956649437,51.877335339253214],[-10.396401700806281,51.87749887637341],[-10.396144777786354,51.87828240219432],[-10.396306144208783,51.878385649060434],[-10.397571551887975,51.87671190939939],[-10.399286793747828,51.87693256147694],[-10.396574362639727,51.879127698020625],[-10.398330928815657,51.878962400545824],[-10.396682013443783,51.880631205331575],[-10.397878036034363,51.88069884004268],[-10.394865847395765,51.881715018732116],[-10.396098780283479,51.88212481995704],[-10.393450215715742,51.88366825737776],[-10.39459656230357,51.88430721958607],[-10.393461068587118,51.88613954207071],[-10.388337610924255,51.88561417979415],[-10.38838281482764,51.88430733530751],[-10.385778765451256,51.8832819411798],[-10.374737897568819,51.88567470153056],[-10.367218551766465,51.88559045087682],[-10.366821836120161,51.88681673929747],[-10.366511558465053,51.88588467545406],[-10.363186577373437,51.886409746149795],[-10.360442825360964,51.88541952631261],[-10.3586585937707,51.886352754395624],[-10.35061916119236,51.884749605564906],[-10.343766161846577,51.88930408564417],[-10.339386038411591,51.890241809780065],[-10.339187305586536,51.89150344935489],[-10.337676704942126,51.89207155252288],[-10.33332324367553,51.89076322434132],[-10.327270843508645,51.891197357112674],[-10.326609391236872,51.891524675054455],[-10.326931955739086,51.89207476849004],[-10.32650459940339,51.89223692168329],[-10.323674436240374,51.891136690085155],[-10.309742556293907,51.898119827745084],[-10.303835503300734,51.89787206869817],[-10.297937843014237,51.89490780805338],[-10.294729936213242,51.896316849763835],[-10.296196675546945,51.89694312108141],[-10.296413543267077,51.89832173499006],[-10.294844215453923,51.90105806777942],[-10.285665665731674,51.90265312107005],[-10.28251378913809,51.901900488018875],[-10.285299757131314,51.90344667614766],[-10.285302823378984,51.90530029196999],[-10.2783557374554,51.912316082519844],[-10.267356415957302,51.91364771143017],[-10.25750196741605,51.912962315281916],[-10.254153419712534,51.91793983326514],[-10.25212377423755,51.91754661526264],[-10.252369622827562,51.919590562124014],[-10.251260178238997,51.91977416007531],[-10.253444794489718,51.92188764872794],[-10.256704455187784,51.92371521975847],[-10.277235487928229,51.92861918871251],[-10.27811950717501,51.92779892902223],[-10.277410590983404,51.928681908908324],[-10.278408884735097,51.92966629585194],[-10.2677659963925,51.93449896244277],[-10.24778851343357,51.93930239992211],[-10.245364813311037,51.941823152431866],[-10.245752765635226,51.94354848626473],[-10.242397142366766,51.94370641065342],[-10.242184277366702,51.945780371641376],[-10.239852475283877,51.94564704765517],[-10.238512318940177,51.947196229192485],[-10.234950705438006,51.94746787605851],[-10.234421830721718,51.946700789684364],[-10.226314521170869,51.94881638843727],[-10.224799289023455,51.949614222706195],[-10.22611525915956,51.95087304547888],[-10.239621319117964,51.949209114508164],[-10.243012683172951,51.95039984494793],[-10.243954235942391,51.948342721994976],[-10.250618482059947,51.94765156457011],[-10.254716481311515,51.94568505958579],[-10.257271656966406,51.94731976170738],[-10.259161895076232,51.94677176426693],[-10.259778430956535,51.94944352658432],[-10.261813427329843,51.950852615930096],[-10.263089700727487,51.94792445837057],[-10.261780329454373,51.9467700636926],[-10.263750074394903,51.94257288214095],[-10.268246116309324,51.939637495217745],[-10.275109584159345,51.93887277552307],[-10.276763126747326,51.939127446938336],[-10.274695569106509,51.94140366079409],[-10.275588806500117,51.94449352765394],[-10.282890214563306,51.94657280589916],[-10.277636595868161,51.949287031072544],[-10.279425481850982,51.95194292597236],[-10.292421329204117,51.950855504332594],[-10.293677521294626,51.95192672543516],[-10.300638478787647,51.95012567562568],[-10.301636079659454,51.95114708720659],[-10.299758596960812,51.95191241405857],[-10.304282074904222,51.95145365417366],[-10.305058882211213,51.95262429195064],[-10.308576097021367,51.95094596842572],[-10.311190679772052,51.952918543519],[-10.3114914346969,51.9520064262638],[-10.320964015181758,51.95220691025375],[-10.321397987209748,51.95404956987878],[-10.31957599270343,51.95517840081018],[-10.318123513364766,51.95452568667152],[-10.319249321000262,51.95572127591751],[-10.318878215277325,51.95706088332865],[-10.311917263611505,51.958311071983275],[-10.31154126371028,51.960756447331065],[-10.308279314969504,51.960569273868344],[-10.308443342550838,51.96238183694484],[-10.306608782086967,51.96200737558124],[-10.305839414548794,51.962986128590856],[-10.304295098795418,51.96226889797922],[-10.30435539206532,51.96301575070544],[-10.302207735137548,51.963259334831974],[-10.300487559933005,51.96225236806906],[-10.297250291595203,51.96444539604686],[-10.292771877132102,51.964145030047405],[-10.2877342706159,51.969249942290574],[-10.283839682496568,51.96777099353937],[-10.28387460339737,51.968951322246994],[-10.282345624349066,51.96864118380748],[-10.282975250990186,51.96937633778283],[-10.279958546798984,51.970658171140414],[-10.274425163435906,51.96538235455016],[-10.272042904369638,51.96526998395138],[-10.268518195858839,51.96729681562743],[-10.265612657883167,51.964870243029246],[-10.264317874952496,51.964957716505396],[-10.263710935755348,51.967041823585745],[-10.265307095487536,51.96754166609434],[-10.264844031007705,51.968624338587055],[-10.265980211729351,51.96823504730705],[-10.265812666360974,51.96987748720406],[-10.268166916340387,51.97228839102923],[-10.26539437095882,51.978073782847],[-10.266727051151094,51.97799098314914],[-10.26561280996351,51.98028855642264],[-10.264144781455139,51.97931076896383],[-10.264445106362803,51.980623847043375],[-10.263122162712575,51.98204319688024],[-10.263796193039981,51.982856580751616],[-10.262033497568444,51.982258212366155],[-10.2614798636878,51.985628949506484],[-10.2598099338491,51.986469585811605],[-10.258971711129245,51.98770491785823],[-10.259975017546818,51.98833516652079],[-10.25704557002694,51.991814584819274],[-10.25526048146893,51.99195490203407],[-10.25579759606053,51.99006884246319],[-10.254944741672185,51.98934847625887],[-10.252810984650798,51.98959031348528],[-10.251643052182956,51.99118401015006],[-10.249031293740588,51.99094809265247],[-10.246559896023355,51.992362308784486],[-10.243105581617716,51.99140557725073],[-10.241572843888353,51.99337758728659],[-10.237750825841283,51.99363433369501],[-10.236285732381601,51.99248735564273],[-10.232102038024118,51.99417164138104],[-10.230411882651104,51.99326068147236],[-10.228387557941664,51.99583459648495],[-10.224669484990496,51.99696534501844],[-10.224878536641626,51.99483996767509],[-10.223661434945885,51.993557748029666],[-10.21543622127036,51.99090303087677],[-10.215133681998932,51.98922668749342],[-10.21265050346709,51.988354758874145],[-10.213744335000904,51.98946958435782],[-10.210788166814687,51.992359620932376],[-10.211646240867381,51.99414848572396],[-10.211266166378492,51.998011217238265],[-10.208216077268029,51.99971433408194],[-10.207253324374271,52.002350697834075],[-10.200124763955118,52.00548233848639],[-10.199255965485584,52.00465924519672],[-10.199208233893847,52.005729430369264],[-10.191418063329523,52.00983693724075],[-10.189062882624606,52.00951342693854],[-10.182661580855159,52.01225682914358],[-10.182181044527955,52.01128222429807],[-10.176422817870158,52.012344828623085],[-10.173908109842825,52.01183201562809],[-10.169373632514738,52.014319444785656],[-10.162892114323524,52.014205646604275],[-10.16244986487029,52.015166438719326],[-10.161763898738176,52.01462000383213],[-10.158997516411558,52.015996719673325],[-10.160392903964269,52.01616803836139],[-10.157908173451737,52.01812663925277],[-10.15737674931084,52.01619678452851],[-10.156591442529418,52.016423991864976],[-10.154829634446656,52.0216814259989],[-10.149590600653701,52.023936863554276],[-10.146963581293525,52.02384374197278],[-10.147072014488318,52.02261878212829],[-10.145505087698561,52.02201642382613],[-10.143380440212827,52.02542951307332],[-10.139029830544795,52.02718384929912],[-10.136606968692787,52.02659919000357],[-10.1314130603057,52.0294769692488],[-10.13215398082238,52.02563340348892],[-10.13061340921053,52.0248191131988],[-10.124698733046312,52.02683921470085],[-10.124350800330198,52.0257016828444],[-10.123495164431752,52.02651082525122],[-10.119361680695613,52.02634330413046],[-10.119153055718053,52.02478076347299],[-10.117115263012698,52.02711653551481],[-10.114055224267219,52.027920153912895],[-10.113355589358756,52.02719168400709],[-10.107567743470476,52.02947841560898],[-10.10683493424951,52.028315725145994],[-10.108188422098625,52.027549328815454],[-10.10642681074515,52.02544262353351],[-10.100844276645724,52.02455949818344],[-10.101955070102607,52.02605236805539],[-10.101143957347816,52.02768368473229],[-10.09771134057952,52.02880422129366],[-10.0919514077426,52.032975709944964],[-10.090027728950345,52.03275094757127],[-10.090443785505448,52.03209746114402],[-10.087226496087034,52.03277687886548],[-10.086840094172446,52.03191907636863],[-10.087089470279702,52.03281018001385],[-10.08434965777012,52.0343219347973],[-10.076646482289911,52.03544577350165],[-10.074469244506929,52.0375154925792],[-10.070449760192487,52.03676195377155],[-10.068976775603488,52.039029039699194],[-10.066852677289921,52.039735310980255],[-10.063384188571325,52.03922492989207],[-10.056664205631286,52.04046508747085],[-10.044625389075,52.036905262308416],[-10.030872480742557,52.03667310624043],[-10.023824690258747,52.0383403991035],[-10.02165773571937,52.04042176648908],[-10.017754374518207,52.0418296297672],[-9.978640476413165,52.052492161672326],[-9.975384150882595,52.05674385457362],[-9.973096265182047,52.06944922420295],[-9.975526442666336,52.0795528027953],[-9.973137684128472,52.0857221700387],[-9.967697528667514,52.09031412870086],[-9.962926396413778,52.09049624649533],[-9.959330016737331,52.090017208718585],[-9.957753014133605,52.089241120817164],[-9.959101036952369,52.08970532724994],[-9.959957661713656,52.08878220845303],[-9.959591954529094,52.08929500975371],[-9.963744914536711,52.09022594169985],[-9.960517276368623,52.088486528244054],[-9.966224136838282,52.08626932602023],[-9.968813149039471,52.083847990131154],[-9.969171070700341,52.078401691444554],[-9.967663543368776,52.07653921197427],[-9.967463018529044,52.073956164084386],[-9.966653633436703,52.07261279140442],[-9.964397235587448,52.07151352673563],[-9.962982365657485,52.06992987341057],[-9.965315179976821,52.07137427198198],[-9.968743463562138,52.07034474406269],[-9.97021129890205,52.065353562149134],[-9.972411900563472,52.062270699270165],[-9.972577825991861,52.059595751226354],[-9.975426184047418,52.055411594245165],[-9.967165010481,52.05691954441877],[-9.967382802648796,52.058970685266125],[-9.965119221119961,52.05888837247754],[-9.960922491559609,52.06092906052735],[-9.961908090875301,52.061522814915136],[-9.959652253429395,52.06141184942335],[-9.960682073927595,52.06180524281974],[-9.957834338673639,52.06274679713397],[-9.959000255953814,52.0627308420724],[-9.958122630961475,52.06367109430548],[-9.957274378286378,52.06289996144792],[-9.957065701659463,52.064302422564],[-9.955517942616513,52.065105824094246],[-9.952513827306289,52.06494968188265],[-9.950255239565891,52.067507422996634],[-9.950228733189384,52.06964968251632],[-9.948448589121224,52.0722733638071],[-9.941378029802278,52.074599359624024],[-9.934571480158699,52.078844987336886],[-9.933824238165066,52.078033048601306],[-9.935971207140225,52.07377064249211],[-9.933120645129755,52.06894932133284],[-9.92991439916885,52.06687370453002],[-9.925926908951581,52.067438504395724],[-9.924957717040838,52.06508487214558],[-9.924433148521183,52.06622923431992],[-9.92294870205183,52.06626656931449],[-9.922807502598628,52.066587447260176],[-9.92497391464264,52.06710865980315],[-9.923507187715888,52.0679563593909],[-9.923974207285424,52.06887866229378],[-9.920760384006709,52.06814922720321],[-9.922500413485889,52.06787771137273],[-9.92112275478543,52.0667700085486],[-9.91996264472253,52.06787089568065],[-9.915509400431636,52.0660568942599],[-9.912131407972883,52.067175013050004],[-9.913955003080638,52.06712516785528],[-9.912236581222514,52.06792334090206],[-9.908567951642675,52.06804738109416],[-9.905907801511473,52.068991624891574],[-9.90327044106433,52.06840743131634],[-9.906718155020481,52.06931700900787],[-9.916542663083696,52.067182850451225],[-9.916771035263883,52.06778319843753],[-9.915367290468907,52.06897224862438],[-9.91566421696899,52.069275035659544],[-9.925695465114831,52.072390452778215],[-9.922021732355649,52.07315782147823],[-9.9240100664366,52.073764738682236],[-9.92320087524444,52.075145244188356],[-9.919787077006761,52.075625712745314],[-9.923916911827558,52.07651932517508],[-9.924208170061918,52.07816982617416],[-9.924476727059247,52.07662827750604],[-9.926141654018839,52.07696454383712],[-9.924607167116417,52.075718398701014],[-9.92706778711676,52.07554349320434],[-9.92755363665251,52.07429369828498],[-9.929630255439164,52.07479995213823],[-9.929920374217296,52.081448938710494],[-9.93570572875805,52.08482534167464],[-9.92943724783182,52.090391069695166],[-9.925921600522889,52.09504059155025],[-9.911595282765317,52.10081345248253],[-9.910363500651927,52.104006542126086],[-9.908079663252645,52.106325622442995],[-9.90749870925424,52.11031539939073],[-9.903525707268521,52.11197505124781],[-9.899622742953515,52.12215165343855],[-9.898787757070014,52.130137787260736],[-9.900765376804895,52.134806336424354],[-9.899550306342318,52.13908079882768],[-9.895889611527553,52.13817764020475],[-9.893776777627828,52.13626539228896],[-9.896428389975812,52.13484086604273],[-9.895440390135416,52.13692864831591],[-9.899048868551562,52.13861713629972],[-9.898155646615491,52.137051800554936],[-9.899660848379844,52.13615325441437],[-9.898884481115692,52.13535410037699],[-9.900205995170344,52.135238934888534],[-9.898750183031105,52.13523711006047],[-9.899956237782945,52.13397094860524],[-9.89755135764365,52.13371486236261],[-9.898335996040434,52.13255794915932],[-9.899290636726422,52.13358763303671],[-9.89948884618899,52.13334171000726],[-9.89822517356944,52.13043815869534],[-9.896648435815909,52.13201622372716],[-9.89733919915727,52.13277962334566],[-9.893609505216768,52.133787752540314],[-9.896326152249378,52.13313210298892],[-9.89505187966936,52.13381659278304],[-9.896588879094747,52.13430214869144],[-9.890257543021823,52.13321457297765],[-9.891568454899817,52.12489143959416],[-9.89498424928663,52.12021876964816],[-9.893716611278197,52.118556904462395],[-9.894260911782137,52.117260242135075],[-9.891223569689604,52.11586943381298],[-9.890909014122217,52.114439172096866],[-9.894199411237667,52.11384006513138],[-9.893207972607593,52.112673959572554],[-9.895060957787432,52.112568182031765],[-9.893404497562893,52.11187344293783],[-9.895436938139037,52.110291807481076],[-9.89440719415351,52.110359416164506],[-9.895004933874226,52.109234839085865],[-9.89317774803357,52.11087163311663],[-9.891730263379905,52.109469479443725],[-9.890172750676832,52.109648168245876],[-9.891049937359686,52.109398137586794],[-9.889953626796604,52.109428783598354],[-9.890117465433667,52.11062317626273],[-9.887818079376297,52.110995945897706],[-9.884344240190387,52.111155059842844],[-9.88367102257116,52.11035175764211],[-9.882084734134857,52.11125475453077],[-9.88315256283002,52.111658575358916],[-9.882951628145783,52.11278184914466],[-9.881642283293582,52.111196919562786],[-9.880753032864996,52.11110481390062],[-9.881530509526682,52.11161546207135],[-9.879938806069124,52.112816956580275],[-9.880318256429463,52.11123308828016],[-9.87978791566608,52.112117064706275],[-9.877411535722825,52.11202348633201],[-9.878449957367101,52.11251196427512],[-9.877458338949506,52.113103984976846],[-9.875926346563029,52.11223168751456],[-9.87499146426384,52.113541668614914],[-9.87326022773574,52.112418134269376],[-9.864328515321626,52.114720199542404],[-9.861397744604114,52.114075133281105],[-9.857147625992873,52.1155417097369],[-9.855774874733902,52.11730967336184],[-9.851067453203498,52.11498806315235],[-9.85173890793235,52.11594240898738],[-9.850325303053568,52.115721778962396],[-9.85176377989618,52.116005900884325],[-9.850107442617041,52.11583179233615],[-9.850919608965386,52.11479896160753],[-9.84759144549292,52.11219316841512],[-9.848851551841788,52.11452129874015],[-9.846181586950195,52.11486217816901],[-9.848920932231987,52.11684387891246],[-9.846464295361645,52.11893210128572],[-9.848445575167792,52.118836367971326],[-9.845348281147384,52.11966322527764],[-9.846201045209831,52.12118295448553],[-9.846163734792535,52.12012228537977],[-9.848189068207441,52.11968058104573],[-9.848233062825186,52.120665162085714],[-9.841336497468275,52.12435499941225],[-9.83456551715509,52.12597325165815],[-9.833911969187715,52.127435633230746],[-9.826024655398923,52.127043507899444],[-9.826965204396465,52.12580470827609],[-9.8249948316102,52.126757429455544],[-9.824557212297563,52.125279906720316],[-9.820801776476465,52.125514548493065],[-9.819608934565997,52.123942229607195],[-9.818844338532982,52.12387017980974],[-9.820206595902944,52.12597290188462],[-9.818643199157963,52.12650883384342],[-9.819237848721787,52.12817961917515],[-9.817175449799354,52.126859112521736],[-9.817890335158548,52.12835185798376],[-9.817091432229564,52.129329194200054],[-9.815330766878619,52.12912630254904],[-9.81552533819154,52.12823034050917],[-9.810306012658904,52.129994612924904],[-9.81275344443316,52.129400074376896],[-9.8120629487812,52.13016006827998],[-9.81283766438332,52.13044446495633],[-9.814503174071783,52.12909913672634],[-9.814142174676022,52.1302975784994],[-9.815763856327509,52.13005530084769],[-9.813925053975478,52.131414972943645],[-9.813683788707193,52.13091973709135],[-9.812432394111752,52.131093418726415],[-9.813499235273934,52.13159019189632],[-9.811960970741112,52.13190516961334],[-9.812957706819683,52.132055844828635],[-9.811717676942491,52.13225700573963],[-9.81007813247749,52.13116603233927],[-9.810967312273318,52.13022958387283],[-9.810111100441482,52.12999196901262],[-9.808803564635147,52.13081324211824],[-9.806150902801571,52.1303653732419],[-9.806433493699366,52.13128487039822],[-9.803737160992691,52.12936000453778],[-9.802782388221843,52.130540612810684],[-9.80067430734168,52.12932283240348],[-9.799918764170751,52.1304379302982],[-9.794597464184843,52.13054785348769],[-9.789713961796803,52.13459052402644],[-9.793114926278268,52.137169972665205],[-9.79804966549931,52.13722607247274],[-9.797139052917178,52.138114165498166],[-9.799726934689959,52.140925087824975],[-9.798029308562157,52.14233093017856],[-9.79939124235493,52.143249665285815],[-9.796551661790422,52.144463865613545],[-9.79717872484521,52.146713197201244],[-9.791806173454232,52.15163323474451],[-9.792730700367262,52.15272949881527],[-9.792648741807461,52.155572914901796],[-9.79432004936845,52.15601093981064],[-9.794155906856776,52.15737255518673],[-9.797809150716764,52.15735025122313],[-9.799792922412317,52.1598229219564],[-9.798465321640517,52.162265466601546],[-9.80105349982041,52.15957467855931],[-9.802321665684332,52.16007893435982],[-9.800315058992009,52.1615300315069],[-9.800816298839438,52.16202596167399],[-9.800294269554595,52.162361835918304],[-9.800308727659058,52.16309485234395],[-9.800625645645349,52.163825381607865],[-9.80130158164812,52.16207076323125],[-9.8031352905054,52.16106167112941],[-9.80292141267374,52.159724871829916],[-9.803598829765443,52.1606112401375],[-9.804458548370786,52.16041881320213],[-9.805190683679873,52.15868493997885],[-9.804334599952282,52.15860894333874],[-9.80920993650427,52.15678313367097],[-9.81150229586461,52.15405780117714],[-9.813936766728695,52.15342640007778],[-9.817915835665614,52.15402168039914],[-9.819448656322528,52.155284434893126],[-9.820442543218,52.156371881879565],[-9.819149601684906,52.15671633247269],[-9.818425170021168,52.158427945715296],[-9.81863496931181,52.15581331014617],[-9.818295250770095,52.158603525101526],[-9.81845489521954,52.15913990624102],[-9.82030648561785,52.159547015007526],[-9.819590964155294,52.159604777834744],[-9.821366896297626,52.16111050988805],[-9.820598422706261,52.16145160259894],[-9.822071760887441,52.16174423883885],[-9.823011941347596,52.161761101315484],[-9.820838663752816,52.159627502046405],[-9.822096830002744,52.15949741256345],[-9.822167619455875,52.16056976151531],[-9.824125110595908,52.15950755309151],[-9.825174591785231,52.16032129452486],[-9.824846669412347,52.15956001980289],[-9.826383695651982,52.159981663804245],[-9.828921939923722,52.158282373868474],[-9.839972110378659,52.15715322474994],[-9.852846202649195,52.1590919418414],[-9.857420297877841,52.15845733339692],[-9.864943729680855,52.159577976570056],[-9.867289690424327,52.15871884182822],[-9.870624902031633,52.155035852390945],[-9.88240093491122,52.15678408641399],[-9.889565614236112,52.154557812495185],[-9.88977083505478,52.153119386246836],[-9.899372764219441,52.1539671055743],[-9.91983619156458,52.14988326957625],[-9.922973098310372,52.14804020334863],[-9.929402679058335,52.1484648061606],[-9.936650425240723,52.146462244177634],[-9.952682208052172,52.14632366201369],[-9.956941880541596,52.14448415755993],[-9.95839297011779,52.142441788067615],[-9.959898167971039,52.143190523749446],[-9.963332163707788,52.14157409139027],[-9.974667102196005,52.14330743691778],[-9.96788694632091,52.14059593908468],[-9.961692642716784,52.13566500018543],[-9.951560839718194,52.13428061329326],[-9.952470188996731,52.130950490351985],[-9.951760087903065,52.129776756268264],[-9.950179363507969,52.12922827129002],[-9.949915162400796,52.12802782047146],[-9.945832832531824,52.1269387654785],[-9.946904244945992,52.12147398730406],[-9.945015870710511,52.119614621392365],[-9.945307661871412,52.118403267302824],[-9.941488679884868,52.11510136422762],[-9.933959459239103,52.11304712339956],[-9.932419677461416,52.111292911196514],[-9.936734880270453,52.1061334546327],[-9.947614439468643,52.10672950411637],[-9.95731909614895,52.11273350451691],[-9.972607502570872,52.13115343309626],[-9.982311241356804,52.1410744213064],[-9.98679287050099,52.143580318067535],[-9.997393395491489,52.14232822223474],[-10.003315833320825,52.14039107638063],[-10.020509431542083,52.13929377898249],[-10.0273747273214,52.13765010325517],[-10.031984866051078,52.13871778861322],[-10.040662680568952,52.135683593703966],[-10.045644145533494,52.135547814543386],[-10.051134536160019,52.13728180339167],[-10.052540684191875,52.134548010611844],[-10.057877794479749,52.13415110683203],[-10.07237672886712,52.12871038914933],[-10.081527939751695,52.12864427130015],[-10.090418387946196,52.125786430328674],[-10.09184063635787,52.12389703363006],[-10.094223056207614,52.12337055115876],[-10.098224755945155,52.12384783875278],[-10.099537239994886,52.12505166780499],[-10.102073688573048,52.124768832186774],[-10.104126583933576,52.12640867606862],[-10.109224911603182,52.1266443571931],[-10.111670242360562,52.12475771187562],[-10.112499379375887,52.121430148883206],[-10.115866358753975,52.11873663392788],[-10.119092515693932,52.1184674589088],[-10.12419990986031,52.11484557649095],[-10.129157718346645,52.114056286805564],[-10.132084140588516,52.114969810489185],[-10.137534210047148,52.11221131349302],[-10.139756067923212,52.1120791695279],[-10.139117740215081,52.11319410544437],[-10.141099938028495,52.11264295746903],[-10.140265545615902,52.113372547967245],[-10.142801056488363,52.11396670790744],[-10.14804681933672,52.112794275062434],[-10.140810949434186,52.11768144117614],[-10.141172433489023,52.11880019573197],[-10.143684609948082,52.118755683936264],[-10.14390721410128,52.11965422952167],[-10.147179395837526,52.118809782427626],[-10.146474249884566,52.11932164395714],[-10.148226839609139,52.119082307592926],[-10.14751106292541,52.11980120101792],[-10.14953374591582,52.12038260665477],[-10.154729515190862,52.11984661817292],[-10.154861535777659,52.121236819743935],[-10.157519142093122,52.11993472338316],[-10.157168781059314,52.121178371253855],[-10.158913302780292,52.121465166608296],[-10.165128530351334,52.11669082471421],[-10.175612286415046,52.114608210622244],[-10.178859012182336,52.1127364532601],[-10.180250797982296,52.11300775817708],[-10.181938061361443,52.111262728813905],[-10.190370347822633,52.10998880831668],[-10.194499099798833,52.107681063643845],[-10.199578086851842,52.10926815868409],[-10.194146393673195,52.111308750194105],[-10.196079203550733,52.111787147631915],[-10.19424247544265,52.11276853471209],[-10.200685122894008,52.11359960904955],[-10.203673879902102,52.11254217611344],[-10.2037176763943,52.11410171045387],[-10.201765132360277,52.116087885440194],[-10.204516742500543,52.11610440056291],[-10.204242447173838,52.1191414729844],[-10.20525433337655,52.12058720297912],[-10.211033188840977,52.12245188271815],[-10.21523311400239,52.12227709550773],[-10.21233102314221,52.126623411097164],[-10.212690610832814,52.12972201023391],[-10.211338246927594,52.13191121269006],[-10.204380070421458,52.13374016038836],[-10.204240097487412,52.13482899017721],[-10.203577194130235,52.13484391905216],[-10.20253247911385,52.13539131508861],[-10.204324124375102,52.135027914072744],[-10.203259060634496,52.135794020119356],[-10.204333955197146,52.1358444369575],[-10.203941523562548,52.13706886883054],[-10.20464886227557,52.13720274347478],[-10.205617193225645,52.136316758815205],[-10.204680511748135,52.1364848878703],[-10.205148081343522,52.134804888131676],[-10.209364272772007,52.13554828713316],[-10.212053196344442,52.1344812684717],[-10.216342503787732,52.13573471849675],[-10.215430396502784,52.13609050612786],[-10.21668716729978,52.13598436612247],[-10.215685333678044,52.13716042998716],[-10.217236629385752,52.136415210869174],[-10.217495044424192,52.13746276043694],[-10.218777202645622,52.136133979956774],[-10.217675430009624,52.13598625865747],[-10.21807786435268,52.13473183144472],[-10.22015130542388,52.13399633687504],[-10.221747096733125,52.13479106257034],[-10.22145875085422,52.134054102567916],[-10.222487707602362,52.13368399032652],[-10.22263960753294,52.13423864137221],[-10.223117228584147,52.13401918664202],[-10.22355131701033,52.1334062933316],[-10.222127999632253,52.13328238102146],[-10.223933677673525,52.132785203950796],[-10.221260590589427,52.13139705380401],[-10.219273378752364,52.132188691383064],[-10.214786389854376,52.131445692440685],[-10.215448337583215,52.129275306922025],[-10.214274622496099,52.12827389004073],[-10.21424100208873,52.125705136304276],[-10.216679188903347,52.12517805099159],[-10.218303829018593,52.12379729296697],[-10.217868245183778,52.1229177733396],[-10.221944466108235,52.12131718394135],[-10.22183118910133,52.11996824284226],[-10.22013738819703,52.11930000134655],[-10.221807694652284,52.117941679447874],[-10.22432471491073,52.1185031107463],[-10.222383004239175,52.11898244687973],[-10.222582343484236,52.11935515448365],[-10.225210499741907,52.118917627337375],[-10.225135162274396,52.12009860707307],[-10.228746910530488,52.11877483013183],[-10.235557407463965,52.118368574329786],[-10.23439408612447,52.11939517560646],[-10.237168762132223,52.11963168502395],[-10.239838457813969,52.11840564654535],[-10.244105401142793,52.118670426079504],[-10.248153963662698,52.11645660803027],[-10.251386554096026,52.11838992228127],[-10.25023506243514,52.1215109549224],[-10.252872233248869,52.12161667066798],[-10.252729025758997,52.12249605341344],[-10.25862606455916,52.12130017437654],[-10.260126997696844,52.12352905444773],[-10.26237752502085,52.12403553140374],[-10.261658170300043,52.128337718703065],[-10.26724820449812,52.13323545229035],[-10.271286655514468,52.133134250983645],[-10.273615006658746,52.134810023210925],[-10.272400744062324,52.13713018933798],[-10.273969351650608,52.137486442720395],[-10.271947136780248,52.13839946485278],[-10.274786682101569,52.13886322260976],[-10.27513678237924,52.13707027609232],[-10.275139037976224,52.13878271842462],[-10.277921106149302,52.13887009749331],[-10.2781672937501,52.137383891579084],[-10.276493173583857,52.13668404621569]]]}}]}